run_time,status,rows,latest_date,best_threshold,full_file,top10_file,latest_top10_file,api_status,api_input_file,api_guarded_file,api_latest_top10_file,message,api_historical_top10_file,api_reliability_report_file,model_mode,model_name
2026-04-29 00:02:56,success,75555,2025-12-30,0.85,d:\Rajasthan Climate Risk Command System\outputs\daily_alerts_auto.csv,d:\Rajasthan Climate Risk Command System\outputs\daily_top10_auto.csv,d:\Rajasthan Climate Risk Command System\outputs\latest_day_top10_auto.csv,,,,,,,,,
2026-04-29 01:33:13,partial_success,75555,2025-12-30,0.85,d:\Rajasthan Climate Risk Command System\outputs\daily_alerts_auto.csv,d:\Rajasthan Climate Risk Command System\outputs\daily_top10_auto.csv,d:\Rajasthan Climate Risk Command System\outputs\latest_day_top10_auto.csv,failed,,,,"API fetch failed.
STDOUT:
Failed district: Ajmer | error: HTTPSConnectionPool(host='api.open-meteo.com', port=443): Max retries exceeded with url: /v1/forecast?latitude=26.45&longitude=74.64&daily=temperature_2m_max%2Ctemperature_2m_min%2Cprecipitation_sum&timezone=Asia%2FKolkata&forecast_days=2 (Caused by NewConnectionError(""HTTPSConnection(host='api.open-meteo.com', port=443): Failed to establish a new connection: [WinError 10013] An attempt was made to access a socket in a way forbidden by its access permissions""))
Failed district: Alwar | error: HTTPSConnectionPool(host='api.open-meteo.com', port=443): Max retries exceeded with url: /v1/forecast?latitude=27.56&longitude=76.61&daily=temperature_2m_max%2Ctemperature_2m_min%2Cprecipitation_sum&timezone=Asia%2FKolkata&forecast_days=2 (Caused by NewConnectionError(""HTTPSConnection(host='api.open-meteo.com', port=443): Failed to establish a new connection: [WinError 10013] An attempt was made to access a socket in a way forbidden by its access permissions""))
Failed district: Banswara | error: HTTPSConnectionPool(host='api.open-meteo.com', port=443): Max retries exceeded with url: /v1/forecast?latitude=23.55&longitude=74.44&daily=temperature_2m_max%2Ctemperature_2m_min%2Cprecipitation_sum&timezone=Asia%2FKolkata&forecast_days=2 (Caused by NewConnectionError(""HTTPSConnection(host='api.open-meteo.com', port=443): Failed to establish a new connection: [WinError 10013] An attempt was made to access a socket in a way forbidden by its access permissions""))
Failed district: Barmer | error: HTTPSConnectionPool(host='api.open-meteo.com', port=443): Max retries exceeded with url: /v1/forecast?latitude=25.75&longitude=71.38&daily=temperature_2m_max%2Ctemperature_2m_min%2Cprecipitation_sum&timezone=Asia%2FKolkata&forecast_days=2 (Caused by NewConnectionError(""HTTPSConnection(host='api.open-meteo.com', port=443): Failed to establish a new connection: [WinError 10013] An attempt was made to access a socket in a way forbidden by its access permissions""))
Failed district: Bhilwara | error: HTTPSConnectionPool(host='api.open-meteo.com', port=443): Max retries exceeded with url: /v1/forecast?latitude=25.35&longitude=74.64&daily=temperature_2m_max%2Ctemperature_2m_min%2Cprecipitation_sum&timezone=Asia%2FKolkata&forecast_days=2 (Caused by NewConnectionError(""HTTPSConnection(host='api.open-meteo.com', port=443): Failed to establish a new connection: [WinError 10013] An attempt was made to access a socket in a way forbidden by its access permissions""))
Failed district: Bikaner | error: HTTPSConnectionPool(host='api.open-meteo.com', port=443): Max retries exceeded with url: /v1/forecast?latitude=28.02&longitude=73.31&daily=temperature_2m_max%2Ctemperature_2m_min%2Cprecipitation_sum&timezone=Asia%2FKolkata&forecast_days=2 (Caused by NewConnectionError(""HTTPSConnection(host='api.open-meteo.com', port=443): Failed to establish a new connection: [WinError 10013] An attempt was made to access a socket in a way forbidden by its access permissions""))
Failed district: Bundi | error: HTTPSConnectionPool(host='api.open-meteo.com', port=443): Max retries exceeded with url: /v1/forecast?latitude=25.44&longitude=75.64&daily=temperature_2m_max%2Ctemperature_2m_min%2Cprecipitation_sum&timezone=Asia%2FKolkata&forecast_days=2 (Caused by NewConnectionError(""HTTPSConnection(host='api.open-meteo.com', port=443): Failed to establish a new connection: [WinError 10013] An attempt was made to access a socket in a way forbidden by its access permissions""))
Failed district: Chittaurgarh | error: HTTPSConnectionPool(host='api.open-meteo.com', port=443): Max retries exceeded with url: /v1/forecast?latitude=24.89&longitude=74.63&daily=temperature_2m_max%2Ctemperature_2m_min%2Cprecipitation_sum&timezone=Asia%2FKolkata&forecast_days=2 (Caused by NewConnectionError(""HTTPSConnection(host='api.open-meteo.com', port=443): Failed to establish a new connection: [WinError 10013] An attempt was made to access a socket in a way forbidden by its access permissions""))
Failed district: Churu | error: HTTPSConnectionPool(host='api.open-meteo.com', port=443): Max retries exceeded with url: /v1/forecast?latitude=28.3&longitude=74.96&daily=temperature_2m_max%2Ctemperature_2m_min%2Cprecipitation_sum&timezone=Asia%2FKolkata&forecast_days=2 (Caused by NewConnectionError(""HTTPSConnection(host='api.open-meteo.com', port=443): Failed to establish a new connection: [WinError 10013] An attempt was made to access a socket in a way forbidden by its access permissions""))
Failed district: Dhaulpur | error: HTTPSConnectionPool(host='api.open-meteo.com', port=443): Max retries exceeded with url: /v1/forecast?latitude=26.7&longitude=77.89&daily=temperature_2m_max%2Ctemperature_2m_min%2Cprecipitation_sum&timezone=Asia%2FKolkata&forecast_days=2 (Caused by NewConnectionError(""HTTPSConnection(host='api.open-meteo.com', port=443): Failed to establish a new connection: [WinError 10013] An attempt was made to access a socket in a way forbidden by its access permissions""))
Failed district: Ganganagar | error: HTTPSConnectionPool(host='api.open-meteo.com', port=443): Max retries exceeded with url: /v1/forecast?latitude=29.91&longitude=73.88&daily=temperature_2m_max%2Ctemperature_2m_min%2Cprecipitation_sum&timezone=Asia%2FKolkata&forecast_days=2 (Caused by NewConnectionError(""HTTPSConnection(host='api.open-meteo.com', port=443): Failed to establish a new connection: [WinError 10013] An attempt was made to access a socket in a way forbidden by its access permissions""))
Failed district: Hanumangarh | error: HTTPSConnectionPool(host='api.open-meteo.com', port=443): Max retries exceeded with url: /v1/forecast?latitude=29.58&longitude=74.33&daily=temperature_2m_max%2Ctemperature_2m_min%2Cprecipitation_sum&timezone=Asia%2FKolkata&forecast_days=2 (Caused by NewConnectionError(""HTTPSConnection(host='api.open-meteo.com', port=443): Failed to establish a new connection: [WinError 10013] An attempt was made to access a socket in a way forbidden by its access permissions""))
Failed district: Jaipur | error: HTTPSConnectionPool(host='api.open-meteo.com', port=443): Max retries exceeded with url: /v1/forecast?latitude=26.91&longitude=75.79&daily=temperature_2m_max%2Ctemperature_2m_min%2Cprecipitation_sum&timezone=Asia%2FKolkata&forecast_days=2 (Caused by NewConnectionError(""HTTPSConnection(host='api.open-meteo.com', port=443): Failed to establish a new connection: [WinError 10013] An attempt was made to access a socket in a way forbidden by its access permissions""))
Failed district: Jaisalmer | error: HTTPSConnectionPool(host='api.open-meteo.com', port=443): Max retries exceeded with url: /v1/forecast?latitude=26.91&longitude=70.91&daily=temperature_2m_max%2Ctemperature_2m_min%2Cprecipitation_sum&timezone=Asia%2FKolkata&forecast_days=2 (Caused by NewConnectionError(""HTTPSConnection(host='api.open-meteo.com', port=443): Failed to establish a new connection: [WinError 10013] An attempt was made to access a socket in a way forbidden by its access permissions""))
Failed district: Jhalawar | error: HTTPSConnectionPool(host='api.open-meteo.com', port=443): Max retries exceeded with url: /v1/forecast?latitude=24.59&longitude=76.16&daily=temperature_2m_max%2Ctemperature_2m_min%2Cprecipitation_sum&timezone=Asia%2FKolkata&forecast_days=2 (Caused by NewConnectionError(""HTTPSConnection(host='api.open-meteo.com', port=443): Failed to establish a new connection: [WinError 10013] An attempt was made to access a socket in a way forbidden by its access permissions""))
Failed district: Jodhpur | error: HTTPSConnectionPool(host='api.open-meteo.com', port=443): Max retries exceeded with url: /v1/forecast?latitude=26.24&longitude=73.02&daily=temperature_2m_max%2Ctemperature_2m_min%2Cprecipitation_sum&timezone=Asia%2FKolkata&forecast_days=2 (Caused by NewConnectionError(""HTTPSConnection(host='api.open-meteo.com', port=443): Failed to establish a new connection: [WinError 10013] An attempt was made to access a socket in a way forbidden by its access permissions""))
Failed district: Kota | error: HTTPSConnectionPool(host='api.open-meteo.com', port=443): Max retries exceeded with url: /v1/forecast?latitude=25.21&longitude=75.86&daily=temperature_2m_max%2Ctemperature_2m_min%2Cprecipitation_sum&timezone=Asia%2FKolkata&forecast_days=2 (Caused by NewConnectionError(""HTTPSConnection(host='api.open-meteo.com', port=443): Failed to establish a new connection: [WinError 10013] An attempt was made to access a socket in a way forbidden by its access permissions""))
Failed district: Nagaur | error: HTTPSConnectionPool(host='api.open-meteo.com', port=443): Max retries exceeded with url: /v1/forecast?latitude=27.2&longitude=73.74&daily=temperature_2m_max%2Ctemperature_2m_min%2Cprecipitation_sum&timezone=Asia%2FKolkata&forecast_days=2 (Caused by NewConnectionError(""HTTPSConnection(host='api.open-meteo.com', port=443): Failed to establish a new connection: [WinError 10013] An attempt was made to access a socket in a way forbidden by its access permissions""))
Failed district: Pali | error: HTTPSConnectionPool(host='api.open-meteo.com', port=443): Max retries exceeded with url: /v1/forecast?latitude=25.77&longitude=73.33&daily=temperature_2m_max%2Ctemperature_2m_min%2Cprecipitation_sum&timezone=Asia%2FKolkata&forecast_days=2 (Caused by NewConnectionError(""HTTPSConnection(host='api.open-meteo.com', port=443): Failed to establish a new connection: [WinError 10013] An attempt was made to access a socket in a way forbidden by its access permissions""))
Failed district: Sawai Madhopur | error: HTTPSConnectionPool(host='api.open-meteo.com', port=443): Max retries exceeded with url: /v1/forecast?latitude=26.02&longitude=76.35&daily=temperature_2m_max%2Ctemperature_2m_min%2Cprecipitation_sum&timezone=Asia%2FKolkata&forecast_days=2 (Caused by NewConnectionError(""HTTPSConnection(host='api.open-meteo.com', port=443): Failed to establish a new connection: [WinError 10013] An attempt was made to access a socket in a way forbidden by its access permissions""))
Failed district: Sikar | error: HTTPSConnectionPool(host='api.open-meteo.com', port=443): Max retries exceeded with url: /v1/forecast?latitude=27.61&longitude=75.14&daily=temperature_2m_max%2Ctemperature_2m_min%2Cprecipitation_sum&timezone=Asia%2FKolkata&forecast_days=2 (Caused by NewConnectionError(""HTTPSConnection(host='api.open-meteo.com', port=443): Failed to establish a new connection: [WinError 10013] An attempt was made to access a socket in a way forbidden by its access permissions""))
Failed district: Sirohi | error: HTTPSConnectionPool(host='api.open-meteo.com', port=443): Max retries exceeded with url: /v1/forecast?latitude=24.89&longitude=72.86&daily=temperature_2m_max%2Ctemperature_2m_min%2Cprecipitation_sum&timezone=Asia%2FKolkata&forecast_days=2 (Caused by NewConnectionError(""HTTPSConnection(host='api.open-meteo.com', port=443): Failed to establish a new connection: [WinError 10013] An attempt was made to access a socket in a way forbidden by its access permissions""))
Failed district: Udaipur | error: HTTPSConnectionPool(host='api.open-meteo.com', port=443): Max retries exceeded with url: /v1/forecast?latitude=24.58&longitude=73.68&daily=temperature_2m_max%2Ctemperature_2m_min%2Cprecipitation_sum&timezone=Asia%2FKolkata&forecast_days=2 (Caused by NewConnectionError(""HTTPSConnection(host='api.open-meteo.com', port=443): Failed to establish a new connection: [WinError 10013] An attempt was made to access a socket in a way forbidden by its access permissions""))

STDERR:
Traceback (most recent call last):
  File ""d:\Rajasthan Climate Risk Command System\scripts\fetch_daily_weather_api.py"", line 69, in <module>
    raise RuntimeError(""No API rows fetched. Check connectivity or config."")
RuntimeError: No API rows fetched. Check connectivity or config.
",,,,
2026-04-29 01:34:26,success,75555,2025-12-30,0.85,d:\Rajasthan Climate Risk Command System\outputs\daily_alerts_auto.csv,d:\Rajasthan Climate Risk Command System\outputs\daily_top10_auto.csv,d:\Rajasthan Climate Risk Command System\outputs\latest_day_top10_auto.csv,stale_fallback,d:\Rajasthan Climate Risk Command System\data\raw\api_daily_weather_20260429.csv,d:\Rajasthan Climate Risk Command System\outputs\api_forecast_alerts_step9_guarded.csv,d:\Rajasthan Climate Risk Command System\outputs\api_latest_top10_guarded.csv,"Live API fetch failed; used fallback file: d:\Rajasthan Climate Risk Command System\data\raw\api_daily_weather_20260429.csv
Error: API fetch failed.
STDOUT:
Failed district: Ajmer | error: HTTPSConnectionPool(host='api.open-meteo.com', port=443): Max retries exceeded with url: /v1/forecast?latitude=26.45&longitude=74.64&daily=temperature_2m_max%2Ctemperature_2m_min%2Cprecipitation_sum&timezone=Asia%2FKolkata&forecast_days=2 (Caused by NewConnectionError(""HTTPSConnection(host='api.open-meteo.com', port=443): Failed to establish a new connection: [WinError 10013] An attempt was made to access a socket in a way forbidden by its access permissions""))
Failed district: Alwar | error: HTTPSConnectionPool(host='api.open-meteo.com', port=443): Max retries exceeded with url: /v1/forecast?latitude=27.56&longitude=76.61&daily=temperature_2m_max%2Ctemperature_2m_min%2Cprecipitation_sum&timezone=Asia%2FKolkata&forecast_days=2 (Caused by NewConnectionError(""HTTPSConnection(host='api.open-meteo.com', port=443): Failed to establish a new connection: [WinError 10013] An attempt was made to access a socket in a way forbidden by its access permissions""))
Failed district: Banswara | error: HTTPSConnectionPool(host='api.open-meteo.com', port=443): Max retries exceeded with url: /v1/forecast?latitude=23.55&longitude=74.44&daily=temperature_2m_max%2Ctemperature_2m_min%2Cprecipitation_sum&timezone=Asia%2FKolkata&forecast_days=2 (Caused by NewConnectionError(""HTTPSConnection(host='api.open-meteo.com', port=443): Failed to establish a new connection: [WinError 10013] An attempt was made to access a socket in a way forbidden by its access permissions""))
Failed district: Barmer | error: HTTPSConnectionPool(host='api.open-meteo.com', port=443): Max retries exceeded with url: /v1/forecast?latitude=25.75&longitude=71.38&daily=temperature_2m_max%2Ctemperature_2m_min%2Cprecipitation_sum&timezone=Asia%2FKolkata&forecast_days=2 (Caused by NewConnectionError(""HTTPSConnection(host='api.open-meteo.com', port=443): Failed to establish a new connection: [WinError 10013] An attempt was made to access a socket in a way forbidden by its access permissions""))
Failed district: Bhilwara | error: HTTPSConnectionPool(host='api.open-meteo.com', port=443): Max retries exceeded with url: /v1/forecast?latitude=25.35&longitude=74.64&daily=temperature_2m_max%2Ctemperature_2m_min%2Cprecipitation_sum&timezone=Asia%2FKolkata&forecast_days=2 (Caused by NewConnectionError(""HTTPSConnection(host='api.open-meteo.com', port=443): Failed to establish a new connection: [WinError 10013] An attempt was made to access a socket in a way forbidden by its access permissions""))
Failed district: Bikaner | error: HTTPSConnectionPool(host='api.open-meteo.com', port=443): Max retries exceeded with url: /v1/forecast?latitude=28.02&longitude=73.31&daily=temperature_2m_max%2Ctemperature_2m_min%2Cprecipitation_sum&timezone=Asia%2FKolkata&forecast_days=2 (Caused by NewConnectionError(""HTTPSConnection(host='api.open-meteo.com', port=443): Failed to establish a new connection: [WinError 10013] An attempt was made to access a socket in a way forbidden by its access permissions""))
Failed district: Bundi | error: HTTPSConnectionPool(host='api.open-meteo.com', port=443): Max retries exceeded with url: /v1/forecast?latitude=25.44&longitude=75.64&daily=temperature_2m_max%2Ctemperature_2m_min%2Cprecipitation_sum&timezone=Asia%2FKolkata&forecast_days=2 (Caused by NewConnectionError(""HTTPSConnection(host='api.open-meteo.com', port=443): Failed to establish a new connection: [WinError 10013] An attempt was made to access a socket in a way forbidden by its access permissions""))
Failed district: Chittaurgarh | error: HTTPSConnectionPool(host='api.open-meteo.com', port=443): Max retries exceeded with url: /v1/forecast?latitude=24.89&longitude=74.63&daily=temperature_2m_max%2Ctemperature_2m_min%2Cprecipitation_sum&timezone=Asia%2FKolkata&forecast_days=2 (Caused by NewConnectionError(""HTTPSConnection(host='api.open-meteo.com', port=443): Failed to establish a new connection: [WinError 10013] An attempt was made to access a socket in a way forbidden by its access permissions""))
Failed district: Churu | error: HTTPSConnectionPool(host='api.open-meteo.com', port=443): Max retries exceeded with url: /v1/forecast?latitude=28.3&longitude=74.96&daily=temperature_2m_max%2Ctemperature_2m_min%2Cprecipitation_sum&timezone=Asia%2FKolkata&forecast_days=2 (Caused by NewConnectionError(""HTTPSConnection(host='api.open-meteo.com', port=443): Failed to establish a new connection: [WinError 10013] An attempt was made to access a socket in a way forbidden by its access permissions""))
Failed district: Dhaulpur | error: HTTPSConnectionPool(host='api.open-meteo.com', port=443): Max retries exceeded with url: /v1/forecast?latitude=26.7&longitude=77.89&daily=temperature_2m_max%2Ctemperature_2m_min%2Cprecipitation_sum&timezone=Asia%2FKolkata&forecast_days=2 (Caused by NewConnectionError(""HTTPSConnection(host='api.open-meteo.com', port=443): Failed to establish a new connection: [WinError 10013] An attempt was made to access a socket in a way forbidden by its access permissions""))
Failed district: Ganganagar | error: HTTPSConnectionPool(host='api.open-meteo.com', port=443): Max retries exceeded with url: /v1/forecast?latitude=29.91&longitude=73.88&daily=temperature_2m_max%2Ctemperature_2m_min%2Cprecipitation_sum&timezone=Asia%2FKolkata&forecast_days=2 (Caused by NewConnectionError(""HTTPSConnection(host='api.open-meteo.com', port=443): Failed to establish a new connection: [WinError 10013] An attempt was made to access a socket in a way forbidden by its access permissions""))
Failed district: Hanumangarh | error: HTTPSConnectionPool(host='api.open-meteo.com', port=443): Max retries exceeded with url: /v1/forecast?latitude=29.58&longitude=74.33&daily=temperature_2m_max%2Ctemperature_2m_min%2Cprecipitation_sum&timezone=Asia%2FKolkata&forecast_days=2 (Caused by NewConnectionError(""HTTPSConnection(host='api.open-meteo.com', port=443): Failed to establish a new connection: [WinError 10013] An attempt was made to access a socket in a way forbidden by its access permissions""))
Failed district: Jaipur | error: HTTPSConnectionPool(host='api.open-meteo.com', port=443): Max retries exceeded with url: /v1/forecast?latitude=26.91&longitude=75.79&daily=temperature_2m_max%2Ctemperature_2m_min%2Cprecipitation_sum&timezone=Asia%2FKolkata&forecast_days=2 (Caused by NewConnectionError(""HTTPSConnection(host='api.open-meteo.com', port=443): Failed to establish a new connection: [WinError 10013] An attempt was made to access a socket in a way forbidden by its access permissions""))
Failed district: Jaisalmer | error: HTTPSConnectionPool(host='api.open-meteo.com', port=443): Max retries exceeded with url: /v1/forecast?latitude=26.91&longitude=70.91&daily=temperature_2m_max%2Ctemperature_2m_min%2Cprecipitation_sum&timezone=Asia%2FKolkata&forecast_days=2 (Caused by NewConnectionError(""HTTPSConnection(host='api.open-meteo.com', port=443): Failed to establish a new connection: [WinError 10013] An attempt was made to access a socket in a way forbidden by its access permissions""))
Failed district: Jhalawar | error: HTTPSConnectionPool(host='api.open-meteo.com', port=443): Max retries exceeded with url: /v1/forecast?latitude=24.59&longitude=76.16&daily=temperature_2m_max%2Ctemperature_2m_min%2Cprecipitation_sum&timezone=Asia%2FKolkata&forecast_days=2 (Caused by NewConnectionError(""HTTPSConnection(host='api.open-meteo.com', port=443): Failed to establish a new connection: [WinError 10013] An attempt was made to access a socket in a way forbidden by its access permissions""))
Failed district: Jodhpur | error: HTTPSConnectionPool(host='api.open-meteo.com', port=443): Max retries exceeded with url: /v1/forecast?latitude=26.24&longitude=73.02&daily=temperature_2m_max%2Ctemperature_2m_min%2Cprecipitation_sum&timezone=Asia%2FKolkata&forecast_days=2 (Caused by NewConnectionError(""HTTPSConnection(host='api.open-meteo.com', port=443): Failed to establish a new connection: [WinError 10013] An attempt was made to access a socket in a way forbidden by its access permissions""))
Failed district: Kota | error: HTTPSConnectionPool(host='api.open-meteo.com', port=443): Max retries exceeded with url: /v1/forecast?latitude=25.21&longitude=75.86&daily=temperature_2m_max%2Ctemperature_2m_min%2Cprecipitation_sum&timezone=Asia%2FKolkata&forecast_days=2 (Caused by NewConnectionError(""HTTPSConnection(host='api.open-meteo.com', port=443): Failed to establish a new connection: [WinError 10013] An attempt was made to access a socket in a way forbidden by its access permissions""))
Failed district: Nagaur | error: HTTPSConnectionPool(host='api.open-meteo.com', port=443): Max retries exceeded with url: /v1/forecast?latitude=27.2&longitude=73.74&daily=temperature_2m_max%2Ctemperature_2m_min%2Cprecipitation_sum&timezone=Asia%2FKolkata&forecast_days=2 (Caused by NewConnectionError(""HTTPSConnection(host='api.open-meteo.com', port=443): Failed to establish a new connection: [WinError 10013] An attempt was made to access a socket in a way forbidden by its access permissions""))
Failed district: Pali | error: HTTPSConnectionPool(host='api.open-meteo.com', port=443): Max retries exceeded with url: /v1/forecast?latitude=25.77&longitude=73.33&daily=temperature_2m_max%2Ctemperature_2m_min%2Cprecipitation_sum&timezone=Asia%2FKolkata&forecast_days=2 (Caused by NewConnectionError(""HTTPSConnection(host='api.open-meteo.com', port=443): Failed to establish a new connection: [WinError 10013] An attempt was made to access a socket in a way forbidden by its access permissions""))
Failed district: Sawai Madhopur | error: HTTPSConnectionPool(host='api.open-meteo.com', port=443): Max retries exceeded with url: /v1/forecast?latitude=26.02&longitude=76.35&daily=temperature_2m_max%2Ctemperature_2m_min%2Cprecipitation_sum&timezone=Asia%2FKolkata&forecast_days=2 (Caused by NewConnectionError(""HTTPSConnection(host='api.open-meteo.com', port=443): Failed to establish a new connection: [WinError 10013] An attempt was made to access a socket in a way forbidden by its access permissions""))
Failed district: Sikar | error: HTTPSConnectionPool(host='api.open-meteo.com', port=443): Max retries exceeded with url: /v1/forecast?latitude=27.61&longitude=75.14&daily=temperature_2m_max%2Ctemperature_2m_min%2Cprecipitation_sum&timezone=Asia%2FKolkata&forecast_days=2 (Caused by NewConnectionError(""HTTPSConnection(host='api.open-meteo.com', port=443): Failed to establish a new connection: [WinError 10013] An attempt was made to access a socket in a way forbidden by its access permissions""))
Failed district: Sirohi | error: HTTPSConnectionPool(host='api.open-meteo.com', port=443): Max retries exceeded with url: /v1/forecast?latitude=24.89&longitude=72.86&daily=temperature_2m_max%2Ctemperature_2m_min%2Cprecipitation_sum&timezone=Asia%2FKolkata&forecast_days=2 (Caused by NewConnectionError(""HTTPSConnection(host='api.open-meteo.com', port=443): Failed to establish a new connection: [WinError 10013] An attempt was made to access a socket in a way forbidden by its access permissions""))
Failed district: Udaipur | error: HTTPSConnectionPool(host='api.open-meteo.com', port=443): Max retries exceeded with url: /v1/forecast?latitude=24.58&longitude=73.68&daily=temperature_2m_max%2Ctemperature_2m_min%2Cprecipitation_sum&timezone=Asia%2FKolkata&forecast_days=2 (Caused by NewConnectionError(""HTTPSConnection(host='api.open-meteo.com', port=443): Failed to establish a new connection: [WinError 10013] An attempt was made to access a socket in a way forbidden by its access permissions""))

STDERR:
Traceback (most recent call last):
  File ""d:\Rajasthan Climate Risk Command System\scripts\fetch_daily_weather_api.py"", line 69, in <module>
    raise RuntimeError(""No API rows fetched. Check connectivity or config."")
RuntimeError: No API rows fetched. Check connectivity or config.
",,,,
2026-04-29 01:36:03,success,75555,2025-12-30,0.85,d:\Rajasthan Climate Risk Command System\outputs\daily_alerts_auto.csv,d:\Rajasthan Climate Risk Command System\outputs\daily_top10_auto.csv,d:\Rajasthan Climate Risk Command System\outputs\latest_day_top10_auto.csv,stale_fallback,d:\Rajasthan Climate Risk Command System\data\raw\api_daily_weather_20260429.csv,d:\Rajasthan Climate Risk Command System\outputs\api_forecast_alerts_step9_guarded.csv,d:\Rajasthan Climate Risk Command System\outputs\api_latest_top10_guarded.csv,"Live API fetch failed; used fallback file: d:\Rajasthan Climate Risk Command System\data\raw\api_daily_weather_20260429.csv
Error: API fetch failed.
STDOUT:
Failed district: Ajmer | error: HTTPSConnectionPool(host='api.open-meteo.com', port=443): Max retries exceeded with url: /v1/forecast?latitude=26.45&longitude=74.64&daily=temperature_2m_max%2Ctemperature_2m_min%2Cprecipitation_sum&timezone=Asia%2FKolkata&forecast_days=2 (Caused by NewConnectionError(""HTTPSConnection(host='api.open-meteo.com', port=443): Failed to establish a new connection: [WinError 10013] An attempt was made to access a socket in a way forbidden by its access permissions""))
Failed district: Alwar | error: HTTPSConnectionPool(host='api.open-meteo.com', port=443): Max retries exceeded with url: /v1/forecast?latitude=27.56&longitude=76.61&daily=temperature_2m_max%2Ctemperature_2m_min%2Cprecipitation_sum&timezone=Asia%2FKolkata&forecast_days=2 (Caused by NewConnectionError(""HTTPSConnection(host='api.open-meteo.com', port=443): Failed to establish a new connection: [WinError 10013] An attempt was made to access a socket in a way forbidden by its access permissions""))
Failed district: Banswara | error: HTTPSConnectionPool(host='api.open-meteo.com', port=443): Max retries exceeded with url: /v1/forecast?latitude=23.55&longitude=74.44&daily=temperature_2m_max%2Ctemperature_2m_min%2Cprecipitation_sum&timezone=Asia%2FKolkata&forecast_days=2 (Caused by NewConnectionError(""HTTPSConnection(host='api.open-meteo.com', port=443): Failed to establish a new connection: [WinError 10013] An attempt was made to access a socket in a way forbidden by its access permissions""))
Failed district: Barmer | error: HTTPSConnectionPool(host='api.open-meteo.com', port=443): Max retries exceeded with url: /v1/forecast?latitude=25.75&longitude=71.38&daily=temperature_2m_max%2Ctemperature_2m_min%2Cprecipitation_sum&timezone=Asia%2FKolkata&forecast_days=2 (Caused by NewConnectionError(""HTTPSConnection(host='api.open-meteo.com', port=443): Failed to establish a new connection: [WinError 10013] An attempt was made to access a socket in a way forbidden by its access permissions""))
Failed district: Bhilwara | error: HTTPSConnectionPool(host='api.open-meteo.com', port=443): Max retries exceeded with url: /v1/forecast?latitude=25.35&longitude=74.64&daily=temperature_2m_max%2Ctemperature_2m_min%2Cprecipitation_sum&timezone=Asia%2FKolkata&forecast_days=2 (Caused by NewConnectionError(""HTTPSConnection(host='api.open-meteo.com', port=443): Failed to establish a new connection: [WinError 10013] An attempt was made to access a socket in a way forbidden by its access permissions""))
Failed district: Bikaner | error: HTTPSConnectionPool(host='api.open-meteo.com', port=443): Max retries exceeded with url: /v1/forecast?latitude=28.02&longitude=73.31&daily=temperature_2m_max%2Ctemperature_2m_min%2Cprecipitation_sum&timezone=Asia%2FKolkata&forecast_days=2 (Caused by NewConnectionError(""HTTPSConnection(host='api.open-meteo.com', port=443): Failed to establish a new connection: [WinError 10013] An attempt was made to access a socket in a way forbidden by its access permissions""))
Failed district: Bundi | error: HTTPSConnectionPool(host='api.open-meteo.com', port=443): Max retries exceeded with url: /v1/forecast?latitude=25.44&longitude=75.64&daily=temperature_2m_max%2Ctemperature_2m_min%2Cprecipitation_sum&timezone=Asia%2FKolkata&forecast_days=2 (Caused by NewConnectionError(""HTTPSConnection(host='api.open-meteo.com', port=443): Failed to establish a new connection: [WinError 10013] An attempt was made to access a socket in a way forbidden by its access permissions""))
Failed district: Chittaurgarh | error: HTTPSConnectionPool(host='api.open-meteo.com', port=443): Max retries exceeded with url: /v1/forecast?latitude=24.89&longitude=74.63&daily=temperature_2m_max%2Ctemperature_2m_min%2Cprecipitation_sum&timezone=Asia%2FKolkata&forecast_days=2 (Caused by NewConnectionError(""HTTPSConnection(host='api.open-meteo.com', port=443): Failed to establish a new connection: [WinError 10013] An attempt was made to access a socket in a way forbidden by its access permissions""))
Failed district: Churu | error: HTTPSConnectionPool(host='api.open-meteo.com', port=443): Max retries exceeded with url: /v1/forecast?latitude=28.3&longitude=74.96&daily=temperature_2m_max%2Ctemperature_2m_min%2Cprecipitation_sum&timezone=Asia%2FKolkata&forecast_days=2 (Caused by NewConnectionError(""HTTPSConnection(host='api.open-meteo.com', port=443): Failed to establish a new connection: [WinError 10013] An attempt was made to access a socket in a way forbidden by its access permissions""))
Failed district: Dhaulpur | error: HTTPSConnectionPool(host='api.open-meteo.com', port=443): Max retries exceeded with url: /v1/forecast?latitude=26.7&longitude=77.89&daily=temperature_2m_max%2Ctemperature_2m_min%2Cprecipitation_sum&timezone=Asia%2FKolkata&forecast_days=2 (Caused by NewConnectionError(""HTTPSConnection(host='api.open-meteo.com', port=443): Failed to establish a new connection: [WinError 10013] An attempt was made to access a socket in a way forbidden by its access permissions""))
Failed district: Ganganagar | error: HTTPSConnectionPool(host='api.open-meteo.com', port=443): Max retries exceeded with url: /v1/forecast?latitude=29.91&longitude=73.88&daily=temperature_2m_max%2Ctemperature_2m_min%2Cprecipitation_sum&timezone=Asia%2FKolkata&forecast_days=2 (Caused by NewConnectionError(""HTTPSConnection(host='api.open-meteo.com', port=443): Failed to establish a new connection: [WinError 10013] An attempt was made to access a socket in a way forbidden by its access permissions""))
Failed district: Hanumangarh | error: HTTPSConnectionPool(host='api.open-meteo.com', port=443): Max retries exceeded with url: /v1/forecast?latitude=29.58&longitude=74.33&daily=temperature_2m_max%2Ctemperature_2m_min%2Cprecipitation_sum&timezone=Asia%2FKolkata&forecast_days=2 (Caused by NewConnectionError(""HTTPSConnection(host='api.open-meteo.com', port=443): Failed to establish a new connection: [WinError 10013] An attempt was made to access a socket in a way forbidden by its access permissions""))
Failed district: Jaipur | error: HTTPSConnectionPool(host='api.open-meteo.com', port=443): Max retries exceeded with url: /v1/forecast?latitude=26.91&longitude=75.79&daily=temperature_2m_max%2Ctemperature_2m_min%2Cprecipitation_sum&timezone=Asia%2FKolkata&forecast_days=2 (Caused by NewConnectionError(""HTTPSConnection(host='api.open-meteo.com', port=443): Failed to establish a new connection: [WinError 10013] An attempt was made to access a socket in a way forbidden by its access permissions""))
Failed district: Jaisalmer | error: HTTPSConnectionPool(host='api.open-meteo.com', port=443): Max retries exceeded with url: /v1/forecast?latitude=26.91&longitude=70.91&daily=temperature_2m_max%2Ctemperature_2m_min%2Cprecipitation_sum&timezone=Asia%2FKolkata&forecast_days=2 (Caused by NewConnectionError(""HTTPSConnection(host='api.open-meteo.com', port=443): Failed to establish a new connection: [WinError 10013] An attempt was made to access a socket in a way forbidden by its access permissions""))
Failed district: Jhalawar | error: HTTPSConnectionPool(host='api.open-meteo.com', port=443): Max retries exceeded with url: /v1/forecast?latitude=24.59&longitude=76.16&daily=temperature_2m_max%2Ctemperature_2m_min%2Cprecipitation_sum&timezone=Asia%2FKolkata&forecast_days=2 (Caused by NewConnectionError(""HTTPSConnection(host='api.open-meteo.com', port=443): Failed to establish a new connection: [WinError 10013] An attempt was made to access a socket in a way forbidden by its access permissions""))
Failed district: Jodhpur | error: HTTPSConnectionPool(host='api.open-meteo.com', port=443): Max retries exceeded with url: /v1/forecast?latitude=26.24&longitude=73.02&daily=temperature_2m_max%2Ctemperature_2m_min%2Cprecipitation_sum&timezone=Asia%2FKolkata&forecast_days=2 (Caused by NewConnectionError(""HTTPSConnection(host='api.open-meteo.com', port=443): Failed to establish a new connection: [WinError 10013] An attempt was made to access a socket in a way forbidden by its access permissions""))
Failed district: Kota | error: HTTPSConnectionPool(host='api.open-meteo.com', port=443): Max retries exceeded with url: /v1/forecast?latitude=25.21&longitude=75.86&daily=temperature_2m_max%2Ctemperature_2m_min%2Cprecipitation_sum&timezone=Asia%2FKolkata&forecast_days=2 (Caused by NewConnectionError(""HTTPSConnection(host='api.open-meteo.com', port=443): Failed to establish a new connection: [WinError 10013] An attempt was made to access a socket in a way forbidden by its access permissions""))
Failed district: Nagaur | error: HTTPSConnectionPool(host='api.open-meteo.com', port=443): Max retries exceeded with url: /v1/forecast?latitude=27.2&longitude=73.74&daily=temperature_2m_max%2Ctemperature_2m_min%2Cprecipitation_sum&timezone=Asia%2FKolkata&forecast_days=2 (Caused by NewConnectionError(""HTTPSConnection(host='api.open-meteo.com', port=443): Failed to establish a new connection: [WinError 10013] An attempt was made to access a socket in a way forbidden by its access permissions""))
Failed district: Pali | error: HTTPSConnectionPool(host='api.open-meteo.com', port=443): Max retries exceeded with url: /v1/forecast?latitude=25.77&longitude=73.33&daily=temperature_2m_max%2Ctemperature_2m_min%2Cprecipitation_sum&timezone=Asia%2FKolkata&forecast_days=2 (Caused by NewConnectionError(""HTTPSConnection(host='api.open-meteo.com', port=443): Failed to establish a new connection: [WinError 10013] An attempt was made to access a socket in a way forbidden by its access permissions""))
Failed district: Sawai Madhopur | error: HTTPSConnectionPool(host='api.open-meteo.com', port=443): Max retries exceeded with url: /v1/forecast?latitude=26.02&longitude=76.35&daily=temperature_2m_max%2Ctemperature_2m_min%2Cprecipitation_sum&timezone=Asia%2FKolkata&forecast_days=2 (Caused by NewConnectionError(""HTTPSConnection(host='api.open-meteo.com', port=443): Failed to establish a new connection: [WinError 10013] An attempt was made to access a socket in a way forbidden by its access permissions""))
Failed district: Sikar | error: HTTPSConnectionPool(host='api.open-meteo.com', port=443): Max retries exceeded with url: /v1/forecast?latitude=27.61&longitude=75.14&daily=temperature_2m_max%2Ctemperature_2m_min%2Cprecipitation_sum&timezone=Asia%2FKolkata&forecast_days=2 (Caused by NewConnectionError(""HTTPSConnection(host='api.open-meteo.com', port=443): Failed to establish a new connection: [WinError 10013] An attempt was made to access a socket in a way forbidden by its access permissions""))
Failed district: Sirohi | error: HTTPSConnectionPool(host='api.open-meteo.com', port=443): Max retries exceeded with url: /v1/forecast?latitude=24.89&longitude=72.86&daily=temperature_2m_max%2Ctemperature_2m_min%2Cprecipitation_sum&timezone=Asia%2FKolkata&forecast_days=2 (Caused by NewConnectionError(""HTTPSConnection(host='api.open-meteo.com', port=443): Failed to establish a new connection: [WinError 10013] An attempt was made to access a socket in a way forbidden by its access permissions""))
Failed district: Udaipur | error: HTTPSConnectionPool(host='api.open-meteo.com', port=443): Max retries exceeded with url: /v1/forecast?latitude=24.58&longitude=73.68&daily=temperature_2m_max%2Ctemperature_2m_min%2Cprecipitation_sum&timezone=Asia%2FKolkata&forecast_days=2 (Caused by NewConnectionError(""HTTPSConnection(host='api.open-meteo.com', port=443): Failed to establish a new connection: [WinError 10013] An attempt was made to access a socket in a way forbidden by its access permissions""))

STDERR:
Traceback (most recent call last):
  File ""d:\Rajasthan Climate Risk Command System\scripts\fetch_daily_weather_api.py"", line 69, in <module>
    raise RuntimeError(""No API rows fetched. Check connectivity or config."")
RuntimeError: No API rows fetched. Check connectivity or config.
",,,,
2026-04-29 01:55:58,success,75555,2025-12-30,0.85,d:\Rajasthan Climate Risk Command System\outputs\daily_alerts_auto.csv,d:\Rajasthan Climate Risk Command System\outputs\daily_top10_auto.csv,d:\Rajasthan Climate Risk Command System\outputs\latest_day_top10_auto.csv,success,d:\Rajasthan Climate Risk Command System\data\raw\api_daily_weather_20260429.csv,d:\Rajasthan Climate Risk Command System\outputs\api_forecast_alerts_step9_guarded.csv,d:\Rajasthan Climate Risk Command System\outputs\api_latest_top10_guarded.csv,"Saved API daily weather file: d:\Rajasthan Climate Risk Command System\data\raw\api_daily_weather_20260429.csv
Shape: (46, 6)
         date  district  rain_mm  tmax_c  tmin_c  tavg_c
0  2026-04-29     Ajmer      0.0    38.7    27.5   33.10
1  2026-04-30     Ajmer      0.0    39.5    27.0   33.25
2  2026-04-29     Alwar      0.7    38.5    23.6   31.05
3  2026-04-30     Alwar      0.0    38.7    23.8   31.25
4  2026-04-29  Banswara      0.0    39.5    25.5   32.50",,,,
2026-04-29 01:56:49,success,75555,2025-12-30,0.85,d:\Rajasthan Climate Risk Command System\outputs\daily_alerts_auto.csv,d:\Rajasthan Climate Risk Command System\outputs\daily_top10_auto.csv,d:\Rajasthan Climate Risk Command System\outputs\latest_day_top10_auto.csv,success,d:\Rajasthan Climate Risk Command System\data\raw\api_daily_weather_20260429.csv,d:\Rajasthan Climate Risk Command System\outputs\api_forecast_alerts_step9_guarded.csv,d:\Rajasthan Climate Risk Command System\outputs\api_latest_top10_guarded.csv,"Saved API daily weather file: d:\Rajasthan Climate Risk Command System\data\raw\api_daily_weather_20260429.csv
Shape: (46, 6)
         date  district  rain_mm  tmax_c  tmin_c  tavg_c
0  2026-04-29     Ajmer      0.0    38.7    27.5   33.10
1  2026-04-30     Ajmer      0.0    39.5    27.0   33.25
2  2026-04-29     Alwar      0.7    38.5    23.6   31.05
3  2026-04-30     Alwar      0.0    38.7    23.8   31.25
4  2026-04-29  Banswara      0.0    39.5    25.5   32.50",,,,
2026-04-29 02:01:31,success,75555,2025-12-30,0.85,d:\Rajasthan Climate Risk Command System\outputs\daily_alerts_auto.csv,d:\Rajasthan Climate Risk Command System\outputs\daily_top10_auto.csv,d:\Rajasthan Climate Risk Command System\outputs\latest_day_top10_auto.csv,stale_fallback,d:\Rajasthan Climate Risk Command System\data\raw\api_daily_weather_20260429.csv,d:\Rajasthan Climate Risk Command System\outputs\api_forecast_alerts_step9_guarded.csv,d:\Rajasthan Climate Risk Command System\outputs\api_latest_top10_guarded.csv,"Live API fetch failed; used fallback file: d:\Rajasthan Climate Risk Command System\data\raw\api_daily_weather_20260429.csv
Error: API fetch failed.
STDOUT:
Failed district: Ajmer | error: HTTPSConnectionPool(host='api.open-meteo.com', port=443): Max retries exceeded with url: /v1/forecast?latitude=26.45&longitude=74.64&daily=temperature_2m_max%2Ctemperature_2m_min%2Cprecipitation_sum&timezone=Asia%2FKolkata&forecast_days=2 (Caused by NewConnectionError(""HTTPSConnection(host='api.open-meteo.com', port=443): Failed to establish a new connection: [WinError 10013] An attempt was made to access a socket in a way forbidden by its access permissions""))
Failed district: Alwar | error: HTTPSConnectionPool(host='api.open-meteo.com', port=443): Max retries exceeded with url: /v1/forecast?latitude=27.56&longitude=76.61&daily=temperature_2m_max%2Ctemperature_2m_min%2Cprecipitation_sum&timezone=Asia%2FKolkata&forecast_days=2 (Caused by NewConnectionError(""HTTPSConnection(host='api.open-meteo.com', port=443): Failed to establish a new connection: [WinError 10013] An attempt was made to access a socket in a way forbidden by its access permissions""))
Failed district: Banswara | error: HTTPSConnectionPool(host='api.open-meteo.com', port=443): Max retries exceeded with url: /v1/forecast?latitude=23.55&longitude=74.44&daily=temperature_2m_max%2Ctemperature_2m_min%2Cprecipitation_sum&timezone=Asia%2FKolkata&forecast_days=2 (Caused by NewConnectionError(""HTTPSConnection(host='api.open-meteo.com', port=443): Failed to establish a new connection: [WinError 10013] An attempt was made to access a socket in a way forbidden by its access permissions""))
Failed district: Barmer | error: HTTPSConnectionPool(host='api.open-meteo.com', port=443): Max retries exceeded with url: /v1/forecast?latitude=25.75&longitude=71.38&daily=temperature_2m_max%2Ctemperature_2m_min%2Cprecipitation_sum&timezone=Asia%2FKolkata&forecast_days=2 (Caused by NewConnectionError(""HTTPSConnection(host='api.open-meteo.com', port=443): Failed to establish a new connection: [WinError 10013] An attempt was made to access a socket in a way forbidden by its access permissions""))
Failed district: Bhilwara | error: HTTPSConnectionPool(host='api.open-meteo.com', port=443): Max retries exceeded with url: /v1/forecast?latitude=25.35&longitude=74.64&daily=temperature_2m_max%2Ctemperature_2m_min%2Cprecipitation_sum&timezone=Asia%2FKolkata&forecast_days=2 (Caused by NewConnectionError(""HTTPSConnection(host='api.open-meteo.com', port=443): Failed to establish a new connection: [WinError 10013] An attempt was made to access a socket in a way forbidden by its access permissions""))
Failed district: Bikaner | error: HTTPSConnectionPool(host='api.open-meteo.com', port=443): Max retries exceeded with url: /v1/forecast?latitude=28.02&longitude=73.31&daily=temperature_2m_max%2Ctemperature_2m_min%2Cprecipitation_sum&timezone=Asia%2FKolkata&forecast_days=2 (Caused by NewConnectionError(""HTTPSConnection(host='api.open-meteo.com', port=443): Failed to establish a new connection: [WinError 10013] An attempt was made to access a socket in a way forbidden by its access permissions""))
Failed district: Bundi | error: HTTPSConnectionPool(host='api.open-meteo.com', port=443): Max retries exceeded with url: /v1/forecast?latitude=25.44&longitude=75.64&daily=temperature_2m_max%2Ctemperature_2m_min%2Cprecipitation_sum&timezone=Asia%2FKolkata&forecast_days=2 (Caused by NewConnectionError(""HTTPSConnection(host='api.open-meteo.com', port=443): Failed to establish a new connection: [WinError 10013] An attempt was made to access a socket in a way forbidden by its access permissions""))
Failed district: Chittaurgarh | error: HTTPSConnectionPool(host='api.open-meteo.com', port=443): Max retries exceeded with url: /v1/forecast?latitude=24.89&longitude=74.63&daily=temperature_2m_max%2Ctemperature_2m_min%2Cprecipitation_sum&timezone=Asia%2FKolkata&forecast_days=2 (Caused by NewConnectionError(""HTTPSConnection(host='api.open-meteo.com', port=443): Failed to establish a new connection: [WinError 10013] An attempt was made to access a socket in a way forbidden by its access permissions""))
Failed district: Churu | error: HTTPSConnectionPool(host='api.open-meteo.com', port=443): Max retries exceeded with url: /v1/forecast?latitude=28.3&longitude=74.96&daily=temperature_2m_max%2Ctemperature_2m_min%2Cprecipitation_sum&timezone=Asia%2FKolkata&forecast_days=2 (Caused by NewConnectionError(""HTTPSConnection(host='api.open-meteo.com', port=443): Failed to establish a new connection: [WinError 10013] An attempt was made to access a socket in a way forbidden by its access permissions""))
Failed district: Dhaulpur | error: HTTPSConnectionPool(host='api.open-meteo.com', port=443): Max retries exceeded with url: /v1/forecast?latitude=26.7&longitude=77.89&daily=temperature_2m_max%2Ctemperature_2m_min%2Cprecipitation_sum&timezone=Asia%2FKolkata&forecast_days=2 (Caused by NewConnectionError(""HTTPSConnection(host='api.open-meteo.com', port=443): Failed to establish a new connection: [WinError 10013] An attempt was made to access a socket in a way forbidden by its access permissions""))
Failed district: Ganganagar | error: HTTPSConnectionPool(host='api.open-meteo.com', port=443): Max retries exceeded with url: /v1/forecast?latitude=29.91&longitude=73.88&daily=temperature_2m_max%2Ctemperature_2m_min%2Cprecipitation_sum&timezone=Asia%2FKolkata&forecast_days=2 (Caused by NewConnectionError(""HTTPSConnection(host='api.open-meteo.com', port=443): Failed to establish a new connection: [WinError 10013] An attempt was made to access a socket in a way forbidden by its access permissions""))
Failed district: Hanumangarh | error: HTTPSConnectionPool(host='api.open-meteo.com', port=443): Max retries exceeded with url: /v1/forecast?latitude=29.58&longitude=74.33&daily=temperature_2m_max%2Ctemperature_2m_min%2Cprecipitation_sum&timezone=Asia%2FKolkata&forecast_days=2 (Caused by NewConnectionError(""HTTPSConnection(host='api.open-meteo.com', port=443): Failed to establish a new connection: [WinError 10013] An attempt was made to access a socket in a way forbidden by its access permissions""))
Failed district: Jaipur | error: HTTPSConnectionPool(host='api.open-meteo.com', port=443): Max retries exceeded with url: /v1/forecast?latitude=26.91&longitude=75.79&daily=temperature_2m_max%2Ctemperature_2m_min%2Cprecipitation_sum&timezone=Asia%2FKolkata&forecast_days=2 (Caused by NewConnectionError(""HTTPSConnection(host='api.open-meteo.com', port=443): Failed to establish a new connection: [WinError 10013] An attempt was made to access a socket in a way forbidden by its access permissions""))
Failed district: Jaisalmer | error: HTTPSConnectionPool(host='api.open-meteo.com', port=443): Max retries exceeded with url: /v1/forecast?latitude=26.91&longitude=70.91&daily=temperature_2m_max%2Ctemperature_2m_min%2Cprecipitation_sum&timezone=Asia%2FKolkata&forecast_days=2 (Caused by NewConnectionError(""HTTPSConnection(host='api.open-meteo.com', port=443): Failed to establish a new connection: [WinError 10013] An attempt was made to access a socket in a way forbidden by its access permissions""))
Failed district: Jhalawar | error: HTTPSConnectionPool(host='api.open-meteo.com', port=443): Max retries exceeded with url: /v1/forecast?latitude=24.59&longitude=76.16&daily=temperature_2m_max%2Ctemperature_2m_min%2Cprecipitation_sum&timezone=Asia%2FKolkata&forecast_days=2 (Caused by NewConnectionError(""HTTPSConnection(host='api.open-meteo.com', port=443): Failed to establish a new connection: [WinError 10013] An attempt was made to access a socket in a way forbidden by its access permissions""))
Failed district: Jodhpur | error: HTTPSConnectionPool(host='api.open-meteo.com', port=443): Max retries exceeded with url: /v1/forecast?latitude=26.24&longitude=73.02&daily=temperature_2m_max%2Ctemperature_2m_min%2Cprecipitation_sum&timezone=Asia%2FKolkata&forecast_days=2 (Caused by NewConnectionError(""HTTPSConnection(host='api.open-meteo.com', port=443): Failed to establish a new connection: [WinError 10013] An attempt was made to access a socket in a way forbidden by its access permissions""))
Failed district: Kota | error: HTTPSConnectionPool(host='api.open-meteo.com', port=443): Max retries exceeded with url: /v1/forecast?latitude=25.21&longitude=75.86&daily=temperature_2m_max%2Ctemperature_2m_min%2Cprecipitation_sum&timezone=Asia%2FKolkata&forecast_days=2 (Caused by NewConnectionError(""HTTPSConnection(host='api.open-meteo.com', port=443): Failed to establish a new connection: [WinError 10013] An attempt was made to access a socket in a way forbidden by its access permissions""))
Failed district: Nagaur | error: HTTPSConnectionPool(host='api.open-meteo.com', port=443): Max retries exceeded with url: /v1/forecast?latitude=27.2&longitude=73.74&daily=temperature_2m_max%2Ctemperature_2m_min%2Cprecipitation_sum&timezone=Asia%2FKolkata&forecast_days=2 (Caused by NewConnectionError(""HTTPSConnection(host='api.open-meteo.com', port=443): Failed to establish a new connection: [WinError 10013] An attempt was made to access a socket in a way forbidden by its access permissions""))
Failed district: Pali | error: HTTPSConnectionPool(host='api.open-meteo.com', port=443): Max retries exceeded with url: /v1/forecast?latitude=25.77&longitude=73.33&daily=temperature_2m_max%2Ctemperature_2m_min%2Cprecipitation_sum&timezone=Asia%2FKolkata&forecast_days=2 (Caused by NewConnectionError(""HTTPSConnection(host='api.open-meteo.com', port=443): Failed to establish a new connection: [WinError 10013] An attempt was made to access a socket in a way forbidden by its access permissions""))
Failed district: Sawai Madhopur | error: HTTPSConnectionPool(host='api.open-meteo.com', port=443): Max retries exceeded with url: /v1/forecast?latitude=26.02&longitude=76.35&daily=temperature_2m_max%2Ctemperature_2m_min%2Cprecipitation_sum&timezone=Asia%2FKolkata&forecast_days=2 (Caused by NewConnectionError(""HTTPSConnection(host='api.open-meteo.com', port=443): Failed to establish a new connection: [WinError 10013] An attempt was made to access a socket in a way forbidden by its access permissions""))
Failed district: Sikar | error: HTTPSConnectionPool(host='api.open-meteo.com', port=443): Max retries exceeded with url: /v1/forecast?latitude=27.61&longitude=75.14&daily=temperature_2m_max%2Ctemperature_2m_min%2Cprecipitation_sum&timezone=Asia%2FKolkata&forecast_days=2 (Caused by NewConnectionError(""HTTPSConnection(host='api.open-meteo.com', port=443): Failed to establish a new connection: [WinError 10013] An attempt was made to access a socket in a way forbidden by its access permissions""))
Failed district: Sirohi | error: HTTPSConnectionPool(host='api.open-meteo.com', port=443): Max retries exceeded with url: /v1/forecast?latitude=24.89&longitude=72.86&daily=temperature_2m_max%2Ctemperature_2m_min%2Cprecipitation_sum&timezone=Asia%2FKolkata&forecast_days=2 (Caused by NewConnectionError(""HTTPSConnection(host='api.open-meteo.com', port=443): Failed to establish a new connection: [WinError 10013] An attempt was made to access a socket in a way forbidden by its access permissions""))
Failed district: Udaipur | error: HTTPSConnectionPool(host='api.open-meteo.com', port=443): Max retries exceeded with url: /v1/forecast?latitude=24.58&longitude=73.68&daily=temperature_2m_max%2Ctemperature_2m_min%2Cprecipitation_sum&timezone=Asia%2FKolkata&forecast_days=2 (Caused by NewConnectionError(""HTTPSConnection(host='api.open-meteo.com', port=443): Failed to establish a new connection: [WinError 10013] An attempt was made to access a socket in a way forbidden by its access permissions""))

STDERR:
Traceback (most recent call last):
  File ""d:\Rajasthan Climate Risk Command System\scripts\fetch_daily_weather_api.py"", line 69, in <module>
    raise RuntimeError(""No API rows fetched. Check connectivity or config."")
RuntimeError: No API rows fetched. Check connectivity or config.
",,,,
2026-04-29 02:02:54,success,75555,2025-12-30,0.85,d:\Rajasthan Climate Risk Command System\outputs\daily_alerts_auto.csv,d:\Rajasthan Climate Risk Command System\outputs\daily_top10_auto.csv,d:\Rajasthan Climate Risk Command System\outputs\latest_day_top10_auto.csv,stale_fallback,d:\Rajasthan Climate Risk Command System\data\raw\api_daily_weather_20260429.csv,d:\Rajasthan Climate Risk Command System\outputs\api_forecast_alerts_step9_guarded.csv,d:\Rajasthan Climate Risk Command System\outputs\api_latest_top10_guarded.csv,"Live API fetch failed; used fallback file: d:\Rajasthan Climate Risk Command System\data\raw\api_daily_weather_20260429.csv
Error: API fetch failed.
STDOUT:
Failed district: Ajmer | error: HTTPSConnectionPool(host='api.open-meteo.com', port=443): Max retries exceeded with url: /v1/forecast?latitude=26.45&longitude=74.64&daily=temperature_2m_max%2Ctemperature_2m_min%2Cprecipitation_sum&timezone=Asia%2FKolkata&forecast_days=2 (Caused by NewConnectionError(""HTTPSConnection(host='api.open-meteo.com', port=443): Failed to establish a new connection: [WinError 10013] An attempt was made to access a socket in a way forbidden by its access permissions""))
Failed district: Alwar | error: HTTPSConnectionPool(host='api.open-meteo.com', port=443): Max retries exceeded with url: /v1/forecast?latitude=27.56&longitude=76.61&daily=temperature_2m_max%2Ctemperature_2m_min%2Cprecipitation_sum&timezone=Asia%2FKolkata&forecast_days=2 (Caused by NewConnectionError(""HTTPSConnection(host='api.open-meteo.com', port=443): Failed to establish a new connection: [WinError 10013] An attempt was made to access a socket in a way forbidden by its access permissions""))
Failed district: Banswara | error: HTTPSConnectionPool(host='api.open-meteo.com', port=443): Max retries exceeded with url: /v1/forecast?latitude=23.55&longitude=74.44&daily=temperature_2m_max%2Ctemperature_2m_min%2Cprecipitation_sum&timezone=Asia%2FKolkata&forecast_days=2 (Caused by NewConnectionError(""HTTPSConnection(host='api.open-meteo.com', port=443): Failed to establish a new connection: [WinError 10013] An attempt was made to access a socket in a way forbidden by its access permissions""))
Failed district: Barmer | error: HTTPSConnectionPool(host='api.open-meteo.com', port=443): Max retries exceeded with url: /v1/forecast?latitude=25.75&longitude=71.38&daily=temperature_2m_max%2Ctemperature_2m_min%2Cprecipitation_sum&timezone=Asia%2FKolkata&forecast_days=2 (Caused by NewConnectionError(""HTTPSConnection(host='api.open-meteo.com', port=443): Failed to establish a new connection: [WinError 10013] An attempt was made to access a socket in a way forbidden by its access permissions""))
Failed district: Bhilwara | error: HTTPSConnectionPool(host='api.open-meteo.com', port=443): Max retries exceeded with url: /v1/forecast?latitude=25.35&longitude=74.64&daily=temperature_2m_max%2Ctemperature_2m_min%2Cprecipitation_sum&timezone=Asia%2FKolkata&forecast_days=2 (Caused by NewConnectionError(""HTTPSConnection(host='api.open-meteo.com', port=443): Failed to establish a new connection: [WinError 10013] An attempt was made to access a socket in a way forbidden by its access permissions""))
Failed district: Bikaner | error: HTTPSConnectionPool(host='api.open-meteo.com', port=443): Max retries exceeded with url: /v1/forecast?latitude=28.02&longitude=73.31&daily=temperature_2m_max%2Ctemperature_2m_min%2Cprecipitation_sum&timezone=Asia%2FKolkata&forecast_days=2 (Caused by NewConnectionError(""HTTPSConnection(host='api.open-meteo.com', port=443): Failed to establish a new connection: [WinError 10013] An attempt was made to access a socket in a way forbidden by its access permissions""))
Failed district: Bundi | error: HTTPSConnectionPool(host='api.open-meteo.com', port=443): Max retries exceeded with url: /v1/forecast?latitude=25.44&longitude=75.64&daily=temperature_2m_max%2Ctemperature_2m_min%2Cprecipitation_sum&timezone=Asia%2FKolkata&forecast_days=2 (Caused by NewConnectionError(""HTTPSConnection(host='api.open-meteo.com', port=443): Failed to establish a new connection: [WinError 10013] An attempt was made to access a socket in a way forbidden by its access permissions""))
Failed district: Chittaurgarh | error: HTTPSConnectionPool(host='api.open-meteo.com', port=443): Max retries exceeded with url: /v1/forecast?latitude=24.89&longitude=74.63&daily=temperature_2m_max%2Ctemperature_2m_min%2Cprecipitation_sum&timezone=Asia%2FKolkata&forecast_days=2 (Caused by NewConnectionError(""HTTPSConnection(host='api.open-meteo.com', port=443): Failed to establish a new connection: [WinError 10013] An attempt was made to access a socket in a way forbidden by its access permissions""))
Failed district: Churu | error: HTTPSConnectionPool(host='api.open-meteo.com', port=443): Max retries exceeded with url: /v1/forecast?latitude=28.3&longitude=74.96&daily=temperature_2m_max%2Ctemperature_2m_min%2Cprecipitation_sum&timezone=Asia%2FKolkata&forecast_days=2 (Caused by NewConnectionError(""HTTPSConnection(host='api.open-meteo.com', port=443): Failed to establish a new connection: [WinError 10013] An attempt was made to access a socket in a way forbidden by its access permissions""))
Failed district: Dhaulpur | error: HTTPSConnectionPool(host='api.open-meteo.com', port=443): Max retries exceeded with url: /v1/forecast?latitude=26.7&longitude=77.89&daily=temperature_2m_max%2Ctemperature_2m_min%2Cprecipitation_sum&timezone=Asia%2FKolkata&forecast_days=2 (Caused by NewConnectionError(""HTTPSConnection(host='api.open-meteo.com', port=443): Failed to establish a new connection: [WinError 10013] An attempt was made to access a socket in a way forbidden by its access permissions""))
Failed district: Ganganagar | error: HTTPSConnectionPool(host='api.open-meteo.com', port=443): Max retries exceeded with url: /v1/forecast?latitude=29.91&longitude=73.88&daily=temperature_2m_max%2Ctemperature_2m_min%2Cprecipitation_sum&timezone=Asia%2FKolkata&forecast_days=2 (Caused by NewConnectionError(""HTTPSConnection(host='api.open-meteo.com', port=443): Failed to establish a new connection: [WinError 10013] An attempt was made to access a socket in a way forbidden by its access permissions""))
Failed district: Hanumangarh | error: HTTPSConnectionPool(host='api.open-meteo.com', port=443): Max retries exceeded with url: /v1/forecast?latitude=29.58&longitude=74.33&daily=temperature_2m_max%2Ctemperature_2m_min%2Cprecipitation_sum&timezone=Asia%2FKolkata&forecast_days=2 (Caused by NewConnectionError(""HTTPSConnection(host='api.open-meteo.com', port=443): Failed to establish a new connection: [WinError 10013] An attempt was made to access a socket in a way forbidden by its access permissions""))
Failed district: Jaipur | error: HTTPSConnectionPool(host='api.open-meteo.com', port=443): Max retries exceeded with url: /v1/forecast?latitude=26.91&longitude=75.79&daily=temperature_2m_max%2Ctemperature_2m_min%2Cprecipitation_sum&timezone=Asia%2FKolkata&forecast_days=2 (Caused by NewConnectionError(""HTTPSConnection(host='api.open-meteo.com', port=443): Failed to establish a new connection: [WinError 10013] An attempt was made to access a socket in a way forbidden by its access permissions""))
Failed district: Jaisalmer | error: HTTPSConnectionPool(host='api.open-meteo.com', port=443): Max retries exceeded with url: /v1/forecast?latitude=26.91&longitude=70.91&daily=temperature_2m_max%2Ctemperature_2m_min%2Cprecipitation_sum&timezone=Asia%2FKolkata&forecast_days=2 (Caused by NewConnectionError(""HTTPSConnection(host='api.open-meteo.com', port=443): Failed to establish a new connection: [WinError 10013] An attempt was made to access a socket in a way forbidden by its access permissions""))
Failed district: Jhalawar | error: HTTPSConnectionPool(host='api.open-meteo.com', port=443): Max retries exceeded with url: /v1/forecast?latitude=24.59&longitude=76.16&daily=temperature_2m_max%2Ctemperature_2m_min%2Cprecipitation_sum&timezone=Asia%2FKolkata&forecast_days=2 (Caused by NewConnectionError(""HTTPSConnection(host='api.open-meteo.com', port=443): Failed to establish a new connection: [WinError 10013] An attempt was made to access a socket in a way forbidden by its access permissions""))
Failed district: Jodhpur | error: HTTPSConnectionPool(host='api.open-meteo.com', port=443): Max retries exceeded with url: /v1/forecast?latitude=26.24&longitude=73.02&daily=temperature_2m_max%2Ctemperature_2m_min%2Cprecipitation_sum&timezone=Asia%2FKolkata&forecast_days=2 (Caused by NewConnectionError(""HTTPSConnection(host='api.open-meteo.com', port=443): Failed to establish a new connection: [WinError 10013] An attempt was made to access a socket in a way forbidden by its access permissions""))
Failed district: Kota | error: HTTPSConnectionPool(host='api.open-meteo.com', port=443): Max retries exceeded with url: /v1/forecast?latitude=25.21&longitude=75.86&daily=temperature_2m_max%2Ctemperature_2m_min%2Cprecipitation_sum&timezone=Asia%2FKolkata&forecast_days=2 (Caused by NewConnectionError(""HTTPSConnection(host='api.open-meteo.com', port=443): Failed to establish a new connection: [WinError 10013] An attempt was made to access a socket in a way forbidden by its access permissions""))
Failed district: Nagaur | error: HTTPSConnectionPool(host='api.open-meteo.com', port=443): Max retries exceeded with url: /v1/forecast?latitude=27.2&longitude=73.74&daily=temperature_2m_max%2Ctemperature_2m_min%2Cprecipitation_sum&timezone=Asia%2FKolkata&forecast_days=2 (Caused by NewConnectionError(""HTTPSConnection(host='api.open-meteo.com', port=443): Failed to establish a new connection: [WinError 10013] An attempt was made to access a socket in a way forbidden by its access permissions""))
Failed district: Pali | error: HTTPSConnectionPool(host='api.open-meteo.com', port=443): Max retries exceeded with url: /v1/forecast?latitude=25.77&longitude=73.33&daily=temperature_2m_max%2Ctemperature_2m_min%2Cprecipitation_sum&timezone=Asia%2FKolkata&forecast_days=2 (Caused by NewConnectionError(""HTTPSConnection(host='api.open-meteo.com', port=443): Failed to establish a new connection: [WinError 10013] An attempt was made to access a socket in a way forbidden by its access permissions""))
Failed district: Sawai Madhopur | error: HTTPSConnectionPool(host='api.open-meteo.com', port=443): Max retries exceeded with url: /v1/forecast?latitude=26.02&longitude=76.35&daily=temperature_2m_max%2Ctemperature_2m_min%2Cprecipitation_sum&timezone=Asia%2FKolkata&forecast_days=2 (Caused by NewConnectionError(""HTTPSConnection(host='api.open-meteo.com', port=443): Failed to establish a new connection: [WinError 10013] An attempt was made to access a socket in a way forbidden by its access permissions""))
Failed district: Sikar | error: HTTPSConnectionPool(host='api.open-meteo.com', port=443): Max retries exceeded with url: /v1/forecast?latitude=27.61&longitude=75.14&daily=temperature_2m_max%2Ctemperature_2m_min%2Cprecipitation_sum&timezone=Asia%2FKolkata&forecast_days=2 (Caused by NewConnectionError(""HTTPSConnection(host='api.open-meteo.com', port=443): Failed to establish a new connection: [WinError 10013] An attempt was made to access a socket in a way forbidden by its access permissions""))
Failed district: Sirohi | error: HTTPSConnectionPool(host='api.open-meteo.com', port=443): Max retries exceeded with url: /v1/forecast?latitude=24.89&longitude=72.86&daily=temperature_2m_max%2Ctemperature_2m_min%2Cprecipitation_sum&timezone=Asia%2FKolkata&forecast_days=2 (Caused by NewConnectionError(""HTTPSConnection(host='api.open-meteo.com', port=443): Failed to establish a new connection: [WinError 10013] An attempt was made to access a socket in a way forbidden by its access permissions""))
Failed district: Udaipur | error: HTTPSConnectionPool(host='api.open-meteo.com', port=443): Max retries exceeded with url: /v1/forecast?latitude=24.58&longitude=73.68&daily=temperature_2m_max%2Ctemperature_2m_min%2Cprecipitation_sum&timezone=Asia%2FKolkata&forecast_days=2 (Caused by NewConnectionError(""HTTPSConnection(host='api.open-meteo.com', port=443): Failed to establish a new connection: [WinError 10013] An attempt was made to access a socket in a way forbidden by its access permissions""))

STDERR:
Traceback (most recent call last):
  File ""d:\Rajasthan Climate Risk Command System\scripts\fetch_daily_weather_api.py"", line 69, in <module>
    raise RuntimeError(""No API rows fetched. Check connectivity or config."")
RuntimeError: No API rows fetched. Check connectivity or config.
",,,,
2026-04-29 11:16:28,success,75555,2025-12-30,0.85,d:\Rajasthan Climate Risk Command System\outputs\daily_alerts_auto.csv,d:\Rajasthan Climate Risk Command System\outputs\daily_top10_auto.csv,d:\Rajasthan Climate Risk Command System\outputs\latest_day_top10_auto.csv,success,d:\Rajasthan Climate Risk Command System\data\raw\api_daily_weather_20260429.csv,d:\Rajasthan Climate Risk Command System\outputs\api_forecast_alerts_step9_guarded.csv,d:\Rajasthan Climate Risk Command System\outputs\api_latest_top10_guarded.csv,"Saved API daily weather file: d:\Rajasthan Climate Risk Command System\data\raw\api_daily_weather_20260429.csv
Shape: (46, 6)
         date  district  rain_mm  tmax_c  tmin_c  tavg_c
0  2026-04-29     Ajmer      0.0    38.5    27.8   33.15
1  2026-04-30     Ajmer      0.0    39.5    26.5   33.00
2  2026-04-29     Alwar      0.0    38.9    25.4   32.15
3  2026-04-30     Alwar      0.0    37.2    25.0   31.10
4  2026-04-29  Banswara      0.0    39.5    25.6   32.55",,,,
2026-04-30 08:28:36,success,75555,2025-12-30,0.85,d:\Rajasthan Climate Risk Command System\outputs\daily_alerts_auto.csv,d:\Rajasthan Climate Risk Command System\outputs\daily_top10_auto.csv,d:\Rajasthan Climate Risk Command System\outputs\latest_day_top10_auto.csv,success,d:\Rajasthan Climate Risk Command System\data\raw\api_daily_weather_20260430.csv,d:\Rajasthan Climate Risk Command System\outputs\api_forecast_alerts_step9_guarded.csv,d:\Rajasthan Climate Risk Command System\outputs\api_latest_top10_guarded.csv,"Saved API daily weather file: d:\Rajasthan Climate Risk Command System\data\raw\api_daily_weather_20260430.csv
Shape: (46, 6)
         date  district  rain_mm  tmax_c  tmin_c  tavg_c
0  2026-04-30     Ajmer      0.0    39.0    27.4   33.20
1  2026-05-01     Ajmer      0.0    39.7    25.8   32.75
2  2026-04-30     Alwar      0.0    37.8    24.0   30.90
3  2026-05-01     Alwar      0.0    38.1    21.5   29.80
4  2026-04-30  Banswara      0.0    39.2    26.4   32.80",,,,
2026-05-01 08:31:38,success,75555,2025-12-30,0.85,d:\Rajasthan Climate Risk Command System\outputs\daily_alerts_auto.csv,d:\Rajasthan Climate Risk Command System\outputs\daily_top10_auto.csv,d:\Rajasthan Climate Risk Command System\outputs\latest_day_top10_auto.csv,success,d:\Rajasthan Climate Risk Command System\data\raw\api_daily_weather_20260501.csv,d:\Rajasthan Climate Risk Command System\outputs\api_forecast_alerts_step9_guarded.csv,d:\Rajasthan Climate Risk Command System\outputs\api_latest_top10_guarded.csv,"Saved API daily weather file: d:\Rajasthan Climate Risk Command System\data\raw\api_daily_weather_20260501.csv
Shape: (46, 6)
         date  district  rain_mm  tmax_c  tmin_c  tavg_c
0  2026-05-01     Ajmer      0.0    39.5    25.9    32.7
1  2026-05-02     Ajmer      0.0    40.7    27.7    34.2
2  2026-05-01     Alwar      0.0    35.5    19.9    27.7
3  2026-05-02     Alwar      0.0    39.3    23.3    31.3
4  2026-05-01  Banswara      0.0    39.0    26.2    32.6",,,,
2026-05-01 22:17:41,success,75555,2025-12-30,0.85,d:\Rajasthan Climate Risk Command System\outputs\daily_alerts_auto.csv,d:\Rajasthan Climate Risk Command System\outputs\daily_top10_auto.csv,d:\Rajasthan Climate Risk Command System\outputs\latest_day_top10_auto.csv,stale_fallback,d:\Rajasthan Climate Risk Command System\data\raw\api_daily_weather_20260501.csv,d:\Rajasthan Climate Risk Command System\outputs\api_forecast_alerts_step9_guarded.csv,d:\Rajasthan Climate Risk Command System\outputs\api_latest_top10_guarded.csv,"Live API fetch failed; used fallback file: d:\Rajasthan Climate Risk Command System\data\raw\api_daily_weather_20260501.csv
Error: API fetch failed.
STDOUT:
Failed district: Ajmer | error: HTTPSConnectionPool(host='api.open-meteo.com', port=443): Max retries exceeded with url: /v1/forecast?latitude=26.45&longitude=74.64&daily=temperature_2m_max%2Ctemperature_2m_min%2Cprecipitation_sum&timezone=Asia%2FKolkata&forecast_days=2 (Caused by NewConnectionError(""HTTPSConnection(host='api.open-meteo.com', port=443): Failed to establish a new connection: [WinError 10013] An attempt was made to access a socket in a way forbidden by its access permissions""))
Failed district: Alwar | error: HTTPSConnectionPool(host='api.open-meteo.com', port=443): Max retries exceeded with url: /v1/forecast?latitude=27.56&longitude=76.61&daily=temperature_2m_max%2Ctemperature_2m_min%2Cprecipitation_sum&timezone=Asia%2FKolkata&forecast_days=2 (Caused by NewConnectionError(""HTTPSConnection(host='api.open-meteo.com', port=443): Failed to establish a new connection: [WinError 10013] An attempt was made to access a socket in a way forbidden by its access permissions""))
Failed district: Banswara | error: HTTPSConnectionPool(host='api.open-meteo.com', port=443): Max retries exceeded with url: /v1/forecast?latitude=23.55&longitude=74.44&daily=temperature_2m_max%2Ctemperature_2m_min%2Cprecipitation_sum&timezone=Asia%2FKolkata&forecast_days=2 (Caused by NewConnectionError(""HTTPSConnection(host='api.open-meteo.com', port=443): Failed to establish a new connection: [WinError 10013] An attempt was made to access a socket in a way forbidden by its access permissions""))
Failed district: Barmer | error: HTTPSConnectionPool(host='api.open-meteo.com', port=443): Max retries exceeded with url: /v1/forecast?latitude=25.75&longitude=71.38&daily=temperature_2m_max%2Ctemperature_2m_min%2Cprecipitation_sum&timezone=Asia%2FKolkata&forecast_days=2 (Caused by NewConnectionError(""HTTPSConnection(host='api.open-meteo.com', port=443): Failed to establish a new connection: [WinError 10013] An attempt was made to access a socket in a way forbidden by its access permissions""))
Failed district: Bhilwara | error: HTTPSConnectionPool(host='api.open-meteo.com', port=443): Max retries exceeded with url: /v1/forecast?latitude=25.35&longitude=74.64&daily=temperature_2m_max%2Ctemperature_2m_min%2Cprecipitation_sum&timezone=Asia%2FKolkata&forecast_days=2 (Caused by NewConnectionError(""HTTPSConnection(host='api.open-meteo.com', port=443): Failed to establish a new connection: [WinError 10013] An attempt was made to access a socket in a way forbidden by its access permissions""))
Failed district: Bikaner | error: HTTPSConnectionPool(host='api.open-meteo.com', port=443): Max retries exceeded with url: /v1/forecast?latitude=28.02&longitude=73.31&daily=temperature_2m_max%2Ctemperature_2m_min%2Cprecipitation_sum&timezone=Asia%2FKolkata&forecast_days=2 (Caused by NewConnectionError(""HTTPSConnection(host='api.open-meteo.com', port=443): Failed to establish a new connection: [WinError 10013] An attempt was made to access a socket in a way forbidden by its access permissions""))
Failed district: Bundi | error: HTTPSConnectionPool(host='api.open-meteo.com', port=443): Max retries exceeded with url: /v1/forecast?latitude=25.44&longitude=75.64&daily=temperature_2m_max%2Ctemperature_2m_min%2Cprecipitation_sum&timezone=Asia%2FKolkata&forecast_days=2 (Caused by NewConnectionError(""HTTPSConnection(host='api.open-meteo.com', port=443): Failed to establish a new connection: [WinError 10013] An attempt was made to access a socket in a way forbidden by its access permissions""))
Failed district: Chittaurgarh | error: HTTPSConnectionPool(host='api.open-meteo.com', port=443): Max retries exceeded with url: /v1/forecast?latitude=24.89&longitude=74.63&daily=temperature_2m_max%2Ctemperature_2m_min%2Cprecipitation_sum&timezone=Asia%2FKolkata&forecast_days=2 (Caused by NewConnectionError(""HTTPSConnection(host='api.open-meteo.com', port=443): Failed to establish a new connection: [WinError 10013] An attempt was made to access a socket in a way forbidden by its access permissions""))
Failed district: Churu | error: HTTPSConnectionPool(host='api.open-meteo.com', port=443): Max retries exceeded with url: /v1/forecast?latitude=28.3&longitude=74.96&daily=temperature_2m_max%2Ctemperature_2m_min%2Cprecipitation_sum&timezone=Asia%2FKolkata&forecast_days=2 (Caused by NewConnectionError(""HTTPSConnection(host='api.open-meteo.com', port=443): Failed to establish a new connection: [WinError 10013] An attempt was made to access a socket in a way forbidden by its access permissions""))
Failed district: Dhaulpur | error: HTTPSConnectionPool(host='api.open-meteo.com', port=443): Max retries exceeded with url: /v1/forecast?latitude=26.7&longitude=77.89&daily=temperature_2m_max%2Ctemperature_2m_min%2Cprecipitation_sum&timezone=Asia%2FKolkata&forecast_days=2 (Caused by NewConnectionError(""HTTPSConnection(host='api.open-meteo.com', port=443): Failed to establish a new connection: [WinError 10013] An attempt was made to access a socket in a way forbidden by its access permissions""))
Failed district: Ganganagar | error: HTTPSConnectionPool(host='api.open-meteo.com', port=443): Max retries exceeded with url: /v1/forecast?latitude=29.91&longitude=73.88&daily=temperature_2m_max%2Ctemperature_2m_min%2Cprecipitation_sum&timezone=Asia%2FKolkata&forecast_days=2 (Caused by NewConnectionError(""HTTPSConnection(host='api.open-meteo.com', port=443): Failed to establish a new connection: [WinError 10013] An attempt was made to access a socket in a way forbidden by its access permissions""))
Failed district: Hanumangarh | error: HTTPSConnectionPool(host='api.open-meteo.com', port=443): Max retries exceeded with url: /v1/forecast?latitude=29.58&longitude=74.33&daily=temperature_2m_max%2Ctemperature_2m_min%2Cprecipitation_sum&timezone=Asia%2FKolkata&forecast_days=2 (Caused by NewConnectionError(""HTTPSConnection(host='api.open-meteo.com', port=443): Failed to establish a new connection: [WinError 10013] An attempt was made to access a socket in a way forbidden by its access permissions""))
Failed district: Jaipur | error: HTTPSConnectionPool(host='api.open-meteo.com', port=443): Max retries exceeded with url: /v1/forecast?latitude=26.91&longitude=75.79&daily=temperature_2m_max%2Ctemperature_2m_min%2Cprecipitation_sum&timezone=Asia%2FKolkata&forecast_days=2 (Caused by NewConnectionError(""HTTPSConnection(host='api.open-meteo.com', port=443): Failed to establish a new connection: [WinError 10013] An attempt was made to access a socket in a way forbidden by its access permissions""))
Failed district: Jaisalmer | error: HTTPSConnectionPool(host='api.open-meteo.com', port=443): Max retries exceeded with url: /v1/forecast?latitude=26.91&longitude=70.91&daily=temperature_2m_max%2Ctemperature_2m_min%2Cprecipitation_sum&timezone=Asia%2FKolkata&forecast_days=2 (Caused by NewConnectionError(""HTTPSConnection(host='api.open-meteo.com', port=443): Failed to establish a new connection: [WinError 10013] An attempt was made to access a socket in a way forbidden by its access permissions""))
Failed district: Jhalawar | error: HTTPSConnectionPool(host='api.open-meteo.com', port=443): Max retries exceeded with url: /v1/forecast?latitude=24.59&longitude=76.16&daily=temperature_2m_max%2Ctemperature_2m_min%2Cprecipitation_sum&timezone=Asia%2FKolkata&forecast_days=2 (Caused by NewConnectionError(""HTTPSConnection(host='api.open-meteo.com', port=443): Failed to establish a new connection: [WinError 10013] An attempt was made to access a socket in a way forbidden by its access permissions""))
Failed district: Jodhpur | error: HTTPSConnectionPool(host='api.open-meteo.com', port=443): Max retries exceeded with url: /v1/forecast?latitude=26.24&longitude=73.02&daily=temperature_2m_max%2Ctemperature_2m_min%2Cprecipitation_sum&timezone=Asia%2FKolkata&forecast_days=2 (Caused by NewConnectionError(""HTTPSConnection(host='api.open-meteo.com', port=443): Failed to establish a new connection: [WinError 10013] An attempt was made to access a socket in a way forbidden by its access permissions""))
Failed district: Kota | error: HTTPSConnectionPool(host='api.open-meteo.com', port=443): Max retries exceeded with url: /v1/forecast?latitude=25.21&longitude=75.86&daily=temperature_2m_max%2Ctemperature_2m_min%2Cprecipitation_sum&timezone=Asia%2FKolkata&forecast_days=2 (Caused by NewConnectionError(""HTTPSConnection(host='api.open-meteo.com', port=443): Failed to establish a new connection: [WinError 10013] An attempt was made to access a socket in a way forbidden by its access permissions""))
Failed district: Nagaur | error: HTTPSConnectionPool(host='api.open-meteo.com', port=443): Max retries exceeded with url: /v1/forecast?latitude=27.2&longitude=73.74&daily=temperature_2m_max%2Ctemperature_2m_min%2Cprecipitation_sum&timezone=Asia%2FKolkata&forecast_days=2 (Caused by NewConnectionError(""HTTPSConnection(host='api.open-meteo.com', port=443): Failed to establish a new connection: [WinError 10013] An attempt was made to access a socket in a way forbidden by its access permissions""))
Failed district: Pali | error: HTTPSConnectionPool(host='api.open-meteo.com', port=443): Max retries exceeded with url: /v1/forecast?latitude=25.77&longitude=73.33&daily=temperature_2m_max%2Ctemperature_2m_min%2Cprecipitation_sum&timezone=Asia%2FKolkata&forecast_days=2 (Caused by NewConnectionError(""HTTPSConnection(host='api.open-meteo.com', port=443): Failed to establish a new connection: [WinError 10013] An attempt was made to access a socket in a way forbidden by its access permissions""))
Failed district: Sawai Madhopur | error: HTTPSConnectionPool(host='api.open-meteo.com', port=443): Max retries exceeded with url: /v1/forecast?latitude=26.02&longitude=76.35&daily=temperature_2m_max%2Ctemperature_2m_min%2Cprecipitation_sum&timezone=Asia%2FKolkata&forecast_days=2 (Caused by NewConnectionError(""HTTPSConnection(host='api.open-meteo.com', port=443): Failed to establish a new connection: [WinError 10013] An attempt was made to access a socket in a way forbidden by its access permissions""))
Failed district: Sikar | error: HTTPSConnectionPool(host='api.open-meteo.com', port=443): Max retries exceeded with url: /v1/forecast?latitude=27.61&longitude=75.14&daily=temperature_2m_max%2Ctemperature_2m_min%2Cprecipitation_sum&timezone=Asia%2FKolkata&forecast_days=2 (Caused by NewConnectionError(""HTTPSConnection(host='api.open-meteo.com', port=443): Failed to establish a new connection: [WinError 10013] An attempt was made to access a socket in a way forbidden by its access permissions""))
Failed district: Sirohi | error: HTTPSConnectionPool(host='api.open-meteo.com', port=443): Max retries exceeded with url: /v1/forecast?latitude=24.89&longitude=72.86&daily=temperature_2m_max%2Ctemperature_2m_min%2Cprecipitation_sum&timezone=Asia%2FKolkata&forecast_days=2 (Caused by NewConnectionError(""HTTPSConnection(host='api.open-meteo.com', port=443): Failed to establish a new connection: [WinError 10013] An attempt was made to access a socket in a way forbidden by its access permissions""))
Failed district: Udaipur | error: HTTPSConnectionPool(host='api.open-meteo.com', port=443): Max retries exceeded with url: /v1/forecast?latitude=24.58&longitude=73.68&daily=temperature_2m_max%2Ctemperature_2m_min%2Cprecipitation_sum&timezone=Asia%2FKolkata&forecast_days=2 (Caused by NewConnectionError(""HTTPSConnection(host='api.open-meteo.com', port=443): Failed to establish a new connection: [WinError 10013] An attempt was made to access a socket in a way forbidden by its access permissions""))

STDERR:
Traceback (most recent call last):
  File ""d:\Rajasthan Climate Risk Command System\scripts\fetch_daily_weather_api.py"", line 69, in <module>
    raise RuntimeError(""No API rows fetched. Check connectivity or config."")
RuntimeError: No API rows fetched. Check connectivity or config.
",d:\Rajasthan Climate Risk Command System\outputs\api_daily_top10_guarded.csv,,,
2026-05-01 22:22:23,success,75555,2025-12-30,0.85,d:\Rajasthan Climate Risk Command System\outputs\daily_alerts_auto.csv,d:\Rajasthan Climate Risk Command System\outputs\daily_top10_auto.csv,d:\Rajasthan Climate Risk Command System\outputs\latest_day_top10_auto.csv,stale_fallback,d:\Rajasthan Climate Risk Command System\data\raw\api_daily_weather_20260501.csv,d:\Rajasthan Climate Risk Command System\outputs\api_forecast_alerts_step9_guarded.csv,d:\Rajasthan Climate Risk Command System\outputs\api_latest_top10_guarded.csv,"Live API fetch failed; used fallback file: d:\Rajasthan Climate Risk Command System\data\raw\api_daily_weather_20260501.csv
Error: API fetch failed.
STDOUT:
Failed district: Ajmer | error: HTTPSConnectionPool(host='api.open-meteo.com', port=443): Max retries exceeded with url: /v1/forecast?latitude=26.45&longitude=74.64&daily=temperature_2m_max%2Ctemperature_2m_min%2Cprecipitation_sum&timezone=Asia%2FKolkata&forecast_days=2 (Caused by NewConnectionError(""HTTPSConnection(host='api.open-meteo.com', port=443): Failed to establish a new connection: [WinError 10013] An attempt was made to access a socket in a way forbidden by its access permissions""))
Failed district: Alwar | error: HTTPSConnectionPool(host='api.open-meteo.com', port=443): Max retries exceeded with url: /v1/forecast?latitude=27.56&longitude=76.61&daily=temperature_2m_max%2Ctemperature_2m_min%2Cprecipitation_sum&timezone=Asia%2FKolkata&forecast_days=2 (Caused by NewConnectionError(""HTTPSConnection(host='api.open-meteo.com', port=443): Failed to establish a new connection: [WinError 10013] An attempt was made to access a socket in a way forbidden by its access permissions""))
Failed district: Banswara | error: HTTPSConnectionPool(host='api.open-meteo.com', port=443): Max retries exceeded with url: /v1/forecast?latitude=23.55&longitude=74.44&daily=temperature_2m_max%2Ctemperature_2m_min%2Cprecipitation_sum&timezone=Asia%2FKolkata&forecast_days=2 (Caused by NewConnectionError(""HTTPSConnection(host='api.open-meteo.com', port=443): Failed to establish a new connection: [WinError 10013] An attempt was made to access a socket in a way forbidden by its access permissions""))
Failed district: Barmer | error: HTTPSConnectionPool(host='api.open-meteo.com', port=443): Max retries exceeded with url: /v1/forecast?latitude=25.75&longitude=71.38&daily=temperature_2m_max%2Ctemperature_2m_min%2Cprecipitation_sum&timezone=Asia%2FKolkata&forecast_days=2 (Caused by NewConnectionError(""HTTPSConnection(host='api.open-meteo.com', port=443): Failed to establish a new connection: [WinError 10013] An attempt was made to access a socket in a way forbidden by its access permissions""))
Failed district: Bhilwara | error: HTTPSConnectionPool(host='api.open-meteo.com', port=443): Max retries exceeded with url: /v1/forecast?latitude=25.35&longitude=74.64&daily=temperature_2m_max%2Ctemperature_2m_min%2Cprecipitation_sum&timezone=Asia%2FKolkata&forecast_days=2 (Caused by NewConnectionError(""HTTPSConnection(host='api.open-meteo.com', port=443): Failed to establish a new connection: [WinError 10013] An attempt was made to access a socket in a way forbidden by its access permissions""))
Failed district: Bikaner | error: HTTPSConnectionPool(host='api.open-meteo.com', port=443): Max retries exceeded with url: /v1/forecast?latitude=28.02&longitude=73.31&daily=temperature_2m_max%2Ctemperature_2m_min%2Cprecipitation_sum&timezone=Asia%2FKolkata&forecast_days=2 (Caused by NewConnectionError(""HTTPSConnection(host='api.open-meteo.com', port=443): Failed to establish a new connection: [WinError 10013] An attempt was made to access a socket in a way forbidden by its access permissions""))
Failed district: Bundi | error: HTTPSConnectionPool(host='api.open-meteo.com', port=443): Max retries exceeded with url: /v1/forecast?latitude=25.44&longitude=75.64&daily=temperature_2m_max%2Ctemperature_2m_min%2Cprecipitation_sum&timezone=Asia%2FKolkata&forecast_days=2 (Caused by NewConnectionError(""HTTPSConnection(host='api.open-meteo.com', port=443): Failed to establish a new connection: [WinError 10013] An attempt was made to access a socket in a way forbidden by its access permissions""))
Failed district: Chittaurgarh | error: HTTPSConnectionPool(host='api.open-meteo.com', port=443): Max retries exceeded with url: /v1/forecast?latitude=24.89&longitude=74.63&daily=temperature_2m_max%2Ctemperature_2m_min%2Cprecipitation_sum&timezone=Asia%2FKolkata&forecast_days=2 (Caused by NewConnectionError(""HTTPSConnection(host='api.open-meteo.com', port=443): Failed to establish a new connection: [WinError 10013] An attempt was made to access a socket in a way forbidden by its access permissions""))
Failed district: Churu | error: HTTPSConnectionPool(host='api.open-meteo.com', port=443): Max retries exceeded with url: /v1/forecast?latitude=28.3&longitude=74.96&daily=temperature_2m_max%2Ctemperature_2m_min%2Cprecipitation_sum&timezone=Asia%2FKolkata&forecast_days=2 (Caused by NewConnectionError(""HTTPSConnection(host='api.open-meteo.com', port=443): Failed to establish a new connection: [WinError 10013] An attempt was made to access a socket in a way forbidden by its access permissions""))
Failed district: Dhaulpur | error: HTTPSConnectionPool(host='api.open-meteo.com', port=443): Max retries exceeded with url: /v1/forecast?latitude=26.7&longitude=77.89&daily=temperature_2m_max%2Ctemperature_2m_min%2Cprecipitation_sum&timezone=Asia%2FKolkata&forecast_days=2 (Caused by NewConnectionError(""HTTPSConnection(host='api.open-meteo.com', port=443): Failed to establish a new connection: [WinError 10013] An attempt was made to access a socket in a way forbidden by its access permissions""))
Failed district: Ganganagar | error: HTTPSConnectionPool(host='api.open-meteo.com', port=443): Max retries exceeded with url: /v1/forecast?latitude=29.91&longitude=73.88&daily=temperature_2m_max%2Ctemperature_2m_min%2Cprecipitation_sum&timezone=Asia%2FKolkata&forecast_days=2 (Caused by NewConnectionError(""HTTPSConnection(host='api.open-meteo.com', port=443): Failed to establish a new connection: [WinError 10013] An attempt was made to access a socket in a way forbidden by its access permissions""))
Failed district: Hanumangarh | error: HTTPSConnectionPool(host='api.open-meteo.com', port=443): Max retries exceeded with url: /v1/forecast?latitude=29.58&longitude=74.33&daily=temperature_2m_max%2Ctemperature_2m_min%2Cprecipitation_sum&timezone=Asia%2FKolkata&forecast_days=2 (Caused by NewConnectionError(""HTTPSConnection(host='api.open-meteo.com', port=443): Failed to establish a new connection: [WinError 10013] An attempt was made to access a socket in a way forbidden by its access permissions""))
Failed district: Jaipur | error: HTTPSConnectionPool(host='api.open-meteo.com', port=443): Max retries exceeded with url: /v1/forecast?latitude=26.91&longitude=75.79&daily=temperature_2m_max%2Ctemperature_2m_min%2Cprecipitation_sum&timezone=Asia%2FKolkata&forecast_days=2 (Caused by NewConnectionError(""HTTPSConnection(host='api.open-meteo.com', port=443): Failed to establish a new connection: [WinError 10013] An attempt was made to access a socket in a way forbidden by its access permissions""))
Failed district: Jaisalmer | error: HTTPSConnectionPool(host='api.open-meteo.com', port=443): Max retries exceeded with url: /v1/forecast?latitude=26.91&longitude=70.91&daily=temperature_2m_max%2Ctemperature_2m_min%2Cprecipitation_sum&timezone=Asia%2FKolkata&forecast_days=2 (Caused by NewConnectionError(""HTTPSConnection(host='api.open-meteo.com', port=443): Failed to establish a new connection: [WinError 10013] An attempt was made to access a socket in a way forbidden by its access permissions""))
Failed district: Jhalawar | error: HTTPSConnectionPool(host='api.open-meteo.com', port=443): Max retries exceeded with url: /v1/forecast?latitude=24.59&longitude=76.16&daily=temperature_2m_max%2Ctemperature_2m_min%2Cprecipitation_sum&timezone=Asia%2FKolkata&forecast_days=2 (Caused by NewConnectionError(""HTTPSConnection(host='api.open-meteo.com', port=443): Failed to establish a new connection: [WinError 10013] An attempt was made to access a socket in a way forbidden by its access permissions""))
Failed district: Jodhpur | error: HTTPSConnectionPool(host='api.open-meteo.com', port=443): Max retries exceeded with url: /v1/forecast?latitude=26.24&longitude=73.02&daily=temperature_2m_max%2Ctemperature_2m_min%2Cprecipitation_sum&timezone=Asia%2FKolkata&forecast_days=2 (Caused by NewConnectionError(""HTTPSConnection(host='api.open-meteo.com', port=443): Failed to establish a new connection: [WinError 10013] An attempt was made to access a socket in a way forbidden by its access permissions""))
Failed district: Kota | error: HTTPSConnectionPool(host='api.open-meteo.com', port=443): Max retries exceeded with url: /v1/forecast?latitude=25.21&longitude=75.86&daily=temperature_2m_max%2Ctemperature_2m_min%2Cprecipitation_sum&timezone=Asia%2FKolkata&forecast_days=2 (Caused by NewConnectionError(""HTTPSConnection(host='api.open-meteo.com', port=443): Failed to establish a new connection: [WinError 10013] An attempt was made to access a socket in a way forbidden by its access permissions""))
Failed district: Nagaur | error: HTTPSConnectionPool(host='api.open-meteo.com', port=443): Max retries exceeded with url: /v1/forecast?latitude=27.2&longitude=73.74&daily=temperature_2m_max%2Ctemperature_2m_min%2Cprecipitation_sum&timezone=Asia%2FKolkata&forecast_days=2 (Caused by NewConnectionError(""HTTPSConnection(host='api.open-meteo.com', port=443): Failed to establish a new connection: [WinError 10013] An attempt was made to access a socket in a way forbidden by its access permissions""))
Failed district: Pali | error: HTTPSConnectionPool(host='api.open-meteo.com', port=443): Max retries exceeded with url: /v1/forecast?latitude=25.77&longitude=73.33&daily=temperature_2m_max%2Ctemperature_2m_min%2Cprecipitation_sum&timezone=Asia%2FKolkata&forecast_days=2 (Caused by NewConnectionError(""HTTPSConnection(host='api.open-meteo.com', port=443): Failed to establish a new connection: [WinError 10013] An attempt was made to access a socket in a way forbidden by its access permissions""))
Failed district: Sawai Madhopur | error: HTTPSConnectionPool(host='api.open-meteo.com', port=443): Max retries exceeded with url: /v1/forecast?latitude=26.02&longitude=76.35&daily=temperature_2m_max%2Ctemperature_2m_min%2Cprecipitation_sum&timezone=Asia%2FKolkata&forecast_days=2 (Caused by NewConnectionError(""HTTPSConnection(host='api.open-meteo.com', port=443): Failed to establish a new connection: [WinError 10013] An attempt was made to access a socket in a way forbidden by its access permissions""))
Failed district: Sikar | error: HTTPSConnectionPool(host='api.open-meteo.com', port=443): Max retries exceeded with url: /v1/forecast?latitude=27.61&longitude=75.14&daily=temperature_2m_max%2Ctemperature_2m_min%2Cprecipitation_sum&timezone=Asia%2FKolkata&forecast_days=2 (Caused by NewConnectionError(""HTTPSConnection(host='api.open-meteo.com', port=443): Failed to establish a new connection: [WinError 10013] An attempt was made to access a socket in a way forbidden by its access permissions""))
Failed district: Sirohi | error: HTTPSConnectionPool(host='api.open-meteo.com', port=443): Max retries exceeded with url: /v1/forecast?latitude=24.89&longitude=72.86&daily=temperature_2m_max%2Ctemperature_2m_min%2Cprecipitation_sum&timezone=Asia%2FKolkata&forecast_days=2 (Caused by NewConnectionError(""HTTPSConnection(host='api.open-meteo.com', port=443): Failed to establish a new connection: [WinError 10013] An attempt was made to access a socket in a way forbidden by its access permissions""))
Failed district: Udaipur | error: HTTPSConnectionPool(host='api.open-meteo.com', port=443): Max retries exceeded with url: /v1/forecast?latitude=24.58&longitude=73.68&daily=temperature_2m_max%2Ctemperature_2m_min%2Cprecipitation_sum&timezone=Asia%2FKolkata&forecast_days=2 (Caused by NewConnectionError(""HTTPSConnection(host='api.open-meteo.com', port=443): Failed to establish a new connection: [WinError 10013] An attempt was made to access a socket in a way forbidden by its access permissions""))

STDERR:
Traceback (most recent call last):
  File ""d:\Rajasthan Climate Risk Command System\scripts\fetch_daily_weather_api.py"", line 69, in <module>
    raise RuntimeError(""No API rows fetched. Check connectivity or config."")
RuntimeError: No API rows fetched. Check connectivity or config.
",d:\Rajasthan Climate Risk Command System\outputs\api_daily_top10_guarded.csv,,,
2026-05-01 22:26:45,success,75555,2025-12-30,0.85,d:\Rajasthan Climate Risk Command System\outputs\daily_alerts_auto.csv,d:\Rajasthan Climate Risk Command System\outputs\daily_top10_auto.csv,d:\Rajasthan Climate Risk Command System\outputs\latest_day_top10_auto.csv,stale_fallback,d:\Rajasthan Climate Risk Command System\data\raw\api_daily_weather_20260501.csv,d:\Rajasthan Climate Risk Command System\outputs\api_forecast_alerts_step9_guarded.csv,d:\Rajasthan Climate Risk Command System\outputs\api_latest_top10_guarded.csv,"Live API fetch failed; used fallback file: d:\Rajasthan Climate Risk Command System\data\raw\api_daily_weather_20260501.csv
Error: API fetch failed.
STDOUT:
Failed district: Ajmer | error: HTTPSConnectionPool(host='api.open-meteo.com', port=443): Max retries exceeded with url: /v1/forecast?latitude=26.45&longitude=74.64&daily=temperature_2m_max%2Ctemperature_2m_min%2Cprecipitation_sum&timezone=Asia%2FKolkata&forecast_days=2 (Caused by NewConnectionError(""HTTPSConnection(host='api.open-meteo.com', port=443): Failed to establish a new connection: [WinError 10013] An attempt was made to access a socket in a way forbidden by its access permissions""))
Failed district: Alwar | error: HTTPSConnectionPool(host='api.open-meteo.com', port=443): Max retries exceeded with url: /v1/forecast?latitude=27.56&longitude=76.61&daily=temperature_2m_max%2Ctemperature_2m_min%2Cprecipitation_sum&timezone=Asia%2FKolkata&forecast_days=2 (Caused by NewConnectionError(""HTTPSConnection(host='api.open-meteo.com', port=443): Failed to establish a new connection: [WinError 10013] An attempt was made to access a socket in a way forbidden by its access permissions""))
Failed district: Banswara | error: HTTPSConnectionPool(host='api.open-meteo.com', port=443): Max retries exceeded with url: /v1/forecast?latitude=23.55&longitude=74.44&daily=temperature_2m_max%2Ctemperature_2m_min%2Cprecipitation_sum&timezone=Asia%2FKolkata&forecast_days=2 (Caused by NewConnectionError(""HTTPSConnection(host='api.open-meteo.com', port=443): Failed to establish a new connection: [WinError 10013] An attempt was made to access a socket in a way forbidden by its access permissions""))
Failed district: Barmer | error: HTTPSConnectionPool(host='api.open-meteo.com', port=443): Max retries exceeded with url: /v1/forecast?latitude=25.75&longitude=71.38&daily=temperature_2m_max%2Ctemperature_2m_min%2Cprecipitation_sum&timezone=Asia%2FKolkata&forecast_days=2 (Caused by NewConnectionError(""HTTPSConnection(host='api.open-meteo.com', port=443): Failed to establish a new connection: [WinError 10013] An attempt was made to access a socket in a way forbidden by its access permissions""))
Failed district: Bhilwara | error: HTTPSConnectionPool(host='api.open-meteo.com', port=443): Max retries exceeded with url: /v1/forecast?latitude=25.35&longitude=74.64&daily=temperature_2m_max%2Ctemperature_2m_min%2Cprecipitation_sum&timezone=Asia%2FKolkata&forecast_days=2 (Caused by NewConnectionError(""HTTPSConnection(host='api.open-meteo.com', port=443): Failed to establish a new connection: [WinError 10013] An attempt was made to access a socket in a way forbidden by its access permissions""))
Failed district: Bikaner | error: HTTPSConnectionPool(host='api.open-meteo.com', port=443): Max retries exceeded with url: /v1/forecast?latitude=28.02&longitude=73.31&daily=temperature_2m_max%2Ctemperature_2m_min%2Cprecipitation_sum&timezone=Asia%2FKolkata&forecast_days=2 (Caused by NewConnectionError(""HTTPSConnection(host='api.open-meteo.com', port=443): Failed to establish a new connection: [WinError 10013] An attempt was made to access a socket in a way forbidden by its access permissions""))
Failed district: Bundi | error: HTTPSConnectionPool(host='api.open-meteo.com', port=443): Max retries exceeded with url: /v1/forecast?latitude=25.44&longitude=75.64&daily=temperature_2m_max%2Ctemperature_2m_min%2Cprecipitation_sum&timezone=Asia%2FKolkata&forecast_days=2 (Caused by NewConnectionError(""HTTPSConnection(host='api.open-meteo.com', port=443): Failed to establish a new connection: [WinError 10013] An attempt was made to access a socket in a way forbidden by its access permissions""))
Failed district: Chittaurgarh | error: HTTPSConnectionPool(host='api.open-meteo.com', port=443): Max retries exceeded with url: /v1/forecast?latitude=24.89&longitude=74.63&daily=temperature_2m_max%2Ctemperature_2m_min%2Cprecipitation_sum&timezone=Asia%2FKolkata&forecast_days=2 (Caused by NewConnectionError(""HTTPSConnection(host='api.open-meteo.com', port=443): Failed to establish a new connection: [WinError 10013] An attempt was made to access a socket in a way forbidden by its access permissions""))
Failed district: Churu | error: HTTPSConnectionPool(host='api.open-meteo.com', port=443): Max retries exceeded with url: /v1/forecast?latitude=28.3&longitude=74.96&daily=temperature_2m_max%2Ctemperature_2m_min%2Cprecipitation_sum&timezone=Asia%2FKolkata&forecast_days=2 (Caused by NewConnectionError(""HTTPSConnection(host='api.open-meteo.com', port=443): Failed to establish a new connection: [WinError 10013] An attempt was made to access a socket in a way forbidden by its access permissions""))
Failed district: Dhaulpur | error: HTTPSConnectionPool(host='api.open-meteo.com', port=443): Max retries exceeded with url: /v1/forecast?latitude=26.7&longitude=77.89&daily=temperature_2m_max%2Ctemperature_2m_min%2Cprecipitation_sum&timezone=Asia%2FKolkata&forecast_days=2 (Caused by NewConnectionError(""HTTPSConnection(host='api.open-meteo.com', port=443): Failed to establish a new connection: [WinError 10013] An attempt was made to access a socket in a way forbidden by its access permissions""))
Failed district: Ganganagar | error: HTTPSConnectionPool(host='api.open-meteo.com', port=443): Max retries exceeded with url: /v1/forecast?latitude=29.91&longitude=73.88&daily=temperature_2m_max%2Ctemperature_2m_min%2Cprecipitation_sum&timezone=Asia%2FKolkata&forecast_days=2 (Caused by NewConnectionError(""HTTPSConnection(host='api.open-meteo.com', port=443): Failed to establish a new connection: [WinError 10013] An attempt was made to access a socket in a way forbidden by its access permissions""))
Failed district: Hanumangarh | error: HTTPSConnectionPool(host='api.open-meteo.com', port=443): Max retries exceeded with url: /v1/forecast?latitude=29.58&longitude=74.33&daily=temperature_2m_max%2Ctemperature_2m_min%2Cprecipitation_sum&timezone=Asia%2FKolkata&forecast_days=2 (Caused by NewConnectionError(""HTTPSConnection(host='api.open-meteo.com', port=443): Failed to establish a new connection: [WinError 10013] An attempt was made to access a socket in a way forbidden by its access permissions""))
Failed district: Jaipur | error: HTTPSConnectionPool(host='api.open-meteo.com', port=443): Max retries exceeded with url: /v1/forecast?latitude=26.91&longitude=75.79&daily=temperature_2m_max%2Ctemperature_2m_min%2Cprecipitation_sum&timezone=Asia%2FKolkata&forecast_days=2 (Caused by NewConnectionError(""HTTPSConnection(host='api.open-meteo.com', port=443): Failed to establish a new connection: [WinError 10013] An attempt was made to access a socket in a way forbidden by its access permissions""))
Failed district: Jaisalmer | error: HTTPSConnectionPool(host='api.open-meteo.com', port=443): Max retries exceeded with url: /v1/forecast?latitude=26.91&longitude=70.91&daily=temperature_2m_max%2Ctemperature_2m_min%2Cprecipitation_sum&timezone=Asia%2FKolkata&forecast_days=2 (Caused by NewConnectionError(""HTTPSConnection(host='api.open-meteo.com', port=443): Failed to establish a new connection: [WinError 10013] An attempt was made to access a socket in a way forbidden by its access permissions""))
Failed district: Jhalawar | error: HTTPSConnectionPool(host='api.open-meteo.com', port=443): Max retries exceeded with url: /v1/forecast?latitude=24.59&longitude=76.16&daily=temperature_2m_max%2Ctemperature_2m_min%2Cprecipitation_sum&timezone=Asia%2FKolkata&forecast_days=2 (Caused by NewConnectionError(""HTTPSConnection(host='api.open-meteo.com', port=443): Failed to establish a new connection: [WinError 10013] An attempt was made to access a socket in a way forbidden by its access permissions""))
Failed district: Jodhpur | error: HTTPSConnectionPool(host='api.open-meteo.com', port=443): Max retries exceeded with url: /v1/forecast?latitude=26.24&longitude=73.02&daily=temperature_2m_max%2Ctemperature_2m_min%2Cprecipitation_sum&timezone=Asia%2FKolkata&forecast_days=2 (Caused by NewConnectionError(""HTTPSConnection(host='api.open-meteo.com', port=443): Failed to establish a new connection: [WinError 10013] An attempt was made to access a socket in a way forbidden by its access permissions""))
Failed district: Kota | error: HTTPSConnectionPool(host='api.open-meteo.com', port=443): Max retries exceeded with url: /v1/forecast?latitude=25.21&longitude=75.86&daily=temperature_2m_max%2Ctemperature_2m_min%2Cprecipitation_sum&timezone=Asia%2FKolkata&forecast_days=2 (Caused by NewConnectionError(""HTTPSConnection(host='api.open-meteo.com', port=443): Failed to establish a new connection: [WinError 10013] An attempt was made to access a socket in a way forbidden by its access permissions""))
Failed district: Nagaur | error: HTTPSConnectionPool(host='api.open-meteo.com', port=443): Max retries exceeded with url: /v1/forecast?latitude=27.2&longitude=73.74&daily=temperature_2m_max%2Ctemperature_2m_min%2Cprecipitation_sum&timezone=Asia%2FKolkata&forecast_days=2 (Caused by NewConnectionError(""HTTPSConnection(host='api.open-meteo.com', port=443): Failed to establish a new connection: [WinError 10013] An attempt was made to access a socket in a way forbidden by its access permissions""))
Failed district: Pali | error: HTTPSConnectionPool(host='api.open-meteo.com', port=443): Max retries exceeded with url: /v1/forecast?latitude=25.77&longitude=73.33&daily=temperature_2m_max%2Ctemperature_2m_min%2Cprecipitation_sum&timezone=Asia%2FKolkata&forecast_days=2 (Caused by NewConnectionError(""HTTPSConnection(host='api.open-meteo.com', port=443): Failed to establish a new connection: [WinError 10013] An attempt was made to access a socket in a way forbidden by its access permissions""))
Failed district: Sawai Madhopur | error: HTTPSConnectionPool(host='api.open-meteo.com', port=443): Max retries exceeded with url: /v1/forecast?latitude=26.02&longitude=76.35&daily=temperature_2m_max%2Ctemperature_2m_min%2Cprecipitation_sum&timezone=Asia%2FKolkata&forecast_days=2 (Caused by NewConnectionError(""HTTPSConnection(host='api.open-meteo.com', port=443): Failed to establish a new connection: [WinError 10013] An attempt was made to access a socket in a way forbidden by its access permissions""))
Failed district: Sikar | error: HTTPSConnectionPool(host='api.open-meteo.com', port=443): Max retries exceeded with url: /v1/forecast?latitude=27.61&longitude=75.14&daily=temperature_2m_max%2Ctemperature_2m_min%2Cprecipitation_sum&timezone=Asia%2FKolkata&forecast_days=2 (Caused by NewConnectionError(""HTTPSConnection(host='api.open-meteo.com', port=443): Failed to establish a new connection: [WinError 10013] An attempt was made to access a socket in a way forbidden by its access permissions""))
Failed district: Sirohi | error: HTTPSConnectionPool(host='api.open-meteo.com', port=443): Max retries exceeded with url: /v1/forecast?latitude=24.89&longitude=72.86&daily=temperature_2m_max%2Ctemperature_2m_min%2Cprecipitation_sum&timezone=Asia%2FKolkata&forecast_days=2 (Caused by NewConnectionError(""HTTPSConnection(host='api.open-meteo.com', port=443): Failed to establish a new connection: [WinError 10013] An attempt was made to access a socket in a way forbidden by its access permissions""))
Failed district: Udaipur | error: HTTPSConnectionPool(host='api.open-meteo.com', port=443): Max retries exceeded with url: /v1/forecast?latitude=24.58&longitude=73.68&daily=temperature_2m_max%2Ctemperature_2m_min%2Cprecipitation_sum&timezone=Asia%2FKolkata&forecast_days=2 (Caused by NewConnectionError(""HTTPSConnection(host='api.open-meteo.com', port=443): Failed to establish a new connection: [WinError 10013] An attempt was made to access a socket in a way forbidden by its access permissions""))

STDERR:
Traceback (most recent call last):
  File ""d:\Rajasthan Climate Risk Command System\scripts\fetch_daily_weather_api.py"", line 69, in <module>
    raise RuntimeError(""No API rows fetched. Check connectivity or config."")
RuntimeError: No API rows fetched. Check connectivity or config.
",d:\Rajasthan Climate Risk Command System\outputs\api_daily_top10_guarded.csv,d:\Rajasthan Climate Risk Command System\docs\step10_data_reliability_report.csv,,
2026-05-02 00:00:11,success,75555,2025-12-30,0.85,d:\Rajasthan Climate Risk Command System\outputs\daily_alerts_auto.csv,d:\Rajasthan Climate Risk Command System\outputs\daily_top10_auto.csv,d:\Rajasthan Climate Risk Command System\outputs\latest_day_top10_auto.csv,stale_fallback,d:\Rajasthan Climate Risk Command System\data\raw\api_daily_weather_20260501.csv,d:\Rajasthan Climate Risk Command System\outputs\api_forecast_alerts_step9_guarded.csv,d:\Rajasthan Climate Risk Command System\outputs\api_latest_top10_guarded.csv,"quality_mode=fallback_after_fetch_error; valid_archive_files=3; invalid_archive_files=0
Live API fetch failed; used fallback file: d:\Rajasthan Climate Risk Command System\data\raw\api_daily_weather_20260501.csv
Error: API fetch failed.
STDOUT:
Failed district: Ajmer | error: HTTPSConnectionPool(host='api.open-meteo.com', port=443): Max retries exceeded with url: /v1/forecast?latitude=26.45&longitude=74.64&daily=temperature_2m_max%2Ctemperature_2m_min%2Cprecipitation_sum&timezone=Asia%2FKolkata&forecast_days=2 (Caused by NewConnectionError(""HTTPSConnection(host='api.open-meteo.com', port=443): Failed to establish a new connection: [WinError 10013] An attempt was made to access a socket in a way forbidden by its access permissions""))
Failed district: Alwar | error: HTTPSConnectionPool(host='api.open-meteo.com', port=443): Max retries exceeded with url: /v1/forecast?latitude=27.56&longitude=76.61&daily=temperature_2m_max%2Ctemperature_2m_min%2Cprecipitation_sum&timezone=Asia%2FKolkata&forecast_days=2 (Caused by NewConnectionError(""HTTPSConnection(host='api.open-meteo.com', port=443): Failed to establish a new connection: [WinError 10013] An attempt was made to access a socket in a way forbidden by its access permissions""))
Failed district: Banswara | error: HTTPSConnectionPool(host='api.open-meteo.com', port=443): Max retries exceeded with url: /v1/forecast?latitude=23.55&longitude=74.44&daily=temperature_2m_max%2Ctemperature_2m_min%2Cprecipitation_sum&timezone=Asia%2FKolkata&forecast_days=2 (Caused by NewConnectionError(""HTTPSConnection(host='api.open-meteo.com', port=443): Failed to establish a new connection: [WinError 10013] An attempt was made to access a socket in a way forbidden by its access permissions""))
Failed district: Barmer | error: HTTPSConnectionPool(host='api.open-meteo.com', port=443): Max retries exceeded with url: /v1/forecast?latitude=25.75&longitude=71.38&daily=temperature_2m_max%2Ctemperature_2m_min%2Cprecipitation_sum&timezone=Asia%2FKolkata&forecast_days=2 (Caused by NewConnectionError(""HTTPSConnection(host='api.open-meteo.com', port=443): Failed to establish a new connection: [WinError 10013] An attempt was made to access a socket in a way forbidden by its access permissions""))
Failed district: Bhilwara | error: HTTPSConnectionPool(host='api.open-meteo.com', port=443): Max retries exceeded with url: /v1/forecast?latitude=25.35&longitude=74.64&daily=temperature_2m_max%2Ctemperature_2m_min%2Cprecipitation_sum&timezone=Asia%2FKolkata&forecast_days=2 (Caused by NewConnectionError(""HTTPSConnection(host='api.open-meteo.com', port=443): Failed to establish a new connection: [WinError 10013] An attempt was made to access a socket in a way forbidden by its access permissions""))
Failed district: Bikaner | error: HTTPSConnectionPool(host='api.open-meteo.com', port=443): Max retries exceeded with url: /v1/forecast?latitude=28.02&longitude=73.31&daily=temperature_2m_max%2Ctemperature_2m_min%2Cprecipitation_sum&timezone=Asia%2FKolkata&forecast_days=2 (Caused by NewConnectionError(""HTTPSConnection(host='api.open-meteo.com', port=443): Failed to establish a new connection: [WinError 10013] An attempt was made to access a socket in a way forbidden by its access permissions""))
Failed district: Bundi | error: HTTPSConnectionPool(host='api.open-meteo.com', port=443): Max retries exceeded with url: /v1/forecast?latitude=25.44&longitude=75.64&daily=temperature_2m_max%2Ctemperature_2m_min%2Cprecipitation_sum&timezone=Asia%2FKolkata&forecast_days=2 (Caused by NewConnectionError(""HTTPSConnection(host='api.open-meteo.com', port=443): Failed to establish a new connection: [WinError 10013] An attempt was made to access a socket in a way forbidden by its access permissions""))
Failed district: Chittaurgarh | error: HTTPSConnectionPool(host='api.open-meteo.com', port=443): Max retries exceeded with url: /v1/forecast?latitude=24.89&longitude=74.63&daily=temperature_2m_max%2Ctemperature_2m_min%2Cprecipitation_sum&timezone=Asia%2FKolkata&forecast_days=2 (Caused by NewConnectionError(""HTTPSConnection(host='api.open-meteo.com', port=443): Failed to establish a new connection: [WinError 10013] An attempt was made to access a socket in a way forbidden by its access permissions""))
Failed district: Churu | error: HTTPSConnectionPool(host='api.open-meteo.com', port=443): Max retries exceeded with url: /v1/forecast?latitude=28.3&longitude=74.96&daily=temperature_2m_max%2Ctemperature_2m_min%2Cprecipitation_sum&timezone=Asia%2FKolkata&forecast_days=2 (Caused by NewConnectionError(""HTTPSConnection(host='api.open-meteo.com', port=443): Failed to establish a new connection: [WinError 10013] An attempt was made to access a socket in a way forbidden by its access permissions""))
Failed district: Dhaulpur | error: HTTPSConnectionPool(host='api.open-meteo.com', port=443): Max retries exceeded with url: /v1/forecast?latitude=26.7&longitude=77.89&daily=temperature_2m_max%2Ctemperature_2m_min%2Cprecipitation_sum&timezone=Asia%2FKolkata&forecast_days=2 (Caused by NewConnectionError(""HTTPSConnection(host='api.open-meteo.com', port=443): Failed to establish a new connection: [WinError 10013] An attempt was made to access a socket in a way forbidden by its access permissions""))
Failed district: Ganganagar | error: HTTPSConnectionPool(host='api.open-meteo.com', port=443): Max retries exceeded with url: /v1/forecast?latitude=29.91&longitude=73.88&daily=temperature_2m_max%2Ctemperature_2m_min%2Cprecipitation_sum&timezone=Asia%2FKolkata&forecast_days=2 (Caused by NewConnectionError(""HTTPSConnection(host='api.open-meteo.com', port=443): Failed to establish a new connection: [WinError 10013] An attempt was made to access a socket in a way forbidden by its access permissions""))
Failed district: Hanumangarh | error: HTTPSConnectionPool(host='api.open-meteo.com', port=443): Max retries exceeded with url: /v1/forecast?latitude=29.58&longitude=74.33&daily=temperature_2m_max%2Ctemperature_2m_min%2Cprecipitation_sum&timezone=Asia%2FKolkata&forecast_days=2 (Caused by NewConnectionError(""HTTPSConnection(host='api.open-meteo.com', port=443): Failed to establish a new connection: [WinError 10013] An attempt was made to access a socket in a way forbidden by its access permissions""))
Failed district: Jaipur | error: HTTPSConnectionPool(host='api.open-meteo.com', port=443): Max retries exceeded with url: /v1/forecast?latitude=26.91&longitude=75.79&daily=temperature_2m_max%2Ctemperature_2m_min%2Cprecipitation_sum&timezone=Asia%2FKolkata&forecast_days=2 (Caused by NewConnectionError(""HTTPSConnection(host='api.open-meteo.com', port=443): Failed to establish a new connection: [WinError 10013] An attempt was made to access a socket in a way forbidden by its access permissions""))
Failed district: Jaisalmer | error: HTTPSConnectionPool(host='api.open-meteo.com', port=443): Max retries exceeded with url: /v1/forecast?latitude=26.91&longitude=70.91&daily=temperature_2m_max%2Ctemperature_2m_min%2Cprecipitation_sum&timezone=Asia%2FKolkata&forecast_days=2 (Caused by NewConnectionError(""HTTPSConnection(host='api.open-meteo.com', port=443): Failed to establish a new connection: [WinError 10013] An attempt was made to access a socket in a way forbidden by its access permissions""))
Failed district: Jhalawar | error: HTTPSConnectionPool(host='api.open-meteo.com', port=443): Max retries exceeded with url: /v1/forecast?latitude=24.59&longitude=76.16&daily=temperature_2m_max%2Ctemperature_2m_min%2Cprecipitation_sum&timezone=Asia%2FKolkata&forecast_days=2 (Caused by NewConnectionError(""HTTPSConnection(host='api.open-meteo.com', port=443): Failed to establish a new connection: [WinError 10013] An attempt was made to access a socket in a way forbidden by its access permissions""))
Failed district: Jodhpur | error: HTTPSConnectionPool(host='api.open-meteo.com', port=443): Max retries exceeded with url: /v1/forecast?latitude=26.24&longitude=73.02&daily=temperature_2m_max%2Ctemperature_2m_min%2Cprecipitation_sum&timezone=Asia%2FKolkata&forecast_days=2 (Caused by NewConnectionError(""HTTPSConnection(host='api.open-meteo.com', port=443): Failed to establish a new connection: [WinError 10013] An attempt was made to access a socket in a way forbidden by its access permissions""))
Failed district: Kota | error: HTTPSConnectionPool(host='api.open-meteo.com', port=443): Max retries exceeded with url: /v1/forecast?latitude=25.21&longitude=75.86&daily=temperature_2m_max%2Ctemperature_2m_min%2Cprecipitation_sum&timezone=Asia%2FKolkata&forecast_days=2 (Caused by NewConnectionError(""HTTPSConnection(host='api.open-meteo.com', port=443): Failed to establish a new connection: [WinError 10013] An attempt was made to access a socket in a way forbidden by its access permissions""))
Failed district: Nagaur | error: HTTPSConnectionPool(host='api.open-meteo.com', port=443): Max retries exceeded with url: /v1/forecast?latitude=27.2&longitude=73.74&daily=temperature_2m_max%2Ctemperature_2m_min%2Cprecipitation_sum&timezone=Asia%2FKolkata&forecast_days=2 (Caused by NewConnectionError(""HTTPSConnection(host='api.open-meteo.com', port=443): Failed to establish a new connection: [WinError 10013] An attempt was made to access a socket in a way forbidden by its access permissions""))
Failed district: Pali | error: HTTPSConnectionPool(host='api.open-meteo.com', port=443): Max retries exceeded with url: /v1/forecast?latitude=25.77&longitude=73.33&daily=temperature_2m_max%2Ctemperature_2m_min%2Cprecipitation_sum&timezone=Asia%2FKolkata&forecast_days=2 (Caused by NewConnectionError(""HTTPSConnection(host='api.open-meteo.com', port=443): Failed to establish a new connection: [WinError 10013] An attempt was made to access a socket in a way forbidden by its access permissions""))
Failed district: Sawai Madhopur | error: HTTPSConnectionPool(host='api.open-meteo.com', port=443): Max retries exceeded with url: /v1/forecast?latitude=26.02&longitude=76.35&daily=temperature_2m_max%2Ctemperature_2m_min%2Cprecipitation_sum&timezone=Asia%2FKolkata&forecast_days=2 (Caused by NewConnectionError(""HTTPSConnection(host='api.open-meteo.com', port=443): Failed to establish a new connection: [WinError 10013] An attempt was made to access a socket in a way forbidden by its access permissions""))
Failed district: Sikar | error: HTTPSConnectionPool(host='api.open-meteo.com', port=443): Max retries exceeded with url: /v1/forecast?latitude=27.61&longitude=75.14&daily=temperature_2m_max%2Ctemperature_2m_min%2Cprecipitation_sum&timezone=Asia%2FKolkata&forecast_days=2 (Caused by NewConnectionError(""HTTPSConnection(host='api.open-meteo.com', port=443): Failed to establish a new connection: [WinError 10013] An attempt was made to access a socket in a way forbidden by its access permissions""))
Failed district: Sirohi | error: HTTPSConnectionPool(host='api.open-meteo.com', port=443): Max retries exceeded with url: /v1/forecast?latitude=24.89&longitude=72.86&daily=temperature_2m_max%2Ctemperature_2m_min%2Cprecipitation_sum&timezone=Asia%2FKolkata&forecast_days=2 (Caused by NewConnectionError(""HTTPSConnection(host='api.open-meteo.com', port=443): Failed to establish a new connection: [WinError 10013] An attempt was made to access a socket in a way forbidden by its access permissions""))
Failed district: Udaipur | error: HTTPSConnectionPool(host='api.open-meteo.com', port=443): Max retries exceeded with url: /v1/forecast?latitude=24.58&longitude=73.68&daily=temperature_2m_max%2Ctemperature_2m_min%2Cprecipitation_sum&timezone=Asia%2FKolkata&forecast_days=2 (Caused by NewConnectionError(""HTTPSConnection(host='api.open-meteo.com', port=443): Failed to establish a new connection: [WinError 10013] An attempt was made to access a socket in a way forbidden by its access permissions""))

STDERR:
Traceback (most recent call last):
  File ""d:\Rajasthan Climate Risk Command System\scripts\fetch_daily_weather_api.py"", line 69, in <module>
    raise RuntimeError(""No API rows fetched. Check connectivity or config."")
RuntimeError: No API rows fetched. Check connectivity or config.
",d:\Rajasthan Climate Risk Command System\outputs\api_daily_top10_guarded.csv,d:\Rajasthan Climate Risk Command System\docs\step10_data_reliability_report.csv,,
2026-05-02 00:50:52,success,75555,2025-12-30,0.85,d:\Rajasthan Climate Risk Command System\outputs\daily_alerts_auto.csv,d:\Rajasthan Climate Risk Command System\outputs\daily_top10_auto.csv,d:\Rajasthan Climate Risk Command System\outputs\latest_day_top10_auto.csv,stale_fallback,d:\Rajasthan Climate Risk Command System\data\raw\api_daily_weather_20260501.csv,d:\Rajasthan Climate Risk Command System\outputs\api_forecast_alerts_step9_guarded.csv,d:\Rajasthan Climate Risk Command System\outputs\api_latest_top10_guarded.csv,"quality_mode=fallback_after_fetch_error; valid_archive_files=3; invalid_archive_files=0
Live API fetch failed; used fallback file: d:\Rajasthan Climate Risk Command System\data\raw\api_daily_weather_20260501.csv
Error: API fetch failed.
STDOUT:
Failed district: Ajmer | error: HTTPSConnectionPool(host='api.open-meteo.com', port=443): Max retries exceeded with url: /v1/forecast?latitude=26.45&longitude=74.64&daily=temperature_2m_max%2Ctemperature_2m_min%2Cprecipitation_sum&timezone=Asia%2FKolkata&forecast_days=2 (Caused by NewConnectionError(""HTTPSConnection(host='api.open-meteo.com', port=443): Failed to establish a new connection: [WinError 10013] An attempt was made to access a socket in a way forbidden by its access permissions""))
Failed district: Alwar | error: HTTPSConnectionPool(host='api.open-meteo.com', port=443): Max retries exceeded with url: /v1/forecast?latitude=27.56&longitude=76.61&daily=temperature_2m_max%2Ctemperature_2m_min%2Cprecipitation_sum&timezone=Asia%2FKolkata&forecast_days=2 (Caused by NewConnectionError(""HTTPSConnection(host='api.open-meteo.com', port=443): Failed to establish a new connection: [WinError 10013] An attempt was made to access a socket in a way forbidden by its access permissions""))
Failed district: Banswara | error: HTTPSConnectionPool(host='api.open-meteo.com', port=443): Max retries exceeded with url: /v1/forecast?latitude=23.55&longitude=74.44&daily=temperature_2m_max%2Ctemperature_2m_min%2Cprecipitation_sum&timezone=Asia%2FKolkata&forecast_days=2 (Caused by NewConnectionError(""HTTPSConnection(host='api.open-meteo.com', port=443): Failed to establish a new connection: [WinError 10013] An attempt was made to access a socket in a way forbidden by its access permissions""))
Failed district: Barmer | error: HTTPSConnectionPool(host='api.open-meteo.com', port=443): Max retries exceeded with url: /v1/forecast?latitude=25.75&longitude=71.38&daily=temperature_2m_max%2Ctemperature_2m_min%2Cprecipitation_sum&timezone=Asia%2FKolkata&forecast_days=2 (Caused by NewConnectionError(""HTTPSConnection(host='api.open-meteo.com', port=443): Failed to establish a new connection: [WinError 10013] An attempt was made to access a socket in a way forbidden by its access permissions""))
Failed district: Bhilwara | error: HTTPSConnectionPool(host='api.open-meteo.com', port=443): Max retries exceeded with url: /v1/forecast?latitude=25.35&longitude=74.64&daily=temperature_2m_max%2Ctemperature_2m_min%2Cprecipitation_sum&timezone=Asia%2FKolkata&forecast_days=2 (Caused by NewConnectionError(""HTTPSConnection(host='api.open-meteo.com', port=443): Failed to establish a new connection: [WinError 10013] An attempt was made to access a socket in a way forbidden by its access permissions""))
Failed district: Bikaner | error: HTTPSConnectionPool(host='api.open-meteo.com', port=443): Max retries exceeded with url: /v1/forecast?latitude=28.02&longitude=73.31&daily=temperature_2m_max%2Ctemperature_2m_min%2Cprecipitation_sum&timezone=Asia%2FKolkata&forecast_days=2 (Caused by NewConnectionError(""HTTPSConnection(host='api.open-meteo.com', port=443): Failed to establish a new connection: [WinError 10013] An attempt was made to access a socket in a way forbidden by its access permissions""))
Failed district: Bundi | error: HTTPSConnectionPool(host='api.open-meteo.com', port=443): Max retries exceeded with url: /v1/forecast?latitude=25.44&longitude=75.64&daily=temperature_2m_max%2Ctemperature_2m_min%2Cprecipitation_sum&timezone=Asia%2FKolkata&forecast_days=2 (Caused by NewConnectionError(""HTTPSConnection(host='api.open-meteo.com', port=443): Failed to establish a new connection: [WinError 10013] An attempt was made to access a socket in a way forbidden by its access permissions""))
Failed district: Chittaurgarh | error: HTTPSConnectionPool(host='api.open-meteo.com', port=443): Max retries exceeded with url: /v1/forecast?latitude=24.89&longitude=74.63&daily=temperature_2m_max%2Ctemperature_2m_min%2Cprecipitation_sum&timezone=Asia%2FKolkata&forecast_days=2 (Caused by NewConnectionError(""HTTPSConnection(host='api.open-meteo.com', port=443): Failed to establish a new connection: [WinError 10013] An attempt was made to access a socket in a way forbidden by its access permissions""))
Failed district: Churu | error: HTTPSConnectionPool(host='api.open-meteo.com', port=443): Max retries exceeded with url: /v1/forecast?latitude=28.3&longitude=74.96&daily=temperature_2m_max%2Ctemperature_2m_min%2Cprecipitation_sum&timezone=Asia%2FKolkata&forecast_days=2 (Caused by NewConnectionError(""HTTPSConnection(host='api.open-meteo.com', port=443): Failed to establish a new connection: [WinError 10013] An attempt was made to access a socket in a way forbidden by its access permissions""))
Failed district: Dhaulpur | error: HTTPSConnectionPool(host='api.open-meteo.com', port=443): Max retries exceeded with url: /v1/forecast?latitude=26.7&longitude=77.89&daily=temperature_2m_max%2Ctemperature_2m_min%2Cprecipitation_sum&timezone=Asia%2FKolkata&forecast_days=2 (Caused by NewConnectionError(""HTTPSConnection(host='api.open-meteo.com', port=443): Failed to establish a new connection: [WinError 10013] An attempt was made to access a socket in a way forbidden by its access permissions""))
Failed district: Ganganagar | error: HTTPSConnectionPool(host='api.open-meteo.com', port=443): Max retries exceeded with url: /v1/forecast?latitude=29.91&longitude=73.88&daily=temperature_2m_max%2Ctemperature_2m_min%2Cprecipitation_sum&timezone=Asia%2FKolkata&forecast_days=2 (Caused by NewConnectionError(""HTTPSConnection(host='api.open-meteo.com', port=443): Failed to establish a new connection: [WinError 10013] An attempt was made to access a socket in a way forbidden by its access permissions""))
Failed district: Hanumangarh | error: HTTPSConnectionPool(host='api.open-meteo.com', port=443): Max retries exceeded with url: /v1/forecast?latitude=29.58&longitude=74.33&daily=temperature_2m_max%2Ctemperature_2m_min%2Cprecipitation_sum&timezone=Asia%2FKolkata&forecast_days=2 (Caused by NewConnectionError(""HTTPSConnection(host='api.open-meteo.com', port=443): Failed to establish a new connection: [WinError 10013] An attempt was made to access a socket in a way forbidden by its access permissions""))
Failed district: Jaipur | error: HTTPSConnectionPool(host='api.open-meteo.com', port=443): Max retries exceeded with url: /v1/forecast?latitude=26.91&longitude=75.79&daily=temperature_2m_max%2Ctemperature_2m_min%2Cprecipitation_sum&timezone=Asia%2FKolkata&forecast_days=2 (Caused by NewConnectionError(""HTTPSConnection(host='api.open-meteo.com', port=443): Failed to establish a new connection: [WinError 10013] An attempt was made to access a socket in a way forbidden by its access permissions""))
Failed district: Jaisalmer | error: HTTPSConnectionPool(host='api.open-meteo.com', port=443): Max retries exceeded with url: /v1/forecast?latitude=26.91&longitude=70.91&daily=temperature_2m_max%2Ctemperature_2m_min%2Cprecipitation_sum&timezone=Asia%2FKolkata&forecast_days=2 (Caused by NewConnectionError(""HTTPSConnection(host='api.open-meteo.com', port=443): Failed to establish a new connection: [WinError 10013] An attempt was made to access a socket in a way forbidden by its access permissions""))
Failed district: Jhalawar | error: HTTPSConnectionPool(host='api.open-meteo.com', port=443): Max retries exceeded with url: /v1/forecast?latitude=24.59&longitude=76.16&daily=temperature_2m_max%2Ctemperature_2m_min%2Cprecipitation_sum&timezone=Asia%2FKolkata&forecast_days=2 (Caused by NewConnectionError(""HTTPSConnection(host='api.open-meteo.com', port=443): Failed to establish a new connection: [WinError 10013] An attempt was made to access a socket in a way forbidden by its access permissions""))
Failed district: Jodhpur | error: HTTPSConnectionPool(host='api.open-meteo.com', port=443): Max retries exceeded with url: /v1/forecast?latitude=26.24&longitude=73.02&daily=temperature_2m_max%2Ctemperature_2m_min%2Cprecipitation_sum&timezone=Asia%2FKolkata&forecast_days=2 (Caused by NewConnectionError(""HTTPSConnection(host='api.open-meteo.com', port=443): Failed to establish a new connection: [WinError 10013] An attempt was made to access a socket in a way forbidden by its access permissions""))
Failed district: Kota | error: HTTPSConnectionPool(host='api.open-meteo.com', port=443): Max retries exceeded with url: /v1/forecast?latitude=25.21&longitude=75.86&daily=temperature_2m_max%2Ctemperature_2m_min%2Cprecipitation_sum&timezone=Asia%2FKolkata&forecast_days=2 (Caused by NewConnectionError(""HTTPSConnection(host='api.open-meteo.com', port=443): Failed to establish a new connection: [WinError 10013] An attempt was made to access a socket in a way forbidden by its access permissions""))
Failed district: Nagaur | error: HTTPSConnectionPool(host='api.open-meteo.com', port=443): Max retries exceeded with url: /v1/forecast?latitude=27.2&longitude=73.74&daily=temperature_2m_max%2Ctemperature_2m_min%2Cprecipitation_sum&timezone=Asia%2FKolkata&forecast_days=2 (Caused by NewConnectionError(""HTTPSConnection(host='api.open-meteo.com', port=443): Failed to establish a new connection: [WinError 10013] An attempt was made to access a socket in a way forbidden by its access permissions""))
Failed district: Pali | error: HTTPSConnectionPool(host='api.open-meteo.com', port=443): Max retries exceeded with url: /v1/forecast?latitude=25.77&longitude=73.33&daily=temperature_2m_max%2Ctemperature_2m_min%2Cprecipitation_sum&timezone=Asia%2FKolkata&forecast_days=2 (Caused by NewConnectionError(""HTTPSConnection(host='api.open-meteo.com', port=443): Failed to establish a new connection: [WinError 10013] An attempt was made to access a socket in a way forbidden by its access permissions""))
Failed district: Sawai Madhopur | error: HTTPSConnectionPool(host='api.open-meteo.com', port=443): Max retries exceeded with url: /v1/forecast?latitude=26.02&longitude=76.35&daily=temperature_2m_max%2Ctemperature_2m_min%2Cprecipitation_sum&timezone=Asia%2FKolkata&forecast_days=2 (Caused by NewConnectionError(""HTTPSConnection(host='api.open-meteo.com', port=443): Failed to establish a new connection: [WinError 10013] An attempt was made to access a socket in a way forbidden by its access permissions""))
Failed district: Sikar | error: HTTPSConnectionPool(host='api.open-meteo.com', port=443): Max retries exceeded with url: /v1/forecast?latitude=27.61&longitude=75.14&daily=temperature_2m_max%2Ctemperature_2m_min%2Cprecipitation_sum&timezone=Asia%2FKolkata&forecast_days=2 (Caused by NewConnectionError(""HTTPSConnection(host='api.open-meteo.com', port=443): Failed to establish a new connection: [WinError 10013] An attempt was made to access a socket in a way forbidden by its access permissions""))
Failed district: Sirohi | error: HTTPSConnectionPool(host='api.open-meteo.com', port=443): Max retries exceeded with url: /v1/forecast?latitude=24.89&longitude=72.86&daily=temperature_2m_max%2Ctemperature_2m_min%2Cprecipitation_sum&timezone=Asia%2FKolkata&forecast_days=2 (Caused by NewConnectionError(""HTTPSConnection(host='api.open-meteo.com', port=443): Failed to establish a new connection: [WinError 10013] An attempt was made to access a socket in a way forbidden by its access permissions""))
Failed district: Udaipur | error: HTTPSConnectionPool(host='api.open-meteo.com', port=443): Max retries exceeded with url: /v1/forecast?latitude=24.58&longitude=73.68&daily=temperature_2m_max%2Ctemperature_2m_min%2Cprecipitation_sum&timezone=Asia%2FKolkata&forecast_days=2 (Caused by NewConnectionError(""HTTPSConnection(host='api.open-meteo.com', port=443): Failed to establish a new connection: [WinError 10013] An attempt was made to access a socket in a way forbidden by its access permissions""))

STDERR:
Traceback (most recent call last):
  File ""d:\Rajasthan Climate Risk Command System\scripts\fetch_daily_weather_api.py"", line 69, in <module>
    raise RuntimeError(""No API rows fetched. Check connectivity or config."")
RuntimeError: No API rows fetched. Check connectivity or config.
",d:\Rajasthan Climate Risk Command System\outputs\api_daily_top10_guarded.csv,d:\Rajasthan Climate Risk Command System\docs\step10_data_reliability_report.csv,,
2026-05-03 09:21:37,success,75555,2025-12-30,0.85,D:\Rajasthan Climate Risk Command System\outputs\daily_alerts_auto.csv,D:\Rajasthan Climate Risk Command System\outputs\daily_top10_auto.csv,D:\Rajasthan Climate Risk Command System\outputs\latest_day_top10_auto.csv,success,D:\Rajasthan Climate Risk Command System\data\raw\api_daily_weather_20260503.csv,D:\Rajasthan Climate Risk Command System\outputs\api_forecast_alerts_step9_guarded.csv,D:\Rajasthan Climate Risk Command System\outputs\api_latest_top10_guarded.csv,"quality_mode=live_valid; selected_file=D:\Rajasthan Climate Risk Command System\data\raw\api_daily_weather_20260503.csv
Saved API daily weather file: D:\Rajasthan Climate Risk Command System\data\raw\api_daily_weather_20260503.csv
Shape: (46, 6)
         date  district  rain_mm  tmax_c  tmin_c  tavg_c
0  2026-05-03     Ajmer      0.0    39.6    26.8   33.20
1  2026-05-04     Ajmer      1.5    38.7    25.2   31.95
2  2026-05-03     Alwar      0.0    37.8    24.0   30.90
3  2026-05-04     Alwar     12.6    36.7    22.4   29.55
4  2026-05-03  Banswara      0.0    38.2    26.0   32.10",D:\Rajasthan Climate Risk Command System\outputs\api_daily_top10_guarded.csv,D:\Rajasthan Climate Risk Command System\docs\step10_data_reliability_report.csv,,
2026-05-03 22:40:53,success,75555,2025-12-30,0.85,D:\Rajasthan Climate Risk Command System\outputs\daily_alerts_auto.csv,D:\Rajasthan Climate Risk Command System\outputs\daily_top10_auto.csv,D:\Rajasthan Climate Risk Command System\outputs\latest_day_top10_auto.csv,stale_fallback,D:\Rajasthan Climate Risk Command System\data\raw\api_daily_weather_20260503.csv,D:\Rajasthan Climate Risk Command System\outputs\api_forecast_alerts_step9_guarded.csv,D:\Rajasthan Climate Risk Command System\outputs\api_latest_top10_guarded.csv,"quality_mode=fallback_after_fetch_error; valid_archive_files=4; invalid_archive_files=0
Live API fetch failed; used fallback file: D:\Rajasthan Climate Risk Command System\data\raw\api_daily_weather_20260503.csv
Error: API fetch failed.
STDOUT:
Failed district: Ajmer | error: HTTPSConnectionPool(host='api.open-meteo.com', port=443): Max retries exceeded with url: /v1/forecast?latitude=26.45&longitude=74.64&daily=temperature_2m_max%2Ctemperature_2m_min%2Cprecipitation_sum&timezone=Asia%2FKolkata&forecast_days=2 (Caused by NewConnectionError(""HTTPSConnection(host='api.open-meteo.com', port=443): Failed to establish a new connection: [WinError 10013] An attempt was made to access a socket in a way forbidden by its access permissions""))
Failed district: Alwar | error: HTTPSConnectionPool(host='api.open-meteo.com', port=443): Max retries exceeded with url: /v1/forecast?latitude=27.56&longitude=76.61&daily=temperature_2m_max%2Ctemperature_2m_min%2Cprecipitation_sum&timezone=Asia%2FKolkata&forecast_days=2 (Caused by NewConnectionError(""HTTPSConnection(host='api.open-meteo.com', port=443): Failed to establish a new connection: [WinError 10013] An attempt was made to access a socket in a way forbidden by its access permissions""))
Failed district: Banswara | error: HTTPSConnectionPool(host='api.open-meteo.com', port=443): Max retries exceeded with url: /v1/forecast?latitude=23.55&longitude=74.44&daily=temperature_2m_max%2Ctemperature_2m_min%2Cprecipitation_sum&timezone=Asia%2FKolkata&forecast_days=2 (Caused by NewConnectionError(""HTTPSConnection(host='api.open-meteo.com', port=443): Failed to establish a new connection: [WinError 10013] An attempt was made to access a socket in a way forbidden by its access permissions""))
Failed district: Barmer | error: HTTPSConnectionPool(host='api.open-meteo.com', port=443): Max retries exceeded with url: /v1/forecast?latitude=25.75&longitude=71.38&daily=temperature_2m_max%2Ctemperature_2m_min%2Cprecipitation_sum&timezone=Asia%2FKolkata&forecast_days=2 (Caused by NewConnectionError(""HTTPSConnection(host='api.open-meteo.com', port=443): Failed to establish a new connection: [WinError 10013] An attempt was made to access a socket in a way forbidden by its access permissions""))
Failed district: Bhilwara | error: HTTPSConnectionPool(host='api.open-meteo.com', port=443): Max retries exceeded with url: /v1/forecast?latitude=25.35&longitude=74.64&daily=temperature_2m_max%2Ctemperature_2m_min%2Cprecipitation_sum&timezone=Asia%2FKolkata&forecast_days=2 (Caused by NewConnectionError(""HTTPSConnection(host='api.open-meteo.com', port=443): Failed to establish a new connection: [WinError 10013] An attempt was made to access a socket in a way forbidden by its access permissions""))
Failed district: Bikaner | error: HTTPSConnectionPool(host='api.open-meteo.com', port=443): Max retries exceeded with url: /v1/forecast?latitude=28.02&longitude=73.31&daily=temperature_2m_max%2Ctemperature_2m_min%2Cprecipitation_sum&timezone=Asia%2FKolkata&forecast_days=2 (Caused by NewConnectionError(""HTTPSConnection(host='api.open-meteo.com', port=443): Failed to establish a new connection: [WinError 10013] An attempt was made to access a socket in a way forbidden by its access permissions""))
Failed district: Bundi | error: HTTPSConnectionPool(host='api.open-meteo.com', port=443): Max retries exceeded with url: /v1/forecast?latitude=25.44&longitude=75.64&daily=temperature_2m_max%2Ctemperature_2m_min%2Cprecipitation_sum&timezone=Asia%2FKolkata&forecast_days=2 (Caused by NewConnectionError(""HTTPSConnection(host='api.open-meteo.com', port=443): Failed to establish a new connection: [WinError 10013] An attempt was made to access a socket in a way forbidden by its access permissions""))
Failed district: Chittaurgarh | error: HTTPSConnectionPool(host='api.open-meteo.com', port=443): Max retries exceeded with url: /v1/forecast?latitude=24.89&longitude=74.63&daily=temperature_2m_max%2Ctemperature_2m_min%2Cprecipitation_sum&timezone=Asia%2FKolkata&forecast_days=2 (Caused by NewConnectionError(""HTTPSConnection(host='api.open-meteo.com', port=443): Failed to establish a new connection: [WinError 10013] An attempt was made to access a socket in a way forbidden by its access permissions""))
Failed district: Churu | error: HTTPSConnectionPool(host='api.open-meteo.com', port=443): Max retries exceeded with url: /v1/forecast?latitude=28.3&longitude=74.96&daily=temperature_2m_max%2Ctemperature_2m_min%2Cprecipitation_sum&timezone=Asia%2FKolkata&forecast_days=2 (Caused by NewConnectionError(""HTTPSConnection(host='api.open-meteo.com', port=443): Failed to establish a new connection: [WinError 10013] An attempt was made to access a socket in a way forbidden by its access permissions""))
Failed district: Dhaulpur | error: HTTPSConnectionPool(host='api.open-meteo.com', port=443): Max retries exceeded with url: /v1/forecast?latitude=26.7&longitude=77.89&daily=temperature_2m_max%2Ctemperature_2m_min%2Cprecipitation_sum&timezone=Asia%2FKolkata&forecast_days=2 (Caused by NewConnectionError(""HTTPSConnection(host='api.open-meteo.com', port=443): Failed to establish a new connection: [WinError 10013] An attempt was made to access a socket in a way forbidden by its access permissions""))
Failed district: Ganganagar | error: HTTPSConnectionPool(host='api.open-meteo.com', port=443): Max retries exceeded with url: /v1/forecast?latitude=29.91&longitude=73.88&daily=temperature_2m_max%2Ctemperature_2m_min%2Cprecipitation_sum&timezone=Asia%2FKolkata&forecast_days=2 (Caused by NewConnectionError(""HTTPSConnection(host='api.open-meteo.com', port=443): Failed to establish a new connection: [WinError 10013] An attempt was made to access a socket in a way forbidden by its access permissions""))
Failed district: Hanumangarh | error: HTTPSConnectionPool(host='api.open-meteo.com', port=443): Max retries exceeded with url: /v1/forecast?latitude=29.58&longitude=74.33&daily=temperature_2m_max%2Ctemperature_2m_min%2Cprecipitation_sum&timezone=Asia%2FKolkata&forecast_days=2 (Caused by NewConnectionError(""HTTPSConnection(host='api.open-meteo.com', port=443): Failed to establish a new connection: [WinError 10013] An attempt was made to access a socket in a way forbidden by its access permissions""))
Failed district: Jaipur | error: HTTPSConnectionPool(host='api.open-meteo.com', port=443): Max retries exceeded with url: /v1/forecast?latitude=26.91&longitude=75.79&daily=temperature_2m_max%2Ctemperature_2m_min%2Cprecipitation_sum&timezone=Asia%2FKolkata&forecast_days=2 (Caused by NewConnectionError(""HTTPSConnection(host='api.open-meteo.com', port=443): Failed to establish a new connection: [WinError 10013] An attempt was made to access a socket in a way forbidden by its access permissions""))
Failed district: Jaisalmer | error: HTTPSConnectionPool(host='api.open-meteo.com', port=443): Max retries exceeded with url: /v1/forecast?latitude=26.91&longitude=70.91&daily=temperature_2m_max%2Ctemperature_2m_min%2Cprecipitation_sum&timezone=Asia%2FKolkata&forecast_days=2 (Caused by NewConnectionError(""HTTPSConnection(host='api.open-meteo.com', port=443): Failed to establish a new connection: [WinError 10013] An attempt was made to access a socket in a way forbidden by its access permissions""))
Failed district: Jhalawar | error: HTTPSConnectionPool(host='api.open-meteo.com', port=443): Max retries exceeded with url: /v1/forecast?latitude=24.59&longitude=76.16&daily=temperature_2m_max%2Ctemperature_2m_min%2Cprecipitation_sum&timezone=Asia%2FKolkata&forecast_days=2 (Caused by NewConnectionError(""HTTPSConnection(host='api.open-meteo.com', port=443): Failed to establish a new connection: [WinError 10013] An attempt was made to access a socket in a way forbidden by its access permissions""))
Failed district: Jodhpur | error: HTTPSConnectionPool(host='api.open-meteo.com', port=443): Max retries exceeded with url: /v1/forecast?latitude=26.24&longitude=73.02&daily=temperature_2m_max%2Ctemperature_2m_min%2Cprecipitation_sum&timezone=Asia%2FKolkata&forecast_days=2 (Caused by NewConnectionError(""HTTPSConnection(host='api.open-meteo.com', port=443): Failed to establish a new connection: [WinError 10013] An attempt was made to access a socket in a way forbidden by its access permissions""))
Failed district: Kota | error: HTTPSConnectionPool(host='api.open-meteo.com', port=443): Max retries exceeded with url: /v1/forecast?latitude=25.21&longitude=75.86&daily=temperature_2m_max%2Ctemperature_2m_min%2Cprecipitation_sum&timezone=Asia%2FKolkata&forecast_days=2 (Caused by NewConnectionError(""HTTPSConnection(host='api.open-meteo.com', port=443): Failed to establish a new connection: [WinError 10013] An attempt was made to access a socket in a way forbidden by its access permissions""))
Failed district: Nagaur | error: HTTPSConnectionPool(host='api.open-meteo.com', port=443): Max retries exceeded with url: /v1/forecast?latitude=27.2&longitude=73.74&daily=temperature_2m_max%2Ctemperature_2m_min%2Cprecipitation_sum&timezone=Asia%2FKolkata&forecast_days=2 (Caused by NewConnectionError(""HTTPSConnection(host='api.open-meteo.com', port=443): Failed to establish a new connection: [WinError 10013] An attempt was made to access a socket in a way forbidden by its access permissions""))
Failed district: Pali | error: HTTPSConnectionPool(host='api.open-meteo.com', port=443): Max retries exceeded with url: /v1/forecast?latitude=25.77&longitude=73.33&daily=temperature_2m_max%2Ctemperature_2m_min%2Cprecipitation_sum&timezone=Asia%2FKolkata&forecast_days=2 (Caused by NewConnectionError(""HTTPSConnection(host='api.open-meteo.com', port=443): Failed to establish a new connection: [WinError 10013] An attempt was made to access a socket in a way forbidden by its access permissions""))
Failed district: Sawai Madhopur | error: HTTPSConnectionPool(host='api.open-meteo.com', port=443): Max retries exceeded with url: /v1/forecast?latitude=26.02&longitude=76.35&daily=temperature_2m_max%2Ctemperature_2m_min%2Cprecipitation_sum&timezone=Asia%2FKolkata&forecast_days=2 (Caused by NewConnectionError(""HTTPSConnection(host='api.open-meteo.com', port=443): Failed to establish a new connection: [WinError 10013] An attempt was made to access a socket in a way forbidden by its access permissions""))
Failed district: Sikar | error: HTTPSConnectionPool(host='api.open-meteo.com', port=443): Max retries exceeded with url: /v1/forecast?latitude=27.61&longitude=75.14&daily=temperature_2m_max%2Ctemperature_2m_min%2Cprecipitation_sum&timezone=Asia%2FKolkata&forecast_days=2 (Caused by NewConnectionError(""HTTPSConnection(host='api.open-meteo.com', port=443): Failed to establish a new connection: [WinError 10013] An attempt was made to access a socket in a way forbidden by its access permissions""))
Failed district: Sirohi | error: HTTPSConnectionPool(host='api.open-meteo.com', port=443): Max retries exceeded with url: /v1/forecast?latitude=24.89&longitude=72.86&daily=temperature_2m_max%2Ctemperature_2m_min%2Cprecipitation_sum&timezone=Asia%2FKolkata&forecast_days=2 (Caused by NewConnectionError(""HTTPSConnection(host='api.open-meteo.com', port=443): Failed to establish a new connection: [WinError 10013] An attempt was made to access a socket in a way forbidden by its access permissions""))
Failed district: Udaipur | error: HTTPSConnectionPool(host='api.open-meteo.com', port=443): Max retries exceeded with url: /v1/forecast?latitude=24.58&longitude=73.68&daily=temperature_2m_max%2Ctemperature_2m_min%2Cprecipitation_sum&timezone=Asia%2FKolkata&forecast_days=2 (Caused by NewConnectionError(""HTTPSConnection(host='api.open-meteo.com', port=443): Failed to establish a new connection: [WinError 10013] An attempt was made to access a socket in a way forbidden by its access permissions""))

STDERR:
Traceback (most recent call last):
  File ""D:\Rajasthan Climate Risk Command System\scripts\fetch_daily_weather_api.py"", line 74, in <module>
    raise RuntimeError(""No API rows fetched. Check connectivity or config."")
RuntimeError: No API rows fetched. Check connectivity or config.
",D:\Rajasthan Climate Risk Command System\outputs\api_daily_top10_guarded.csv,D:\Rajasthan Climate Risk Command System\docs\step10_data_reliability_report.csv,,
2026-05-04 08:58:23,success,75555,2025-12-30,0.85,D:\Rajasthan Climate Risk Command System\outputs\daily_alerts_auto.csv,D:\Rajasthan Climate Risk Command System\outputs\daily_top10_auto.csv,D:\Rajasthan Climate Risk Command System\outputs\latest_day_top10_auto.csv,success,D:\Rajasthan Climate Risk Command System\data\raw\api_daily_weather_20260504.csv,D:\Rajasthan Climate Risk Command System\outputs\api_forecast_alerts_step9_guarded.csv,D:\Rajasthan Climate Risk Command System\outputs\api_latest_top10_guarded.csv,"quality_mode=live_valid; selected_file=D:\Rajasthan Climate Risk Command System\data\raw\api_daily_weather_20260504.csv
Failed district: Sawai Madhopur | error: ('Connection aborted.', ConnectionResetError(10054, 'An existing connection was forcibly closed by the remote host', None, 10054, None))
Saved API daily weather file: D:\Rajasthan Climate Risk Command System\data\raw\api_daily_weather_20260504.csv
Shape: (44, 6)
         date  district  rain_mm  tmax_c  tmin_c  tavg_c
0  2026-05-04     Ajmer      0.4    38.4    24.2   31.30
1  2026-05-05     Ajmer      1.3    35.9    22.5   29.20
2  2026-05-04     Alwar     21.5    33.5    21.9   27.70
3  2026-05-05     Alwar      6.8    32.7    20.2   26.45
4  2026-05-04  Banswara      0.0    38.2    26.0   32.10",D:\Rajasthan Climate Risk Command System\outputs\api_daily_top10_guarded.csv,D:\Rajasthan Climate Risk Command System\docs\step10_data_reliability_report.csv,,
2026-05-04 10:11:24,failed,0,,,,,,not_started,,,,"Traceback (most recent call last):
  File ""D:\Rajasthan Climate Risk Command System\scripts\run_daily_heat_alert_pipeline.py"", line 677, in main
    hist_out = build_historical_auto_alerts(model_table, model_obj, model_features, best_thr, model_mode)
  File ""D:\Rajasthan Climate Risk Command System\scripts\run_daily_heat_alert_pipeline.py"", line 331, in build_historical_auto_alerts
    all_prob = predict_prob(model_obj, x_all)
  File ""D:\Rajasthan Climate Risk Command System\scripts\run_daily_heat_alert_pipeline.py"", line 213, in predict_prob
    return model_obj.predict_proba(x_df)[:, 1]
           ^^^^^^^^^^^^^^^^^^^^^^^
AttributeError: 'dict' object has no attribute 'predict_proba'
",,,,
2026-05-04 10:12:14,failed,0,,,,,,not_started,,,,"Traceback (most recent call last):
  File ""D:\Rajasthan Climate Risk Command System\scripts\run_daily_heat_alert_pipeline.py"", line 689, in main
    api_file, api_stdout = fetch_latest_api_file()
                           ~~~~~~~~~~~~~~~~~~~~~^^
  File ""D:\Rajasthan Climate Risk Command System\scripts\run_daily_heat_alert_pipeline.py"", line 393, in fetch_latest_api_file
    raise RuntimeError(f""API fetch failed.\nSTDOUT:\n{proc.stdout}\nSTDERR:\n{proc.stderr}"")
RuntimeError: API fetch failed.
STDOUT:
Failed district: Ajmer | error: HTTPSConnectionPool(host='api.open-meteo.com', port=443): Max retries exceeded with url: /v1/forecast?latitude=26.45&longitude=74.64&daily=temperature_2m_max%2Ctemperature_2m_min%2Cprecipitation_sum&timezone=Asia%2FKolkata&forecast_days=2 (Caused by NewConnectionError(""HTTPSConnection(host='api.open-meteo.com', port=443): Failed to establish a new connection: [WinError 10013] An attempt was made to access a socket in a way forbidden by its access permissions""))
Failed district: Alwar | error: HTTPSConnectionPool(host='api.open-meteo.com', port=443): Max retries exceeded with url: /v1/forecast?latitude=27.56&longitude=76.61&daily=temperature_2m_max%2Ctemperature_2m_min%2Cprecipitation_sum&timezone=Asia%2FKolkata&forecast_days=2 (Caused by NewConnectionError(""HTTPSConnection(host='api.open-meteo.com', port=443): Failed to establish a new connection: [WinError 10013] An attempt was made to access a socket in a way forbidden by its access permissions""))
Failed district: Banswara | error: HTTPSConnectionPool(host='api.open-meteo.com', port=443): Max retries exceeded with url: /v1/forecast?latitude=23.55&longitude=74.44&daily=temperature_2m_max%2Ctemperature_2m_min%2Cprecipitation_sum&timezone=Asia%2FKolkata&forecast_days=2 (Caused by NewConnectionError(""HTTPSConnection(host='api.open-meteo.com', port=443): Failed to establish a new connection: [WinError 10013] An attempt was made to access a socket in a way forbidden by its access permissions""))
Failed district: Barmer | error: HTTPSConnectionPool(host='api.open-meteo.com', port=443): Max retries exceeded with url: /v1/forecast?latitude=25.75&longitude=71.38&daily=temperature_2m_max%2Ctemperature_2m_min%2Cprecipitation_sum&timezone=Asia%2FKolkata&forecast_days=2 (Caused by NewConnectionError(""HTTPSConnection(host='api.open-meteo.com', port=443): Failed to establish a new connection: [WinError 10013] An attempt was made to access a socket in a way forbidden by its access permissions""))
Failed district: Bhilwara | error: HTTPSConnectionPool(host='api.open-meteo.com', port=443): Max retries exceeded with url: /v1/forecast?latitude=25.35&longitude=74.64&daily=temperature_2m_max%2Ctemperature_2m_min%2Cprecipitation_sum&timezone=Asia%2FKolkata&forecast_days=2 (Caused by NewConnectionError(""HTTPSConnection(host='api.open-meteo.com', port=443): Failed to establish a new connection: [WinError 10013] An attempt was made to access a socket in a way forbidden by its access permissions""))
Failed district: Bikaner | error: HTTPSConnectionPool(host='api.open-meteo.com', port=443): Max retries exceeded with url: /v1/forecast?latitude=28.02&longitude=73.31&daily=temperature_2m_max%2Ctemperature_2m_min%2Cprecipitation_sum&timezone=Asia%2FKolkata&forecast_days=2 (Caused by NewConnectionError(""HTTPSConnection(host='api.open-meteo.com', port=443): Failed to establish a new connection: [WinError 10013] An attempt was made to access a socket in a way forbidden by its access permissions""))
Failed district: Bundi | error: HTTPSConnectionPool(host='api.open-meteo.com', port=443): Max retries exceeded with url: /v1/forecast?latitude=25.44&longitude=75.64&daily=temperature_2m_max%2Ctemperature_2m_min%2Cprecipitation_sum&timezone=Asia%2FKolkata&forecast_days=2 (Caused by NewConnectionError(""HTTPSConnection(host='api.open-meteo.com', port=443): Failed to establish a new connection: [WinError 10013] An attempt was made to access a socket in a way forbidden by its access permissions""))
Failed district: Chittaurgarh | error: HTTPSConnectionPool(host='api.open-meteo.com', port=443): Max retries exceeded with url: /v1/forecast?latitude=24.89&longitude=74.63&daily=temperature_2m_max%2Ctemperature_2m_min%2Cprecipitation_sum&timezone=Asia%2FKolkata&forecast_days=2 (Caused by NewConnectionError(""HTTPSConnection(host='api.open-meteo.com', port=443): Failed to establish a new connection: [WinError 10013] An attempt was made to access a socket in a way forbidden by its access permissions""))
Failed district: Churu | error: HTTPSConnectionPool(host='api.open-meteo.com', port=443): Max retries exceeded with url: /v1/forecast?latitude=28.3&longitude=74.96&daily=temperature_2m_max%2Ctemperature_2m_min%2Cprecipitation_sum&timezone=Asia%2FKolkata&forecast_days=2 (Caused by NewConnectionError(""HTTPSConnection(host='api.open-meteo.com', port=443): Failed to establish a new connection: [WinError 10013] An attempt was made to access a socket in a way forbidden by its access permissions""))
Failed district: Dhaulpur | error: HTTPSConnectionPool(host='api.open-meteo.com', port=443): Max retries exceeded with url: /v1/forecast?latitude=26.7&longitude=77.89&daily=temperature_2m_max%2Ctemperature_2m_min%2Cprecipitation_sum&timezone=Asia%2FKolkata&forecast_days=2 (Caused by NewConnectionError(""HTTPSConnection(host='api.open-meteo.com', port=443): Failed to establish a new connection: [WinError 10013] An attempt was made to access a socket in a way forbidden by its access permissions""))
Failed district: Ganganagar | error: HTTPSConnectionPool(host='api.open-meteo.com', port=443): Max retries exceeded with url: /v1/forecast?latitude=29.91&longitude=73.88&daily=temperature_2m_max%2Ctemperature_2m_min%2Cprecipitation_sum&timezone=Asia%2FKolkata&forecast_days=2 (Caused by NewConnectionError(""HTTPSConnection(host='api.open-meteo.com', port=443): Failed to establish a new connection: [WinError 10013] An attempt was made to access a socket in a way forbidden by its access permissions""))
Failed district: Hanumangarh | error: HTTPSConnectionPool(host='api.open-meteo.com', port=443): Max retries exceeded with url: /v1/forecast?latitude=29.58&longitude=74.33&daily=temperature_2m_max%2Ctemperature_2m_min%2Cprecipitation_sum&timezone=Asia%2FKolkata&forecast_days=2 (Caused by NewConnectionError(""HTTPSConnection(host='api.open-meteo.com', port=443): Failed to establish a new connection: [WinError 10013] An attempt was made to access a socket in a way forbidden by its access permissions""))
Failed district: Jaipur | error: HTTPSConnectionPool(host='api.open-meteo.com', port=443): Max retries exceeded with url: /v1/forecast?latitude=26.91&longitude=75.79&daily=temperature_2m_max%2Ctemperature_2m_min%2Cprecipitation_sum&timezone=Asia%2FKolkata&forecast_days=2 (Caused by NewConnectionError(""HTTPSConnection(host='api.open-meteo.com', port=443): Failed to establish a new connection: [WinError 10013] An attempt was made to access a socket in a way forbidden by its access permissions""))
Failed district: Jaisalmer | error: HTTPSConnectionPool(host='api.open-meteo.com', port=443): Max retries exceeded with url: /v1/forecast?latitude=26.91&longitude=70.91&daily=temperature_2m_max%2Ctemperature_2m_min%2Cprecipitation_sum&timezone=Asia%2FKolkata&forecast_days=2 (Caused by NewConnectionError(""HTTPSConnection(host='api.open-meteo.com', port=443): Failed to establish a new connection: [WinError 10013] An attempt was made to access a socket in a way forbidden by its access permissions""))
Failed district: Jhalawar | error: HTTPSConnectionPool(host='api.open-meteo.com', port=443): Max retries exceeded with url: /v1/forecast?latitude=24.59&longitude=76.16&daily=temperature_2m_max%2Ctemperature_2m_min%2Cprecipitation_sum&timezone=Asia%2FKolkata&forecast_days=2 (Caused by NewConnectionError(""HTTPSConnection(host='api.open-meteo.com', port=443): Failed to establish a new connection: [WinError 10013] An attempt was made to access a socket in a way forbidden by its access permissions""))
Failed district: Jodhpur | error: HTTPSConnectionPool(host='api.open-meteo.com', port=443): Max retries exceeded with url: /v1/forecast?latitude=26.24&longitude=73.02&daily=temperature_2m_max%2Ctemperature_2m_min%2Cprecipitation_sum&timezone=Asia%2FKolkata&forecast_days=2 (Caused by NewConnectionError(""HTTPSConnection(host='api.open-meteo.com', port=443): Failed to establish a new connection: [WinError 10013] An attempt was made to access a socket in a way forbidden by its access permissions""))
Failed district: Kota | error: HTTPSConnectionPool(host='api.open-meteo.com', port=443): Max retries exceeded with url: /v1/forecast?latitude=25.21&longitude=75.86&daily=temperature_2m_max%2Ctemperature_2m_min%2Cprecipitation_sum&timezone=Asia%2FKolkata&forecast_days=2 (Caused by NewConnectionError(""HTTPSConnection(host='api.open-meteo.com', port=443): Failed to establish a new connection: [WinError 10013] An attempt was made to access a socket in a way forbidden by its access permissions""))
Failed district: Nagaur | error: HTTPSConnectionPool(host='api.open-meteo.com', port=443): Max retries exceeded with url: /v1/forecast?latitude=27.2&longitude=73.74&daily=temperature_2m_max%2Ctemperature_2m_min%2Cprecipitation_sum&timezone=Asia%2FKolkata&forecast_days=2 (Caused by NewConnectionError(""HTTPSConnection(host='api.open-meteo.com', port=443): Failed to establish a new connection: [WinError 10013] An attempt was made to access a socket in a way forbidden by its access permissions""))
Failed district: Pali | error: HTTPSConnectionPool(host='api.open-meteo.com', port=443): Max retries exceeded with url: /v1/forecast?latitude=25.77&longitude=73.33&daily=temperature_2m_max%2Ctemperature_2m_min%2Cprecipitation_sum&timezone=Asia%2FKolkata&forecast_days=2 (Caused by NewConnectionError(""HTTPSConnection(host='api.open-meteo.com', port=443): Failed to establish a new connection: [WinError 10013] An attempt was made to access a socket in a way forbidden by its access permissions""))
Failed district: Sawai Madhopur | error: HTTPSConnectionPool(host='api.open-meteo.com', port=443): Max retries exceeded with url: /v1/forecast?latitude=26.02&longitude=76.35&daily=temperature_2m_max%2Ctemperature_2m_min%2Cprecipitation_sum&timezone=Asia%2FKolkata&forecast_days=2 (Caused by NewConnectionError(""HTTPSConnection(host='api.open-meteo.com', port=443): Failed to establish a new connection: [WinError 10013] An attempt was made to access a socket in a way forbidden by its access permissions""))
Failed district: Sikar | error: HTTPSConnectionPool(host='api.open-meteo.com', port=443): Max retries exceeded with url: /v1/forecast?latitude=27.61&longitude=75.14&daily=temperature_2m_max%2Ctemperature_2m_min%2Cprecipitation_sum&timezone=Asia%2FKolkata&forecast_days=2 (Caused by NewConnectionError(""HTTPSConnection(host='api.open-meteo.com', port=443): Failed to establish a new connection: [WinError 10013] An attempt was made to access a socket in a way forbidden by its access permissions""))
Failed district: Sirohi | error: HTTPSConnectionPool(host='api.open-meteo.com', port=443): Max retries exceeded with url: /v1/forecast?latitude=24.89&longitude=72.86&daily=temperature_2m_max%2Ctemperature_2m_min%2Cprecipitation_sum&timezone=Asia%2FKolkata&forecast_days=2 (Caused by NewConnectionError(""HTTPSConnection(host='api.open-meteo.com', port=443): Failed to establish a new connection: [WinError 10013] An attempt was made to access a socket in a way forbidden by its access permissions""))
Failed district: Udaipur | error: HTTPSConnectionPool(host='api.open-meteo.com', port=443): Max retries exceeded with url: /v1/forecast?latitude=24.58&longitude=73.68&daily=temperature_2m_max%2Ctemperature_2m_min%2Cprecipitation_sum&timezone=Asia%2FKolkata&forecast_days=2 (Caused by NewConnectionError(""HTTPSConnection(host='api.open-meteo.com', port=443): Failed to establish a new connection: [WinError 10013] An attempt was made to access a socket in a way forbidden by its access permissions""))

STDERR:
Traceback (most recent call last):
  File ""D:\Rajasthan Climate Risk Command System\scripts\fetch_daily_weather_api.py"", line 74, in <module>
    raise RuntimeError(""No API rows fetched. Check connectivity or config."")
RuntimeError: No API rows fetched. Check connectivity or config.


During handling of the above exception, another exception occurred:

Traceback (most recent call last):
  File ""D:\Rajasthan Climate Risk Command System\scripts\run_daily_heat_alert_pipeline.py"", line 734, in main
    api_out = build_api_live_guarded_alerts(
        fallback_file,
    ...<4 lines>...
        api_files_for_archive=valid_files,
    )
  File ""D:\Rajasthan Climate Risk Command System\scripts\run_daily_heat_alert_pipeline.py"", line 552, in build_api_live_guarded_alerts
    guarded_full.to_csv(guarded_file, index=False)
    ~~~~~~~~~~~~~~~~~~~^^^^^^^^^^^^^^^^^^^^^^^^^^^
  File ""C:\Users\CHETAN VEDI\AppData\Local\Programs\Python\Python313\Lib\site-packages\pandas\util\_decorators.py"", line 333, in wrapper
    return func(*args, **kwargs)
  File ""C:\Users\CHETAN VEDI\AppData\Local\Programs\Python\Python313\Lib\site-packages\pandas\core\generic.py"", line 3986, in to_csv
    return DataFrameRenderer(formatter).to_csv(
           ~~~~~~~~~~~~~~~~~~~~~~~~~~~~~~~~~~~^
        path_or_buf,
        ^^^^^^^^^^^^
    ...<14 lines>...
        storage_options=storage_options,
        ^^^^^^^^^^^^^^^^^^^^^^^^^^^^^^^^
    )
    ^
  File ""C:\Users\CHETAN VEDI\AppData\Local\Programs\Python\Python313\Lib\site-packages\pandas\io\formats\format.py"", line 1014, in to_csv
    csv_formatter.save()
    ~~~~~~~~~~~~~~~~~~^^
  File ""C:\Users\CHETAN VEDI\AppData\Local\Programs\Python\Python313\Lib\site-packages\pandas\io\formats\csvs.py"", line 251, in save
    with get_handle(
         ~~~~~~~~~~^
        self.filepath_or_buffer,
        ^^^^^^^^^^^^^^^^^^^^^^^^
    ...<4 lines>...
        storage_options=self.storage_options,
        ^^^^^^^^^^^^^^^^^^^^^^^^^^^^^^^^^^^^^
    ) as handles:
    ^
  File ""C:\Users\CHETAN VEDI\AppData\Local\Programs\Python\Python313\Lib\site-packages\pandas\io\common.py"", line 873, in get_handle
    handle = open(
        handle,
    ...<3 lines>...
        newline="""",
    )
PermissionError: [Errno 13] Permission denied: 'D:\\Rajasthan Climate Risk Command System\\outputs\\api_forecast_alerts_step9_guarded.csv'
",,,,
2026-05-04 10:16:31,failed,0,,,,,,not_started,,,,"Traceback (most recent call last):
  File ""D:\Rajasthan Climate Risk Command System\scripts\run_daily_heat_alert_pipeline.py"", line 689, in main
    api_file, api_stdout = fetch_latest_api_file()
                           ~~~~~~~~~~~~~~~~~~~~~^^
  File ""D:\Rajasthan Climate Risk Command System\scripts\run_daily_heat_alert_pipeline.py"", line 393, in fetch_latest_api_file
    raise RuntimeError(f""API fetch failed.\nSTDOUT:\n{proc.stdout}\nSTDERR:\n{proc.stderr}"")
RuntimeError: API fetch failed.
STDOUT:
Failed district: Ajmer | error: HTTPSConnectionPool(host='api.open-meteo.com', port=443): Max retries exceeded with url: /v1/forecast?latitude=26.45&longitude=74.64&daily=temperature_2m_max%2Ctemperature_2m_min%2Cprecipitation_sum&timezone=Asia%2FKolkata&forecast_days=2 (Caused by NewConnectionError(""HTTPSConnection(host='api.open-meteo.com', port=443): Failed to establish a new connection: [WinError 10013] An attempt was made to access a socket in a way forbidden by its access permissions""))
Failed district: Alwar | error: HTTPSConnectionPool(host='api.open-meteo.com', port=443): Max retries exceeded with url: /v1/forecast?latitude=27.56&longitude=76.61&daily=temperature_2m_max%2Ctemperature_2m_min%2Cprecipitation_sum&timezone=Asia%2FKolkata&forecast_days=2 (Caused by NewConnectionError(""HTTPSConnection(host='api.open-meteo.com', port=443): Failed to establish a new connection: [WinError 10013] An attempt was made to access a socket in a way forbidden by its access permissions""))
Failed district: Banswara | error: HTTPSConnectionPool(host='api.open-meteo.com', port=443): Max retries exceeded with url: /v1/forecast?latitude=23.55&longitude=74.44&daily=temperature_2m_max%2Ctemperature_2m_min%2Cprecipitation_sum&timezone=Asia%2FKolkata&forecast_days=2 (Caused by NewConnectionError(""HTTPSConnection(host='api.open-meteo.com', port=443): Failed to establish a new connection: [WinError 10013] An attempt was made to access a socket in a way forbidden by its access permissions""))
Failed district: Barmer | error: HTTPSConnectionPool(host='api.open-meteo.com', port=443): Max retries exceeded with url: /v1/forecast?latitude=25.75&longitude=71.38&daily=temperature_2m_max%2Ctemperature_2m_min%2Cprecipitation_sum&timezone=Asia%2FKolkata&forecast_days=2 (Caused by NewConnectionError(""HTTPSConnection(host='api.open-meteo.com', port=443): Failed to establish a new connection: [WinError 10013] An attempt was made to access a socket in a way forbidden by its access permissions""))
Failed district: Bhilwara | error: HTTPSConnectionPool(host='api.open-meteo.com', port=443): Max retries exceeded with url: /v1/forecast?latitude=25.35&longitude=74.64&daily=temperature_2m_max%2Ctemperature_2m_min%2Cprecipitation_sum&timezone=Asia%2FKolkata&forecast_days=2 (Caused by NewConnectionError(""HTTPSConnection(host='api.open-meteo.com', port=443): Failed to establish a new connection: [WinError 10013] An attempt was made to access a socket in a way forbidden by its access permissions""))
Failed district: Bikaner | error: HTTPSConnectionPool(host='api.open-meteo.com', port=443): Max retries exceeded with url: /v1/forecast?latitude=28.02&longitude=73.31&daily=temperature_2m_max%2Ctemperature_2m_min%2Cprecipitation_sum&timezone=Asia%2FKolkata&forecast_days=2 (Caused by NewConnectionError(""HTTPSConnection(host='api.open-meteo.com', port=443): Failed to establish a new connection: [WinError 10013] An attempt was made to access a socket in a way forbidden by its access permissions""))
Failed district: Bundi | error: HTTPSConnectionPool(host='api.open-meteo.com', port=443): Max retries exceeded with url: /v1/forecast?latitude=25.44&longitude=75.64&daily=temperature_2m_max%2Ctemperature_2m_min%2Cprecipitation_sum&timezone=Asia%2FKolkata&forecast_days=2 (Caused by NewConnectionError(""HTTPSConnection(host='api.open-meteo.com', port=443): Failed to establish a new connection: [WinError 10013] An attempt was made to access a socket in a way forbidden by its access permissions""))
Failed district: Chittaurgarh | error: HTTPSConnectionPool(host='api.open-meteo.com', port=443): Max retries exceeded with url: /v1/forecast?latitude=24.89&longitude=74.63&daily=temperature_2m_max%2Ctemperature_2m_min%2Cprecipitation_sum&timezone=Asia%2FKolkata&forecast_days=2 (Caused by NewConnectionError(""HTTPSConnection(host='api.open-meteo.com', port=443): Failed to establish a new connection: [WinError 10013] An attempt was made to access a socket in a way forbidden by its access permissions""))
Failed district: Churu | error: HTTPSConnectionPool(host='api.open-meteo.com', port=443): Max retries exceeded with url: /v1/forecast?latitude=28.3&longitude=74.96&daily=temperature_2m_max%2Ctemperature_2m_min%2Cprecipitation_sum&timezone=Asia%2FKolkata&forecast_days=2 (Caused by NewConnectionError(""HTTPSConnection(host='api.open-meteo.com', port=443): Failed to establish a new connection: [WinError 10013] An attempt was made to access a socket in a way forbidden by its access permissions""))
Failed district: Dhaulpur | error: HTTPSConnectionPool(host='api.open-meteo.com', port=443): Max retries exceeded with url: /v1/forecast?latitude=26.7&longitude=77.89&daily=temperature_2m_max%2Ctemperature_2m_min%2Cprecipitation_sum&timezone=Asia%2FKolkata&forecast_days=2 (Caused by NewConnectionError(""HTTPSConnection(host='api.open-meteo.com', port=443): Failed to establish a new connection: [WinError 10013] An attempt was made to access a socket in a way forbidden by its access permissions""))
Failed district: Ganganagar | error: HTTPSConnectionPool(host='api.open-meteo.com', port=443): Max retries exceeded with url: /v1/forecast?latitude=29.91&longitude=73.88&daily=temperature_2m_max%2Ctemperature_2m_min%2Cprecipitation_sum&timezone=Asia%2FKolkata&forecast_days=2 (Caused by NewConnectionError(""HTTPSConnection(host='api.open-meteo.com', port=443): Failed to establish a new connection: [WinError 10013] An attempt was made to access a socket in a way forbidden by its access permissions""))
Failed district: Hanumangarh | error: HTTPSConnectionPool(host='api.open-meteo.com', port=443): Max retries exceeded with url: /v1/forecast?latitude=29.58&longitude=74.33&daily=temperature_2m_max%2Ctemperature_2m_min%2Cprecipitation_sum&timezone=Asia%2FKolkata&forecast_days=2 (Caused by NewConnectionError(""HTTPSConnection(host='api.open-meteo.com', port=443): Failed to establish a new connection: [WinError 10013] An attempt was made to access a socket in a way forbidden by its access permissions""))
Failed district: Jaipur | error: HTTPSConnectionPool(host='api.open-meteo.com', port=443): Max retries exceeded with url: /v1/forecast?latitude=26.91&longitude=75.79&daily=temperature_2m_max%2Ctemperature_2m_min%2Cprecipitation_sum&timezone=Asia%2FKolkata&forecast_days=2 (Caused by NewConnectionError(""HTTPSConnection(host='api.open-meteo.com', port=443): Failed to establish a new connection: [WinError 10013] An attempt was made to access a socket in a way forbidden by its access permissions""))
Failed district: Jaisalmer | error: HTTPSConnectionPool(host='api.open-meteo.com', port=443): Max retries exceeded with url: /v1/forecast?latitude=26.91&longitude=70.91&daily=temperature_2m_max%2Ctemperature_2m_min%2Cprecipitation_sum&timezone=Asia%2FKolkata&forecast_days=2 (Caused by NewConnectionError(""HTTPSConnection(host='api.open-meteo.com', port=443): Failed to establish a new connection: [WinError 10013] An attempt was made to access a socket in a way forbidden by its access permissions""))
Failed district: Jhalawar | error: HTTPSConnectionPool(host='api.open-meteo.com', port=443): Max retries exceeded with url: /v1/forecast?latitude=24.59&longitude=76.16&daily=temperature_2m_max%2Ctemperature_2m_min%2Cprecipitation_sum&timezone=Asia%2FKolkata&forecast_days=2 (Caused by NewConnectionError(""HTTPSConnection(host='api.open-meteo.com', port=443): Failed to establish a new connection: [WinError 10013] An attempt was made to access a socket in a way forbidden by its access permissions""))
Failed district: Jodhpur | error: HTTPSConnectionPool(host='api.open-meteo.com', port=443): Max retries exceeded with url: /v1/forecast?latitude=26.24&longitude=73.02&daily=temperature_2m_max%2Ctemperature_2m_min%2Cprecipitation_sum&timezone=Asia%2FKolkata&forecast_days=2 (Caused by NewConnectionError(""HTTPSConnection(host='api.open-meteo.com', port=443): Failed to establish a new connection: [WinError 10013] An attempt was made to access a socket in a way forbidden by its access permissions""))
Failed district: Kota | error: HTTPSConnectionPool(host='api.open-meteo.com', port=443): Max retries exceeded with url: /v1/forecast?latitude=25.21&longitude=75.86&daily=temperature_2m_max%2Ctemperature_2m_min%2Cprecipitation_sum&timezone=Asia%2FKolkata&forecast_days=2 (Caused by NewConnectionError(""HTTPSConnection(host='api.open-meteo.com', port=443): Failed to establish a new connection: [WinError 10013] An attempt was made to access a socket in a way forbidden by its access permissions""))
Failed district: Nagaur | error: HTTPSConnectionPool(host='api.open-meteo.com', port=443): Max retries exceeded with url: /v1/forecast?latitude=27.2&longitude=73.74&daily=temperature_2m_max%2Ctemperature_2m_min%2Cprecipitation_sum&timezone=Asia%2FKolkata&forecast_days=2 (Caused by NewConnectionError(""HTTPSConnection(host='api.open-meteo.com', port=443): Failed to establish a new connection: [WinError 10013] An attempt was made to access a socket in a way forbidden by its access permissions""))
Failed district: Pali | error: HTTPSConnectionPool(host='api.open-meteo.com', port=443): Max retries exceeded with url: /v1/forecast?latitude=25.77&longitude=73.33&daily=temperature_2m_max%2Ctemperature_2m_min%2Cprecipitation_sum&timezone=Asia%2FKolkata&forecast_days=2 (Caused by NewConnectionError(""HTTPSConnection(host='api.open-meteo.com', port=443): Failed to establish a new connection: [WinError 10013] An attempt was made to access a socket in a way forbidden by its access permissions""))
Failed district: Sawai Madhopur | error: HTTPSConnectionPool(host='api.open-meteo.com', port=443): Max retries exceeded with url: /v1/forecast?latitude=26.02&longitude=76.35&daily=temperature_2m_max%2Ctemperature_2m_min%2Cprecipitation_sum&timezone=Asia%2FKolkata&forecast_days=2 (Caused by NewConnectionError(""HTTPSConnection(host='api.open-meteo.com', port=443): Failed to establish a new connection: [WinError 10013] An attempt was made to access a socket in a way forbidden by its access permissions""))
Failed district: Sikar | error: HTTPSConnectionPool(host='api.open-meteo.com', port=443): Max retries exceeded with url: /v1/forecast?latitude=27.61&longitude=75.14&daily=temperature_2m_max%2Ctemperature_2m_min%2Cprecipitation_sum&timezone=Asia%2FKolkata&forecast_days=2 (Caused by NewConnectionError(""HTTPSConnection(host='api.open-meteo.com', port=443): Failed to establish a new connection: [WinError 10013] An attempt was made to access a socket in a way forbidden by its access permissions""))
Failed district: Sirohi | error: HTTPSConnectionPool(host='api.open-meteo.com', port=443): Max retries exceeded with url: /v1/forecast?latitude=24.89&longitude=72.86&daily=temperature_2m_max%2Ctemperature_2m_min%2Cprecipitation_sum&timezone=Asia%2FKolkata&forecast_days=2 (Caused by NewConnectionError(""HTTPSConnection(host='api.open-meteo.com', port=443): Failed to establish a new connection: [WinError 10013] An attempt was made to access a socket in a way forbidden by its access permissions""))
Failed district: Udaipur | error: HTTPSConnectionPool(host='api.open-meteo.com', port=443): Max retries exceeded with url: /v1/forecast?latitude=24.58&longitude=73.68&daily=temperature_2m_max%2Ctemperature_2m_min%2Cprecipitation_sum&timezone=Asia%2FKolkata&forecast_days=2 (Caused by NewConnectionError(""HTTPSConnection(host='api.open-meteo.com', port=443): Failed to establish a new connection: [WinError 10013] An attempt was made to access a socket in a way forbidden by its access permissions""))

STDERR:
Traceback (most recent call last):
  File ""D:\Rajasthan Climate Risk Command System\scripts\fetch_daily_weather_api.py"", line 74, in <module>
    raise RuntimeError(""No API rows fetched. Check connectivity or config."")
RuntimeError: No API rows fetched. Check connectivity or config.


During handling of the above exception, another exception occurred:

Traceback (most recent call last):
  File ""D:\Rajasthan Climate Risk Command System\scripts\run_daily_heat_alert_pipeline.py"", line 734, in main
    api_out = build_api_live_guarded_alerts(
        fallback_file,
    ...<4 lines>...
        api_files_for_archive=valid_files,
    )
  File ""D:\Rajasthan Climate Risk Command System\scripts\run_daily_heat_alert_pipeline.py"", line 552, in build_api_live_guarded_alerts
    guarded_full.to_csv(guarded_file, index=False)
    ~~~~~~~~~~~~~~~~~~~^^^^^^^^^^^^^^^^^^^^^^^^^^^
  File ""C:\Users\CHETAN VEDI\AppData\Local\Programs\Python\Python313\Lib\site-packages\pandas\util\_decorators.py"", line 333, in wrapper
    return func(*args, **kwargs)
  File ""C:\Users\CHETAN VEDI\AppData\Local\Programs\Python\Python313\Lib\site-packages\pandas\core\generic.py"", line 3986, in to_csv
    return DataFrameRenderer(formatter).to_csv(
           ~~~~~~~~~~~~~~~~~~~~~~~~~~~~~~~~~~~^
        path_or_buf,
        ^^^^^^^^^^^^
    ...<14 lines>...
        storage_options=storage_options,
        ^^^^^^^^^^^^^^^^^^^^^^^^^^^^^^^^
    )
    ^
  File ""C:\Users\CHETAN VEDI\AppData\Local\Programs\Python\Python313\Lib\site-packages\pandas\io\formats\format.py"", line 1014, in to_csv
    csv_formatter.save()
    ~~~~~~~~~~~~~~~~~~^^
  File ""C:\Users\CHETAN VEDI\AppData\Local\Programs\Python\Python313\Lib\site-packages\pandas\io\formats\csvs.py"", line 251, in save
    with get_handle(
         ~~~~~~~~~~^
        self.filepath_or_buffer,
        ^^^^^^^^^^^^^^^^^^^^^^^^
    ...<4 lines>...
        storage_options=self.storage_options,
        ^^^^^^^^^^^^^^^^^^^^^^^^^^^^^^^^^^^^^
    ) as handles:
    ^
  File ""C:\Users\CHETAN VEDI\AppData\Local\Programs\Python\Python313\Lib\site-packages\pandas\io\common.py"", line 873, in get_handle
    handle = open(
        handle,
    ...<3 lines>...
        newline="""",
    )
PermissionError: [Errno 13] Permission denied: 'D:\\Rajasthan Climate Risk Command System\\outputs\\api_forecast_alerts_step9_guarded.csv'
",,,,
2026-05-04 10:20:51,success,75555,2025-12-30,0.2,D:\Rajasthan Climate Risk Command System\outputs\daily_alerts_auto.csv,D:\Rajasthan Climate Risk Command System\outputs\daily_top10_auto.csv,D:\Rajasthan Climate Risk Command System\outputs\latest_day_top10_auto.csv,stale_fallback,D:\Rajasthan Climate Risk Command System\data\raw\api_daily_weather_20260504.csv,D:\Rajasthan Climate Risk Command System\outputs\api_forecast_alerts_step9_guarded.csv,D:\Rajasthan Climate Risk Command System\outputs\api_latest_top10_guarded.csv,"quality_mode=fallback_after_fetch_error; valid_archive_files=5; invalid_archive_files=0
Live API fetch failed; used fallback file: D:\Rajasthan Climate Risk Command System\data\raw\api_daily_weather_20260504.csv
Error: API fetch failed.
STDOUT:
Failed district: Ajmer | error: HTTPSConnectionPool(host='api.open-meteo.com', port=443): Max retries exceeded with url: /v1/forecast?latitude=26.45&longitude=74.64&daily=temperature_2m_max%2Ctemperature_2m_min%2Cprecipitation_sum&timezone=Asia%2FKolkata&forecast_days=2 (Caused by NewConnectionError(""HTTPSConnection(host='api.open-meteo.com', port=443): Failed to establish a new connection: [WinError 10013] An attempt was made to access a socket in a way forbidden by its access permissions""))
Failed district: Alwar | error: HTTPSConnectionPool(host='api.open-meteo.com', port=443): Max retries exceeded with url: /v1/forecast?latitude=27.56&longitude=76.61&daily=temperature_2m_max%2Ctemperature_2m_min%2Cprecipitation_sum&timezone=Asia%2FKolkata&forecast_days=2 (Caused by NewConnectionError(""HTTPSConnection(host='api.open-meteo.com', port=443): Failed to establish a new connection: [WinError 10013] An attempt was made to access a socket in a way forbidden by its access permissions""))
Failed district: Banswara | error: HTTPSConnectionPool(host='api.open-meteo.com', port=443): Max retries exceeded with url: /v1/forecast?latitude=23.55&longitude=74.44&daily=temperature_2m_max%2Ctemperature_2m_min%2Cprecipitation_sum&timezone=Asia%2FKolkata&forecast_days=2 (Caused by NewConnectionError(""HTTPSConnection(host='api.open-meteo.com', port=443): Failed to establish a new connection: [WinError 10013] An attempt was made to access a socket in a way forbidden by its access permissions""))
Failed district: Barmer | error: HTTPSConnectionPool(host='api.open-meteo.com', port=443): Max retries exceeded with url: /v1/forecast?latitude=25.75&longitude=71.38&daily=temperature_2m_max%2Ctemperature_2m_min%2Cprecipitation_sum&timezone=Asia%2FKolkata&forecast_days=2 (Caused by NewConnectionError(""HTTPSConnection(host='api.open-meteo.com', port=443): Failed to establish a new connection: [WinError 10013] An attempt was made to access a socket in a way forbidden by its access permissions""))
Failed district: Bhilwara | error: HTTPSConnectionPool(host='api.open-meteo.com', port=443): Max retries exceeded with url: /v1/forecast?latitude=25.35&longitude=74.64&daily=temperature_2m_max%2Ctemperature_2m_min%2Cprecipitation_sum&timezone=Asia%2FKolkata&forecast_days=2 (Caused by NewConnectionError(""HTTPSConnection(host='api.open-meteo.com', port=443): Failed to establish a new connection: [WinError 10013] An attempt was made to access a socket in a way forbidden by its access permissions""))
Failed district: Bikaner | error: HTTPSConnectionPool(host='api.open-meteo.com', port=443): Max retries exceeded with url: /v1/forecast?latitude=28.02&longitude=73.31&daily=temperature_2m_max%2Ctemperature_2m_min%2Cprecipitation_sum&timezone=Asia%2FKolkata&forecast_days=2 (Caused by NewConnectionError(""HTTPSConnection(host='api.open-meteo.com', port=443): Failed to establish a new connection: [WinError 10013] An attempt was made to access a socket in a way forbidden by its access permissions""))
Failed district: Bundi | error: HTTPSConnectionPool(host='api.open-meteo.com', port=443): Max retries exceeded with url: /v1/forecast?latitude=25.44&longitude=75.64&daily=temperature_2m_max%2Ctemperature_2m_min%2Cprecipitation_sum&timezone=Asia%2FKolkata&forecast_days=2 (Caused by NewConnectionError(""HTTPSConnection(host='api.open-meteo.com', port=443): Failed to establish a new connection: [WinError 10013] An attempt was made to access a socket in a way forbidden by its access permissions""))
Failed district: Chittaurgarh | error: HTTPSConnectionPool(host='api.open-meteo.com', port=443): Max retries exceeded with url: /v1/forecast?latitude=24.89&longitude=74.63&daily=temperature_2m_max%2Ctemperature_2m_min%2Cprecipitation_sum&timezone=Asia%2FKolkata&forecast_days=2 (Caused by NewConnectionError(""HTTPSConnection(host='api.open-meteo.com', port=443): Failed to establish a new connection: [WinError 10013] An attempt was made to access a socket in a way forbidden by its access permissions""))
Failed district: Churu | error: HTTPSConnectionPool(host='api.open-meteo.com', port=443): Max retries exceeded with url: /v1/forecast?latitude=28.3&longitude=74.96&daily=temperature_2m_max%2Ctemperature_2m_min%2Cprecipitation_sum&timezone=Asia%2FKolkata&forecast_days=2 (Caused by NewConnectionError(""HTTPSConnection(host='api.open-meteo.com', port=443): Failed to establish a new connection: [WinError 10013] An attempt was made to access a socket in a way forbidden by its access permissions""))
Failed district: Dhaulpur | error: HTTPSConnectionPool(host='api.open-meteo.com', port=443): Max retries exceeded with url: /v1/forecast?latitude=26.7&longitude=77.89&daily=temperature_2m_max%2Ctemperature_2m_min%2Cprecipitation_sum&timezone=Asia%2FKolkata&forecast_days=2 (Caused by NewConnectionError(""HTTPSConnection(host='api.open-meteo.com', port=443): Failed to establish a new connection: [WinError 10013] An attempt was made to access a socket in a way forbidden by its access permissions""))
Failed district: Ganganagar | error: HTTPSConnectionPool(host='api.open-meteo.com', port=443): Max retries exceeded with url: /v1/forecast?latitude=29.91&longitude=73.88&daily=temperature_2m_max%2Ctemperature_2m_min%2Cprecipitation_sum&timezone=Asia%2FKolkata&forecast_days=2 (Caused by NewConnectionError(""HTTPSConnection(host='api.open-meteo.com', port=443): Failed to establish a new connection: [WinError 10013] An attempt was made to access a socket in a way forbidden by its access permissions""))
Failed district: Hanumangarh | error: HTTPSConnectionPool(host='api.open-meteo.com', port=443): Max retries exceeded with url: /v1/forecast?latitude=29.58&longitude=74.33&daily=temperature_2m_max%2Ctemperature_2m_min%2Cprecipitation_sum&timezone=Asia%2FKolkata&forecast_days=2 (Caused by NewConnectionError(""HTTPSConnection(host='api.open-meteo.com', port=443): Failed to establish a new connection: [WinError 10013] An attempt was made to access a socket in a way forbidden by its access permissions""))
Failed district: Jaipur | error: HTTPSConnectionPool(host='api.open-meteo.com', port=443): Max retries exceeded with url: /v1/forecast?latitude=26.91&longitude=75.79&daily=temperature_2m_max%2Ctemperature_2m_min%2Cprecipitation_sum&timezone=Asia%2FKolkata&forecast_days=2 (Caused by NewConnectionError(""HTTPSConnection(host='api.open-meteo.com', port=443): Failed to establish a new connection: [WinError 10013] An attempt was made to access a socket in a way forbidden by its access permissions""))
Failed district: Jaisalmer | error: HTTPSConnectionPool(host='api.open-meteo.com', port=443): Max retries exceeded with url: /v1/forecast?latitude=26.91&longitude=70.91&daily=temperature_2m_max%2Ctemperature_2m_min%2Cprecipitation_sum&timezone=Asia%2FKolkata&forecast_days=2 (Caused by NewConnectionError(""HTTPSConnection(host='api.open-meteo.com', port=443): Failed to establish a new connection: [WinError 10013] An attempt was made to access a socket in a way forbidden by its access permissions""))
Failed district: Jhalawar | error: HTTPSConnectionPool(host='api.open-meteo.com', port=443): Max retries exceeded with url: /v1/forecast?latitude=24.59&longitude=76.16&daily=temperature_2m_max%2Ctemperature_2m_min%2Cprecipitation_sum&timezone=Asia%2FKolkata&forecast_days=2 (Caused by NewConnectionError(""HTTPSConnection(host='api.open-meteo.com', port=443): Failed to establish a new connection: [WinError 10013] An attempt was made to access a socket in a way forbidden by its access permissions""))
Failed district: Jodhpur | error: HTTPSConnectionPool(host='api.open-meteo.com', port=443): Max retries exceeded with url: /v1/forecast?latitude=26.24&longitude=73.02&daily=temperature_2m_max%2Ctemperature_2m_min%2Cprecipitation_sum&timezone=Asia%2FKolkata&forecast_days=2 (Caused by NewConnectionError(""HTTPSConnection(host='api.open-meteo.com', port=443): Failed to establish a new connection: [WinError 10013] An attempt was made to access a socket in a way forbidden by its access permissions""))
Failed district: Kota | error: HTTPSConnectionPool(host='api.open-meteo.com', port=443): Max retries exceeded with url: /v1/forecast?latitude=25.21&longitude=75.86&daily=temperature_2m_max%2Ctemperature_2m_min%2Cprecipitation_sum&timezone=Asia%2FKolkata&forecast_days=2 (Caused by NewConnectionError(""HTTPSConnection(host='api.open-meteo.com', port=443): Failed to establish a new connection: [WinError 10013] An attempt was made to access a socket in a way forbidden by its access permissions""))
Failed district: Nagaur | error: HTTPSConnectionPool(host='api.open-meteo.com', port=443): Max retries exceeded with url: /v1/forecast?latitude=27.2&longitude=73.74&daily=temperature_2m_max%2Ctemperature_2m_min%2Cprecipitation_sum&timezone=Asia%2FKolkata&forecast_days=2 (Caused by NewConnectionError(""HTTPSConnection(host='api.open-meteo.com', port=443): Failed to establish a new connection: [WinError 10013] An attempt was made to access a socket in a way forbidden by its access permissions""))
Failed district: Pali | error: HTTPSConnectionPool(host='api.open-meteo.com', port=443): Max retries exceeded with url: /v1/forecast?latitude=25.77&longitude=73.33&daily=temperature_2m_max%2Ctemperature_2m_min%2Cprecipitation_sum&timezone=Asia%2FKolkata&forecast_days=2 (Caused by NewConnectionError(""HTTPSConnection(host='api.open-meteo.com', port=443): Failed to establish a new connection: [WinError 10013] An attempt was made to access a socket in a way forbidden by its access permissions""))
Failed district: Sawai Madhopur | error: HTTPSConnectionPool(host='api.open-meteo.com', port=443): Max retries exceeded with url: /v1/forecast?latitude=26.02&longitude=76.35&daily=temperature_2m_max%2Ctemperature_2m_min%2Cprecipitation_sum&timezone=Asia%2FKolkata&forecast_days=2 (Caused by NewConnectionError(""HTTPSConnection(host='api.open-meteo.com', port=443): Failed to establish a new connection: [WinError 10013] An attempt was made to access a socket in a way forbidden by its access permissions""))
Failed district: Sikar | error: HTTPSConnectionPool(host='api.open-meteo.com', port=443): Max retries exceeded with url: /v1/forecast?latitude=27.61&longitude=75.14&daily=temperature_2m_max%2Ctemperature_2m_min%2Cprecipitation_sum&timezone=Asia%2FKolkata&forecast_days=2 (Caused by NewConnectionError(""HTTPSConnection(host='api.open-meteo.com', port=443): Failed to establish a new connection: [WinError 10013] An attempt was made to access a socket in a way forbidden by its access permissions""))
Failed district: Sirohi | error: HTTPSConnectionPool(host='api.open-meteo.com', port=443): Max retries exceeded with url: /v1/forecast?latitude=24.89&longitude=72.86&daily=temperature_2m_max%2Ctemperature_2m_min%2Cprecipitation_sum&timezone=Asia%2FKolkata&forecast_days=2 (Caused by NewConnectionError(""HTTPSConnection(host='api.open-meteo.com', port=443): Failed to establish a new connection: [WinError 10013] An attempt was made to access a socket in a way forbidden by its access permissions""))
Failed district: Udaipur | error: HTTPSConnectionPool(host='api.open-meteo.com', port=443): Max retries exceeded with url: /v1/forecast?latitude=24.58&longitude=73.68&daily=temperature_2m_max%2Ctemperature_2m_min%2Cprecipitation_sum&timezone=Asia%2FKolkata&forecast_days=2 (Caused by NewConnectionError(""HTTPSConnection(host='api.open-meteo.com', port=443): Failed to establish a new connection: [WinError 10013] An attempt was made to access a socket in a way forbidden by its access permissions""))

STDERR:
Traceback (most recent call last):
  File ""D:\Rajasthan Climate Risk Command System\scripts\fetch_daily_weather_api.py"", line 74, in <module>
    raise RuntimeError(""No API rows fetched. Check connectivity or config."")
RuntimeError: No API rows fetched. Check connectivity or config.

api=locked_target=D:\Rajasthan Climate Risk Command System\outputs\api_forecast_alerts_step9_guarded.csv; wrote_fallback=D:\Rajasthan Climate Risk Command System\outputs\_write_fallback\api_forecast_alerts_step9_guarded_20260504_102238.csv; close any open CSV/Excel handle to resume normal writes",D:\Rajasthan Climate Risk Command System\outputs\api_daily_top10_guarded.csv,D:\Rajasthan Climate Risk Command System\docs\step10_data_reliability_report.csv,strong_v3,grad_boost
2026-05-04 05:29:44,success,75555,2025-12-30,0.85,/home/runner/work/heatpulse-rajasthan/heatpulse-rajasthan/outputs/daily_alerts_auto.csv,/home/runner/work/heatpulse-rajasthan/heatpulse-rajasthan/outputs/daily_top10_auto.csv,/home/runner/work/heatpulse-rajasthan/heatpulse-rajasthan/outputs/latest_day_top10_auto.csv,stale_fallback,/home/runner/work/heatpulse-rajasthan/heatpulse-rajasthan/data/raw/api_daily_weather_20260503.csv,/home/runner/work/heatpulse-rajasthan/heatpulse-rajasthan/outputs/api_forecast_alerts_step9_guarded.csv,/home/runner/work/heatpulse-rajasthan/heatpulse-rajasthan/outputs/api_latest_top10_guarded.csv,"quality_mode=fallback_after_fetch_error; valid_archive_files=1; invalid_archive_files=0
Live API fetch failed; used fallback file: /home/runner/work/heatpulse-rajasthan/heatpulse-rajasthan/data/raw/api_daily_weather_20260503.csv
Error: API fetch failed.
STDOUT:

STDERR:
Traceback (most recent call last):
  File ""/home/runner/work/heatpulse-rajasthan/heatpulse-rajasthan/scripts/fetch_daily_weather_api.py"", line 15, in <module>
    cfg = pd.read_csv(DOCS / ""step9_api_config_template.csv"")
  File ""/opt/hostedtoolcache/Python/3.13.13/x64/lib/python3.13/site-packages/pandas/io/parsers/readers.py"", line 873, in read_csv
    return _read(filepath_or_buffer, kwds)
  File ""/opt/hostedtoolcache/Python/3.13.13/x64/lib/python3.13/site-packages/pandas/io/parsers/readers.py"", line 300, in _read
    parser = TextFileReader(filepath_or_buffer, **kwds)
  File ""/opt/hostedtoolcache/Python/3.13.13/x64/lib/python3.13/site-packages/pandas/io/parsers/readers.py"", line 1645, in __init__
    self._engine = self._make_engine(f, self.engine)
                   ~~~~~~~~~~~~~~~~~^^^^^^^^^^^^^^^^
  File ""/opt/hostedtoolcache/Python/3.13.13/x64/lib/python3.13/site-packages/pandas/io/parsers/readers.py"", line 1904, in _make_engine
    self.handles = get_handle(
                   ~~~~~~~~~~^
        f,
        ^^
    ...<6 lines>...
        storage_options=self.options.get(""storage_options"", None),
        ^^^^^^^^^^^^^^^^^^^^^^^^^^^^^^^^^^^^^^^^^^^^^^^^^^^^^^^^^^
    )
    ^
  File ""/opt/hostedtoolcache/Python/3.13.13/x64/lib/python3.13/site-packages/pandas/io/common.py"", line 926, in get_handle
    handle = open(
        handle,
    ...<3 lines>...
        newline="""",
    )
FileNotFoundError: [Errno 2] No such file or directory: '/home/runner/work/heatpulse-rajasthan/heatpulse-rajasthan/docs/step9_api_config_template.csv'

",/home/runner/work/heatpulse-rajasthan/heatpulse-rajasthan/outputs/api_daily_top10_guarded.csv,/home/runner/work/heatpulse-rajasthan/heatpulse-rajasthan/docs/step10_data_reliability_report.csv,legacy_v1,baseline_logistic_step4
2026-05-04 06:40:09,success,75555,2025-12-30,0.85,/home/runner/work/heatpulse-rajasthan/heatpulse-rajasthan/outputs/daily_alerts_auto.csv,/home/runner/work/heatpulse-rajasthan/heatpulse-rajasthan/outputs/daily_top10_auto.csv,/home/runner/work/heatpulse-rajasthan/heatpulse-rajasthan/outputs/latest_day_top10_auto.csv,stale_fallback,/home/runner/work/heatpulse-rajasthan/heatpulse-rajasthan/data/raw/api_daily_weather_20260503.csv,/home/runner/work/heatpulse-rajasthan/heatpulse-rajasthan/outputs/api_forecast_alerts_step9_guarded.csv,/home/runner/work/heatpulse-rajasthan/heatpulse-rajasthan/outputs/api_latest_top10_guarded.csv,"quality_mode=fallback_after_fetch_error; valid_archive_files=1; invalid_archive_files=0
Live API fetch failed; used fallback file: /home/runner/work/heatpulse-rajasthan/heatpulse-rajasthan/data/raw/api_daily_weather_20260503.csv
Error: API fetch failed.
STDOUT:

STDERR:
Traceback (most recent call last):
  File ""/home/runner/work/heatpulse-rajasthan/heatpulse-rajasthan/scripts/fetch_daily_weather_api.py"", line 15, in <module>
    cfg = pd.read_csv(DOCS / ""step9_api_config_template.csv"")
  File ""/opt/hostedtoolcache/Python/3.13.13/x64/lib/python3.13/site-packages/pandas/io/parsers/readers.py"", line 873, in read_csv
    return _read(filepath_or_buffer, kwds)
  File ""/opt/hostedtoolcache/Python/3.13.13/x64/lib/python3.13/site-packages/pandas/io/parsers/readers.py"", line 300, in _read
    parser = TextFileReader(filepath_or_buffer, **kwds)
  File ""/opt/hostedtoolcache/Python/3.13.13/x64/lib/python3.13/site-packages/pandas/io/parsers/readers.py"", line 1645, in __init__
    self._engine = self._make_engine(f, self.engine)
                   ~~~~~~~~~~~~~~~~~^^^^^^^^^^^^^^^^
  File ""/opt/hostedtoolcache/Python/3.13.13/x64/lib/python3.13/site-packages/pandas/io/parsers/readers.py"", line 1904, in _make_engine
    self.handles = get_handle(
                   ~~~~~~~~~~^
        f,
        ^^
    ...<6 lines>...
        storage_options=self.options.get(""storage_options"", None),
        ^^^^^^^^^^^^^^^^^^^^^^^^^^^^^^^^^^^^^^^^^^^^^^^^^^^^^^^^^^
    )
    ^
  File ""/opt/hostedtoolcache/Python/3.13.13/x64/lib/python3.13/site-packages/pandas/io/common.py"", line 926, in get_handle
    handle = open(
        handle,
    ...<3 lines>...
        newline="""",
    )
FileNotFoundError: [Errno 2] No such file or directory: '/home/runner/work/heatpulse-rajasthan/heatpulse-rajasthan/docs/step9_api_config_template.csv'

",/home/runner/work/heatpulse-rajasthan/heatpulse-rajasthan/outputs/api_daily_top10_guarded.csv,/home/runner/work/heatpulse-rajasthan/heatpulse-rajasthan/docs/step10_data_reliability_report.csv,legacy_v1,baseline_logistic_step4
2026-05-04 06:57:18,success,75555,2025-12-30,0.85,/home/runner/work/heatpulse-rajasthan/heatpulse-rajasthan/outputs/daily_alerts_auto.csv,/home/runner/work/heatpulse-rajasthan/heatpulse-rajasthan/outputs/daily_top10_auto.csv,/home/runner/work/heatpulse-rajasthan/heatpulse-rajasthan/outputs/latest_day_top10_auto.csv,stale_fallback,/home/runner/work/heatpulse-rajasthan/heatpulse-rajasthan/data/raw/api_daily_weather_20260503.csv,/home/runner/work/heatpulse-rajasthan/heatpulse-rajasthan/outputs/api_forecast_alerts_step9_guarded.csv,/home/runner/work/heatpulse-rajasthan/heatpulse-rajasthan/outputs/api_latest_top10_guarded.csv,"quality_mode=fallback_after_fetch_error; valid_archive_files=1; invalid_archive_files=0
Live API fetch failed; used fallback file: /home/runner/work/heatpulse-rajasthan/heatpulse-rajasthan/data/raw/api_daily_weather_20260503.csv
Error: API fetch failed.
STDOUT:

STDERR:
Traceback (most recent call last):
  File ""/home/runner/work/heatpulse-rajasthan/heatpulse-rajasthan/scripts/fetch_daily_weather_api.py"", line 15, in <module>
    cfg = pd.read_csv(DOCS / ""step9_api_config_template.csv"")
  File ""/opt/hostedtoolcache/Python/3.13.13/x64/lib/python3.13/site-packages/pandas/io/parsers/readers.py"", line 873, in read_csv
    return _read(filepath_or_buffer, kwds)
  File ""/opt/hostedtoolcache/Python/3.13.13/x64/lib/python3.13/site-packages/pandas/io/parsers/readers.py"", line 300, in _read
    parser = TextFileReader(filepath_or_buffer, **kwds)
  File ""/opt/hostedtoolcache/Python/3.13.13/x64/lib/python3.13/site-packages/pandas/io/parsers/readers.py"", line 1645, in __init__
    self._engine = self._make_engine(f, self.engine)
                   ~~~~~~~~~~~~~~~~~^^^^^^^^^^^^^^^^
  File ""/opt/hostedtoolcache/Python/3.13.13/x64/lib/python3.13/site-packages/pandas/io/parsers/readers.py"", line 1904, in _make_engine
    self.handles = get_handle(
                   ~~~~~~~~~~^
        f,
        ^^
    ...<6 lines>...
        storage_options=self.options.get(""storage_options"", None),
        ^^^^^^^^^^^^^^^^^^^^^^^^^^^^^^^^^^^^^^^^^^^^^^^^^^^^^^^^^^
    )
    ^
  File ""/opt/hostedtoolcache/Python/3.13.13/x64/lib/python3.13/site-packages/pandas/io/common.py"", line 926, in get_handle
    handle = open(
        handle,
    ...<3 lines>...
        newline="""",
    )
FileNotFoundError: [Errno 2] No such file or directory: '/home/runner/work/heatpulse-rajasthan/heatpulse-rajasthan/docs/step9_api_config_template.csv'

",/home/runner/work/heatpulse-rajasthan/heatpulse-rajasthan/outputs/api_daily_top10_guarded.csv,/home/runner/work/heatpulse-rajasthan/heatpulse-rajasthan/docs/step10_data_reliability_report.csv,legacy_v1,baseline_logistic_step4
2026-05-04 07:48:09,success,75555,2025-12-30,0.85,/home/runner/work/heatpulse-rajasthan/heatpulse-rajasthan/outputs/daily_alerts_auto.csv,/home/runner/work/heatpulse-rajasthan/heatpulse-rajasthan/outputs/daily_top10_auto.csv,/home/runner/work/heatpulse-rajasthan/heatpulse-rajasthan/outputs/latest_day_top10_auto.csv,stale_fallback,/home/runner/work/heatpulse-rajasthan/heatpulse-rajasthan/data/raw/api_daily_weather_20260503.csv,/home/runner/work/heatpulse-rajasthan/heatpulse-rajasthan/outputs/api_forecast_alerts_step9_guarded.csv,/home/runner/work/heatpulse-rajasthan/heatpulse-rajasthan/outputs/api_latest_top10_guarded.csv,"quality_mode=fallback_after_fetch_error; valid_archive_files=1; invalid_archive_files=0
Live API fetch failed; used fallback file: /home/runner/work/heatpulse-rajasthan/heatpulse-rajasthan/data/raw/api_daily_weather_20260503.csv
Error: API fetch failed.
STDOUT:

STDERR:
Traceback (most recent call last):
  File ""/home/runner/work/heatpulse-rajasthan/heatpulse-rajasthan/scripts/fetch_daily_weather_api.py"", line 15, in <module>
    cfg = pd.read_csv(DOCS / ""step9_api_config_template.csv"")
  File ""/opt/hostedtoolcache/Python/3.13.13/x64/lib/python3.13/site-packages/pandas/io/parsers/readers.py"", line 873, in read_csv
    return _read(filepath_or_buffer, kwds)
  File ""/opt/hostedtoolcache/Python/3.13.13/x64/lib/python3.13/site-packages/pandas/io/parsers/readers.py"", line 300, in _read
    parser = TextFileReader(filepath_or_buffer, **kwds)
  File ""/opt/hostedtoolcache/Python/3.13.13/x64/lib/python3.13/site-packages/pandas/io/parsers/readers.py"", line 1645, in __init__
    self._engine = self._make_engine(f, self.engine)
                   ~~~~~~~~~~~~~~~~~^^^^^^^^^^^^^^^^
  File ""/opt/hostedtoolcache/Python/3.13.13/x64/lib/python3.13/site-packages/pandas/io/parsers/readers.py"", line 1904, in _make_engine
    self.handles = get_handle(
                   ~~~~~~~~~~^
        f,
        ^^
    ...<6 lines>...
        storage_options=self.options.get(""storage_options"", None),
        ^^^^^^^^^^^^^^^^^^^^^^^^^^^^^^^^^^^^^^^^^^^^^^^^^^^^^^^^^^
    )
    ^
  File ""/opt/hostedtoolcache/Python/3.13.13/x64/lib/python3.13/site-packages/pandas/io/common.py"", line 926, in get_handle
    handle = open(
        handle,
    ...<3 lines>...
        newline="""",
    )
FileNotFoundError: [Errno 2] No such file or directory: '/home/runner/work/heatpulse-rajasthan/heatpulse-rajasthan/docs/step9_api_config_template.csv'

",/home/runner/work/heatpulse-rajasthan/heatpulse-rajasthan/outputs/api_daily_top10_guarded.csv,/home/runner/work/heatpulse-rajasthan/heatpulse-rajasthan/docs/step10_data_reliability_report.csv,legacy_v1,baseline_logistic_step4
2026-05-04 08:50:49,success,75555,2025-12-30,0.85,/home/runner/work/heatpulse-rajasthan/heatpulse-rajasthan/outputs/daily_alerts_auto.csv,/home/runner/work/heatpulse-rajasthan/heatpulse-rajasthan/outputs/daily_top10_auto.csv,/home/runner/work/heatpulse-rajasthan/heatpulse-rajasthan/outputs/latest_day_top10_auto.csv,stale_fallback,/home/runner/work/heatpulse-rajasthan/heatpulse-rajasthan/data/raw/api_daily_weather_20260503.csv,/home/runner/work/heatpulse-rajasthan/heatpulse-rajasthan/outputs/api_forecast_alerts_step9_guarded.csv,/home/runner/work/heatpulse-rajasthan/heatpulse-rajasthan/outputs/api_latest_top10_guarded.csv,"quality_mode=fallback_after_fetch_error; valid_archive_files=1; invalid_archive_files=0
Live API fetch failed; used fallback file: /home/runner/work/heatpulse-rajasthan/heatpulse-rajasthan/data/raw/api_daily_weather_20260503.csv
Error: API fetch failed.
STDOUT:

STDERR:
Traceback (most recent call last):
  File ""/home/runner/work/heatpulse-rajasthan/heatpulse-rajasthan/scripts/fetch_daily_weather_api.py"", line 15, in <module>
    cfg = pd.read_csv(DOCS / ""step9_api_config_template.csv"")
  File ""/opt/hostedtoolcache/Python/3.13.13/x64/lib/python3.13/site-packages/pandas/io/parsers/readers.py"", line 873, in read_csv
    return _read(filepath_or_buffer, kwds)
  File ""/opt/hostedtoolcache/Python/3.13.13/x64/lib/python3.13/site-packages/pandas/io/parsers/readers.py"", line 300, in _read
    parser = TextFileReader(filepath_or_buffer, **kwds)
  File ""/opt/hostedtoolcache/Python/3.13.13/x64/lib/python3.13/site-packages/pandas/io/parsers/readers.py"", line 1645, in __init__
    self._engine = self._make_engine(f, self.engine)
                   ~~~~~~~~~~~~~~~~~^^^^^^^^^^^^^^^^
  File ""/opt/hostedtoolcache/Python/3.13.13/x64/lib/python3.13/site-packages/pandas/io/parsers/readers.py"", line 1904, in _make_engine
    self.handles = get_handle(
                   ~~~~~~~~~~^
        f,
        ^^
    ...<6 lines>...
        storage_options=self.options.get(""storage_options"", None),
        ^^^^^^^^^^^^^^^^^^^^^^^^^^^^^^^^^^^^^^^^^^^^^^^^^^^^^^^^^^
    )
    ^
  File ""/opt/hostedtoolcache/Python/3.13.13/x64/lib/python3.13/site-packages/pandas/io/common.py"", line 926, in get_handle
    handle = open(
        handle,
    ...<3 lines>...
        newline="""",
    )
FileNotFoundError: [Errno 2] No such file or directory: '/home/runner/work/heatpulse-rajasthan/heatpulse-rajasthan/docs/step9_api_config_template.csv'

",/home/runner/work/heatpulse-rajasthan/heatpulse-rajasthan/outputs/api_daily_top10_guarded.csv,/home/runner/work/heatpulse-rajasthan/heatpulse-rajasthan/docs/step10_data_reliability_report.csv,legacy_v1,baseline_logistic_step4
2026-05-04 09:20:55,success,75555,2025-12-30,0.85,/home/runner/work/heatpulse-rajasthan/heatpulse-rajasthan/outputs/daily_alerts_auto.csv,/home/runner/work/heatpulse-rajasthan/heatpulse-rajasthan/outputs/daily_top10_auto.csv,/home/runner/work/heatpulse-rajasthan/heatpulse-rajasthan/outputs/latest_day_top10_auto.csv,stale_fallback,/home/runner/work/heatpulse-rajasthan/heatpulse-rajasthan/data/raw/api_daily_weather_20260503.csv,/home/runner/work/heatpulse-rajasthan/heatpulse-rajasthan/outputs/api_forecast_alerts_step9_guarded.csv,/home/runner/work/heatpulse-rajasthan/heatpulse-rajasthan/outputs/api_latest_top10_guarded.csv,"quality_mode=fallback_after_fetch_error; valid_archive_files=1; invalid_archive_files=0
Live API fetch failed; used fallback file: /home/runner/work/heatpulse-rajasthan/heatpulse-rajasthan/data/raw/api_daily_weather_20260503.csv
Error: API fetch failed.
STDOUT:

STDERR:
Traceback (most recent call last):
  File ""/home/runner/work/heatpulse-rajasthan/heatpulse-rajasthan/scripts/fetch_daily_weather_api.py"", line 15, in <module>
    cfg = pd.read_csv(DOCS / ""step9_api_config_template.csv"")
  File ""/opt/hostedtoolcache/Python/3.13.13/x64/lib/python3.13/site-packages/pandas/io/parsers/readers.py"", line 873, in read_csv
    return _read(filepath_or_buffer, kwds)
  File ""/opt/hostedtoolcache/Python/3.13.13/x64/lib/python3.13/site-packages/pandas/io/parsers/readers.py"", line 300, in _read
    parser = TextFileReader(filepath_or_buffer, **kwds)
  File ""/opt/hostedtoolcache/Python/3.13.13/x64/lib/python3.13/site-packages/pandas/io/parsers/readers.py"", line 1645, in __init__
    self._engine = self._make_engine(f, self.engine)
                   ~~~~~~~~~~~~~~~~~^^^^^^^^^^^^^^^^
  File ""/opt/hostedtoolcache/Python/3.13.13/x64/lib/python3.13/site-packages/pandas/io/parsers/readers.py"", line 1904, in _make_engine
    self.handles = get_handle(
                   ~~~~~~~~~~^
        f,
        ^^
    ...<6 lines>...
        storage_options=self.options.get(""storage_options"", None),
        ^^^^^^^^^^^^^^^^^^^^^^^^^^^^^^^^^^^^^^^^^^^^^^^^^^^^^^^^^^
    )
    ^
  File ""/opt/hostedtoolcache/Python/3.13.13/x64/lib/python3.13/site-packages/pandas/io/common.py"", line 926, in get_handle
    handle = open(
        handle,
    ...<3 lines>...
        newline="""",
    )
FileNotFoundError: [Errno 2] No such file or directory: '/home/runner/work/heatpulse-rajasthan/heatpulse-rajasthan/docs/step9_api_config_template.csv'

",/home/runner/work/heatpulse-rajasthan/heatpulse-rajasthan/outputs/api_daily_top10_guarded.csv,/home/runner/work/heatpulse-rajasthan/heatpulse-rajasthan/docs/step10_data_reliability_report.csv,legacy_v1,baseline_logistic_step4
2026-05-04 09:32:07,success,75555,2025-12-30,0.85,/home/runner/work/heatpulse-rajasthan/heatpulse-rajasthan/outputs/daily_alerts_auto.csv,/home/runner/work/heatpulse-rajasthan/heatpulse-rajasthan/outputs/daily_top10_auto.csv,/home/runner/work/heatpulse-rajasthan/heatpulse-rajasthan/outputs/latest_day_top10_auto.csv,stale_fallback,/home/runner/work/heatpulse-rajasthan/heatpulse-rajasthan/data/raw/api_daily_weather_20260503.csv,/home/runner/work/heatpulse-rajasthan/heatpulse-rajasthan/outputs/api_forecast_alerts_step9_guarded.csv,/home/runner/work/heatpulse-rajasthan/heatpulse-rajasthan/outputs/api_latest_top10_guarded.csv,"quality_mode=fallback_after_fetch_error; valid_archive_files=1; invalid_archive_files=0
Live API fetch failed; used fallback file: /home/runner/work/heatpulse-rajasthan/heatpulse-rajasthan/data/raw/api_daily_weather_20260503.csv
Error: API fetch failed.
STDOUT:

STDERR:
Traceback (most recent call last):
  File ""/home/runner/work/heatpulse-rajasthan/heatpulse-rajasthan/scripts/fetch_daily_weather_api.py"", line 15, in <module>
    cfg = pd.read_csv(DOCS / ""step9_api_config_template.csv"")
  File ""/opt/hostedtoolcache/Python/3.13.13/x64/lib/python3.13/site-packages/pandas/io/parsers/readers.py"", line 873, in read_csv
    return _read(filepath_or_buffer, kwds)
  File ""/opt/hostedtoolcache/Python/3.13.13/x64/lib/python3.13/site-packages/pandas/io/parsers/readers.py"", line 300, in _read
    parser = TextFileReader(filepath_or_buffer, **kwds)
  File ""/opt/hostedtoolcache/Python/3.13.13/x64/lib/python3.13/site-packages/pandas/io/parsers/readers.py"", line 1645, in __init__
    self._engine = self._make_engine(f, self.engine)
                   ~~~~~~~~~~~~~~~~~^^^^^^^^^^^^^^^^
  File ""/opt/hostedtoolcache/Python/3.13.13/x64/lib/python3.13/site-packages/pandas/io/parsers/readers.py"", line 1904, in _make_engine
    self.handles = get_handle(
                   ~~~~~~~~~~^
        f,
        ^^
    ...<6 lines>...
        storage_options=self.options.get(""storage_options"", None),
        ^^^^^^^^^^^^^^^^^^^^^^^^^^^^^^^^^^^^^^^^^^^^^^^^^^^^^^^^^^
    )
    ^
  File ""/opt/hostedtoolcache/Python/3.13.13/x64/lib/python3.13/site-packages/pandas/io/common.py"", line 926, in get_handle
    handle = open(
        handle,
    ...<3 lines>...
        newline="""",
    )
FileNotFoundError: [Errno 2] No such file or directory: '/home/runner/work/heatpulse-rajasthan/heatpulse-rajasthan/docs/step9_api_config_template.csv'

",/home/runner/work/heatpulse-rajasthan/heatpulse-rajasthan/outputs/api_daily_top10_guarded.csv,/home/runner/work/heatpulse-rajasthan/heatpulse-rajasthan/docs/step10_data_reliability_report.csv,legacy_v1,baseline_logistic_step4
2026-05-04 10:00:08,success,75555,2025-12-30,0.85,/home/runner/work/heatpulse-rajasthan/heatpulse-rajasthan/outputs/daily_alerts_auto.csv,/home/runner/work/heatpulse-rajasthan/heatpulse-rajasthan/outputs/daily_top10_auto.csv,/home/runner/work/heatpulse-rajasthan/heatpulse-rajasthan/outputs/latest_day_top10_auto.csv,stale_fallback,/home/runner/work/heatpulse-rajasthan/heatpulse-rajasthan/data/raw/api_daily_weather_20260503.csv,/home/runner/work/heatpulse-rajasthan/heatpulse-rajasthan/outputs/api_forecast_alerts_step9_guarded.csv,/home/runner/work/heatpulse-rajasthan/heatpulse-rajasthan/outputs/api_latest_top10_guarded.csv,"quality_mode=fallback_after_fetch_error; valid_archive_files=1; invalid_archive_files=0
Live API fetch failed; used fallback file: /home/runner/work/heatpulse-rajasthan/heatpulse-rajasthan/data/raw/api_daily_weather_20260503.csv
Error: API fetch failed.
STDOUT:

STDERR:
Traceback (most recent call last):
  File ""/home/runner/work/heatpulse-rajasthan/heatpulse-rajasthan/scripts/fetch_daily_weather_api.py"", line 15, in <module>
    cfg = pd.read_csv(DOCS / ""step9_api_config_template.csv"")
  File ""/opt/hostedtoolcache/Python/3.13.13/x64/lib/python3.13/site-packages/pandas/io/parsers/readers.py"", line 873, in read_csv
    return _read(filepath_or_buffer, kwds)
  File ""/opt/hostedtoolcache/Python/3.13.13/x64/lib/python3.13/site-packages/pandas/io/parsers/readers.py"", line 300, in _read
    parser = TextFileReader(filepath_or_buffer, **kwds)
  File ""/opt/hostedtoolcache/Python/3.13.13/x64/lib/python3.13/site-packages/pandas/io/parsers/readers.py"", line 1645, in __init__
    self._engine = self._make_engine(f, self.engine)
                   ~~~~~~~~~~~~~~~~~^^^^^^^^^^^^^^^^
  File ""/opt/hostedtoolcache/Python/3.13.13/x64/lib/python3.13/site-packages/pandas/io/parsers/readers.py"", line 1904, in _make_engine
    self.handles = get_handle(
                   ~~~~~~~~~~^
        f,
        ^^
    ...<6 lines>...
        storage_options=self.options.get(""storage_options"", None),
        ^^^^^^^^^^^^^^^^^^^^^^^^^^^^^^^^^^^^^^^^^^^^^^^^^^^^^^^^^^
    )
    ^
  File ""/opt/hostedtoolcache/Python/3.13.13/x64/lib/python3.13/site-packages/pandas/io/common.py"", line 926, in get_handle
    handle = open(
        handle,
    ...<3 lines>...
        newline="""",
    )
FileNotFoundError: [Errno 2] No such file or directory: '/home/runner/work/heatpulse-rajasthan/heatpulse-rajasthan/docs/step9_api_config_template.csv'

",/home/runner/work/heatpulse-rajasthan/heatpulse-rajasthan/outputs/api_daily_top10_guarded.csv,/home/runner/work/heatpulse-rajasthan/heatpulse-rajasthan/docs/step10_data_reliability_report.csv,legacy_v1,baseline_logistic_step4
2026-05-04 11:07:05,success,75555,2025-12-30,0.85,/home/runner/work/heatpulse-rajasthan/heatpulse-rajasthan/outputs/daily_alerts_auto.csv,/home/runner/work/heatpulse-rajasthan/heatpulse-rajasthan/outputs/daily_top10_auto.csv,/home/runner/work/heatpulse-rajasthan/heatpulse-rajasthan/outputs/latest_day_top10_auto.csv,stale_fallback,/home/runner/work/heatpulse-rajasthan/heatpulse-rajasthan/data/raw/api_daily_weather_20260503.csv,/home/runner/work/heatpulse-rajasthan/heatpulse-rajasthan/outputs/api_forecast_alerts_step9_guarded.csv,/home/runner/work/heatpulse-rajasthan/heatpulse-rajasthan/outputs/api_latest_top10_guarded.csv,"quality_mode=fallback_after_fetch_error; valid_archive_files=1; invalid_archive_files=0
Live API fetch failed; used fallback file: /home/runner/work/heatpulse-rajasthan/heatpulse-rajasthan/data/raw/api_daily_weather_20260503.csv
Error: API fetch failed.
STDOUT:

STDERR:
Traceback (most recent call last):
  File ""/home/runner/work/heatpulse-rajasthan/heatpulse-rajasthan/scripts/fetch_daily_weather_api.py"", line 15, in <module>
    cfg = pd.read_csv(DOCS / ""step9_api_config_template.csv"")
  File ""/opt/hostedtoolcache/Python/3.13.13/x64/lib/python3.13/site-packages/pandas/io/parsers/readers.py"", line 873, in read_csv
    return _read(filepath_or_buffer, kwds)
  File ""/opt/hostedtoolcache/Python/3.13.13/x64/lib/python3.13/site-packages/pandas/io/parsers/readers.py"", line 300, in _read
    parser = TextFileReader(filepath_or_buffer, **kwds)
  File ""/opt/hostedtoolcache/Python/3.13.13/x64/lib/python3.13/site-packages/pandas/io/parsers/readers.py"", line 1645, in __init__
    self._engine = self._make_engine(f, self.engine)
                   ~~~~~~~~~~~~~~~~~^^^^^^^^^^^^^^^^
  File ""/opt/hostedtoolcache/Python/3.13.13/x64/lib/python3.13/site-packages/pandas/io/parsers/readers.py"", line 1904, in _make_engine
    self.handles = get_handle(
                   ~~~~~~~~~~^
        f,
        ^^
    ...<6 lines>...
        storage_options=self.options.get(""storage_options"", None),
        ^^^^^^^^^^^^^^^^^^^^^^^^^^^^^^^^^^^^^^^^^^^^^^^^^^^^^^^^^^
    )
    ^
  File ""/opt/hostedtoolcache/Python/3.13.13/x64/lib/python3.13/site-packages/pandas/io/common.py"", line 926, in get_handle
    handle = open(
        handle,
    ...<3 lines>...
        newline="""",
    )
FileNotFoundError: [Errno 2] No such file or directory: '/home/runner/work/heatpulse-rajasthan/heatpulse-rajasthan/docs/step9_api_config_template.csv'

",/home/runner/work/heatpulse-rajasthan/heatpulse-rajasthan/outputs/api_daily_top10_guarded.csv,/home/runner/work/heatpulse-rajasthan/heatpulse-rajasthan/docs/step10_data_reliability_report.csv,legacy_v1,baseline_logistic_step4
2026-05-04 15:10:42,success,75555,2025-12-30,0.85,/home/runner/work/heatpulse-rajasthan/heatpulse-rajasthan/outputs/daily_alerts_auto.csv,/home/runner/work/heatpulse-rajasthan/heatpulse-rajasthan/outputs/daily_top10_auto.csv,/home/runner/work/heatpulse-rajasthan/heatpulse-rajasthan/outputs/latest_day_top10_auto.csv,stale_fallback,/home/runner/work/heatpulse-rajasthan/heatpulse-rajasthan/data/raw/api_daily_weather_20260503.csv,/home/runner/work/heatpulse-rajasthan/heatpulse-rajasthan/outputs/api_forecast_alerts_step9_guarded.csv,/home/runner/work/heatpulse-rajasthan/heatpulse-rajasthan/outputs/api_latest_top10_guarded.csv,"quality_mode=fallback_after_fetch_error; valid_archive_files=1; invalid_archive_files=0
Live API fetch failed; used fallback file: /home/runner/work/heatpulse-rajasthan/heatpulse-rajasthan/data/raw/api_daily_weather_20260503.csv
Error: API fetch failed.
STDOUT:

STDERR:
Traceback (most recent call last):
  File ""/home/runner/work/heatpulse-rajasthan/heatpulse-rajasthan/scripts/fetch_daily_weather_api.py"", line 15, in <module>
    cfg = pd.read_csv(DOCS / ""step9_api_config_template.csv"")
  File ""/opt/hostedtoolcache/Python/3.13.13/x64/lib/python3.13/site-packages/pandas/io/parsers/readers.py"", line 873, in read_csv
    return _read(filepath_or_buffer, kwds)
  File ""/opt/hostedtoolcache/Python/3.13.13/x64/lib/python3.13/site-packages/pandas/io/parsers/readers.py"", line 300, in _read
    parser = TextFileReader(filepath_or_buffer, **kwds)
  File ""/opt/hostedtoolcache/Python/3.13.13/x64/lib/python3.13/site-packages/pandas/io/parsers/readers.py"", line 1645, in __init__
    self._engine = self._make_engine(f, self.engine)
                   ~~~~~~~~~~~~~~~~~^^^^^^^^^^^^^^^^
  File ""/opt/hostedtoolcache/Python/3.13.13/x64/lib/python3.13/site-packages/pandas/io/parsers/readers.py"", line 1904, in _make_engine
    self.handles = get_handle(
                   ~~~~~~~~~~^
        f,
        ^^
    ...<6 lines>...
        storage_options=self.options.get(""storage_options"", None),
        ^^^^^^^^^^^^^^^^^^^^^^^^^^^^^^^^^^^^^^^^^^^^^^^^^^^^^^^^^^
    )
    ^
  File ""/opt/hostedtoolcache/Python/3.13.13/x64/lib/python3.13/site-packages/pandas/io/common.py"", line 926, in get_handle
    handle = open(
        handle,
    ...<3 lines>...
        newline="""",
    )
FileNotFoundError: [Errno 2] No such file or directory: '/home/runner/work/heatpulse-rajasthan/heatpulse-rajasthan/docs/step9_api_config_template.csv'

",/home/runner/work/heatpulse-rajasthan/heatpulse-rajasthan/outputs/api_daily_top10_guarded.csv,/home/runner/work/heatpulse-rajasthan/heatpulse-rajasthan/docs/step10_data_reliability_report.csv,legacy_v1,baseline_logistic_step4
2026-05-04 18:16:06,success,75555,2025-12-30,0.85,/home/runner/work/heatpulse-rajasthan/heatpulse-rajasthan/outputs/daily_alerts_auto.csv,/home/runner/work/heatpulse-rajasthan/heatpulse-rajasthan/outputs/daily_top10_auto.csv,/home/runner/work/heatpulse-rajasthan/heatpulse-rajasthan/outputs/latest_day_top10_auto.csv,stale_fallback,/home/runner/work/heatpulse-rajasthan/heatpulse-rajasthan/data/raw/api_daily_weather_20260503.csv,/home/runner/work/heatpulse-rajasthan/heatpulse-rajasthan/outputs/api_forecast_alerts_step9_guarded.csv,/home/runner/work/heatpulse-rajasthan/heatpulse-rajasthan/outputs/api_latest_top10_guarded.csv,"quality_mode=fallback_after_fetch_error; valid_archive_files=1; invalid_archive_files=0
Live API fetch failed; used fallback file: /home/runner/work/heatpulse-rajasthan/heatpulse-rajasthan/data/raw/api_daily_weather_20260503.csv
Error: API fetch failed.
STDOUT:

STDERR:
Traceback (most recent call last):
  File ""/home/runner/work/heatpulse-rajasthan/heatpulse-rajasthan/scripts/fetch_daily_weather_api.py"", line 15, in <module>
    cfg = pd.read_csv(DOCS / ""step9_api_config_template.csv"")
  File ""/opt/hostedtoolcache/Python/3.13.13/x64/lib/python3.13/site-packages/pandas/io/parsers/readers.py"", line 873, in read_csv
    return _read(filepath_or_buffer, kwds)
  File ""/opt/hostedtoolcache/Python/3.13.13/x64/lib/python3.13/site-packages/pandas/io/parsers/readers.py"", line 300, in _read
    parser = TextFileReader(filepath_or_buffer, **kwds)
  File ""/opt/hostedtoolcache/Python/3.13.13/x64/lib/python3.13/site-packages/pandas/io/parsers/readers.py"", line 1645, in __init__
    self._engine = self._make_engine(f, self.engine)
                   ~~~~~~~~~~~~~~~~~^^^^^^^^^^^^^^^^
  File ""/opt/hostedtoolcache/Python/3.13.13/x64/lib/python3.13/site-packages/pandas/io/parsers/readers.py"", line 1904, in _make_engine
    self.handles = get_handle(
                   ~~~~~~~~~~^
        f,
        ^^
    ...<6 lines>...
        storage_options=self.options.get(""storage_options"", None),
        ^^^^^^^^^^^^^^^^^^^^^^^^^^^^^^^^^^^^^^^^^^^^^^^^^^^^^^^^^^
    )
    ^
  File ""/opt/hostedtoolcache/Python/3.13.13/x64/lib/python3.13/site-packages/pandas/io/common.py"", line 926, in get_handle
    handle = open(
        handle,
    ...<3 lines>...
        newline="""",
    )
FileNotFoundError: [Errno 2] No such file or directory: '/home/runner/work/heatpulse-rajasthan/heatpulse-rajasthan/docs/step9_api_config_template.csv'

",/home/runner/work/heatpulse-rajasthan/heatpulse-rajasthan/outputs/api_daily_top10_guarded.csv,/home/runner/work/heatpulse-rajasthan/heatpulse-rajasthan/docs/step10_data_reliability_report.csv,legacy_v1,baseline_logistic_step4
2026-05-05 04:17:11,success,75555,2025-12-30,0.85,/home/runner/work/heatpulse-rajasthan/heatpulse-rajasthan/outputs/daily_alerts_auto.csv,/home/runner/work/heatpulse-rajasthan/heatpulse-rajasthan/outputs/daily_top10_auto.csv,/home/runner/work/heatpulse-rajasthan/heatpulse-rajasthan/outputs/latest_day_top10_auto.csv,stale_fallback,/home/runner/work/heatpulse-rajasthan/heatpulse-rajasthan/data/raw/api_daily_weather_20260503.csv,/home/runner/work/heatpulse-rajasthan/heatpulse-rajasthan/outputs/api_forecast_alerts_step9_guarded.csv,/home/runner/work/heatpulse-rajasthan/heatpulse-rajasthan/outputs/api_latest_top10_guarded.csv,"quality_mode=fallback_after_fetch_error; valid_archive_files=1; invalid_archive_files=0
Live API fetch failed; used fallback file: /home/runner/work/heatpulse-rajasthan/heatpulse-rajasthan/data/raw/api_daily_weather_20260503.csv
Error: API fetch failed.
STDOUT:

STDERR:
Traceback (most recent call last):
  File ""/home/runner/work/heatpulse-rajasthan/heatpulse-rajasthan/scripts/fetch_daily_weather_api.py"", line 15, in <module>
    cfg = pd.read_csv(DOCS / ""step9_api_config_template.csv"")
  File ""/opt/hostedtoolcache/Python/3.13.13/x64/lib/python3.13/site-packages/pandas/io/parsers/readers.py"", line 873, in read_csv
    return _read(filepath_or_buffer, kwds)
  File ""/opt/hostedtoolcache/Python/3.13.13/x64/lib/python3.13/site-packages/pandas/io/parsers/readers.py"", line 300, in _read
    parser = TextFileReader(filepath_or_buffer, **kwds)
  File ""/opt/hostedtoolcache/Python/3.13.13/x64/lib/python3.13/site-packages/pandas/io/parsers/readers.py"", line 1645, in __init__
    self._engine = self._make_engine(f, self.engine)
                   ~~~~~~~~~~~~~~~~~^^^^^^^^^^^^^^^^
  File ""/opt/hostedtoolcache/Python/3.13.13/x64/lib/python3.13/site-packages/pandas/io/parsers/readers.py"", line 1904, in _make_engine
    self.handles = get_handle(
                   ~~~~~~~~~~^
        f,
        ^^
    ...<6 lines>...
        storage_options=self.options.get(""storage_options"", None),
        ^^^^^^^^^^^^^^^^^^^^^^^^^^^^^^^^^^^^^^^^^^^^^^^^^^^^^^^^^^
    )
    ^
  File ""/opt/hostedtoolcache/Python/3.13.13/x64/lib/python3.13/site-packages/pandas/io/common.py"", line 926, in get_handle
    handle = open(
        handle,
    ...<3 lines>...
        newline="""",
    )
FileNotFoundError: [Errno 2] No such file or directory: '/home/runner/work/heatpulse-rajasthan/heatpulse-rajasthan/docs/step9_api_config_template.csv'

",/home/runner/work/heatpulse-rajasthan/heatpulse-rajasthan/outputs/api_daily_top10_guarded.csv,/home/runner/work/heatpulse-rajasthan/heatpulse-rajasthan/docs/step10_data_reliability_report.csv,legacy_v1,baseline_logistic_step4
2026-05-05 07:18:38,success,75555,2025-12-30,0.85,/home/runner/work/heatpulse-rajasthan/heatpulse-rajasthan/outputs/daily_alerts_auto.csv,/home/runner/work/heatpulse-rajasthan/heatpulse-rajasthan/outputs/daily_top10_auto.csv,/home/runner/work/heatpulse-rajasthan/heatpulse-rajasthan/outputs/latest_day_top10_auto.csv,stale_fallback,/home/runner/work/heatpulse-rajasthan/heatpulse-rajasthan/data/raw/api_daily_weather_20260503.csv,/home/runner/work/heatpulse-rajasthan/heatpulse-rajasthan/outputs/api_forecast_alerts_step9_guarded.csv,/home/runner/work/heatpulse-rajasthan/heatpulse-rajasthan/outputs/api_latest_top10_guarded.csv,"quality_mode=fallback_after_fetch_error; valid_archive_files=1; invalid_archive_files=0
Live API fetch failed; used fallback file: /home/runner/work/heatpulse-rajasthan/heatpulse-rajasthan/data/raw/api_daily_weather_20260503.csv
Error: API fetch failed.
STDOUT:

STDERR:
Traceback (most recent call last):
  File ""/home/runner/work/heatpulse-rajasthan/heatpulse-rajasthan/scripts/fetch_daily_weather_api.py"", line 15, in <module>
    cfg = pd.read_csv(DOCS / ""step9_api_config_template.csv"")
  File ""/opt/hostedtoolcache/Python/3.13.13/x64/lib/python3.13/site-packages/pandas/io/parsers/readers.py"", line 873, in read_csv
    return _read(filepath_or_buffer, kwds)
  File ""/opt/hostedtoolcache/Python/3.13.13/x64/lib/python3.13/site-packages/pandas/io/parsers/readers.py"", line 300, in _read
    parser = TextFileReader(filepath_or_buffer, **kwds)
  File ""/opt/hostedtoolcache/Python/3.13.13/x64/lib/python3.13/site-packages/pandas/io/parsers/readers.py"", line 1645, in __init__
    self._engine = self._make_engine(f, self.engine)
                   ~~~~~~~~~~~~~~~~~^^^^^^^^^^^^^^^^
  File ""/opt/hostedtoolcache/Python/3.13.13/x64/lib/python3.13/site-packages/pandas/io/parsers/readers.py"", line 1904, in _make_engine
    self.handles = get_handle(
                   ~~~~~~~~~~^
        f,
        ^^
    ...<6 lines>...
        storage_options=self.options.get(""storage_options"", None),
        ^^^^^^^^^^^^^^^^^^^^^^^^^^^^^^^^^^^^^^^^^^^^^^^^^^^^^^^^^^
    )
    ^
  File ""/opt/hostedtoolcache/Python/3.13.13/x64/lib/python3.13/site-packages/pandas/io/common.py"", line 926, in get_handle
    handle = open(
        handle,
    ...<3 lines>...
        newline="""",
    )
FileNotFoundError: [Errno 2] No such file or directory: '/home/runner/work/heatpulse-rajasthan/heatpulse-rajasthan/docs/step9_api_config_template.csv'

",/home/runner/work/heatpulse-rajasthan/heatpulse-rajasthan/outputs/api_daily_top10_guarded.csv,/home/runner/work/heatpulse-rajasthan/heatpulse-rajasthan/docs/step10_data_reliability_report.csv,legacy_v1,baseline_logistic_step4
2026-05-05 10:48:03,success,75555,2025-12-30,0.85,/home/runner/work/heatpulse-rajasthan/heatpulse-rajasthan/outputs/daily_alerts_auto.csv,/home/runner/work/heatpulse-rajasthan/heatpulse-rajasthan/outputs/daily_top10_auto.csv,/home/runner/work/heatpulse-rajasthan/heatpulse-rajasthan/outputs/latest_day_top10_auto.csv,stale_fallback,/home/runner/work/heatpulse-rajasthan/heatpulse-rajasthan/data/raw/api_daily_weather_20260503.csv,/home/runner/work/heatpulse-rajasthan/heatpulse-rajasthan/outputs/api_forecast_alerts_step9_guarded.csv,/home/runner/work/heatpulse-rajasthan/heatpulse-rajasthan/outputs/api_latest_top10_guarded.csv,"quality_mode=fallback_after_fetch_error; valid_archive_files=1; invalid_archive_files=0
Live API fetch failed; used fallback file: /home/runner/work/heatpulse-rajasthan/heatpulse-rajasthan/data/raw/api_daily_weather_20260503.csv
Error: API fetch failed.
STDOUT:

STDERR:
Traceback (most recent call last):
  File ""/home/runner/work/heatpulse-rajasthan/heatpulse-rajasthan/scripts/fetch_daily_weather_api.py"", line 15, in <module>
    cfg = pd.read_csv(DOCS / ""step9_api_config_template.csv"")
  File ""/opt/hostedtoolcache/Python/3.13.13/x64/lib/python3.13/site-packages/pandas/io/parsers/readers.py"", line 873, in read_csv
    return _read(filepath_or_buffer, kwds)
  File ""/opt/hostedtoolcache/Python/3.13.13/x64/lib/python3.13/site-packages/pandas/io/parsers/readers.py"", line 300, in _read
    parser = TextFileReader(filepath_or_buffer, **kwds)
  File ""/opt/hostedtoolcache/Python/3.13.13/x64/lib/python3.13/site-packages/pandas/io/parsers/readers.py"", line 1645, in __init__
    self._engine = self._make_engine(f, self.engine)
                   ~~~~~~~~~~~~~~~~~^^^^^^^^^^^^^^^^
  File ""/opt/hostedtoolcache/Python/3.13.13/x64/lib/python3.13/site-packages/pandas/io/parsers/readers.py"", line 1904, in _make_engine
    self.handles = get_handle(
                   ~~~~~~~~~~^
        f,
        ^^
    ...<6 lines>...
        storage_options=self.options.get(""storage_options"", None),
        ^^^^^^^^^^^^^^^^^^^^^^^^^^^^^^^^^^^^^^^^^^^^^^^^^^^^^^^^^^
    )
    ^
  File ""/opt/hostedtoolcache/Python/3.13.13/x64/lib/python3.13/site-packages/pandas/io/common.py"", line 926, in get_handle
    handle = open(
        handle,
    ...<3 lines>...
        newline="""",
    )
FileNotFoundError: [Errno 2] No such file or directory: '/home/runner/work/heatpulse-rajasthan/heatpulse-rajasthan/docs/step9_api_config_template.csv'

",/home/runner/work/heatpulse-rajasthan/heatpulse-rajasthan/outputs/api_daily_top10_guarded.csv,/home/runner/work/heatpulse-rajasthan/heatpulse-rajasthan/docs/step10_data_reliability_report.csv,legacy_v1,baseline_logistic_step4
2026-05-05 18:12:31,success,75555,2025-12-30,0.85,/home/runner/work/heatpulse-rajasthan/heatpulse-rajasthan/outputs/daily_alerts_auto.csv,/home/runner/work/heatpulse-rajasthan/heatpulse-rajasthan/outputs/daily_top10_auto.csv,/home/runner/work/heatpulse-rajasthan/heatpulse-rajasthan/outputs/latest_day_top10_auto.csv,stale_fallback,/home/runner/work/heatpulse-rajasthan/heatpulse-rajasthan/data/raw/api_daily_weather_20260503.csv,/home/runner/work/heatpulse-rajasthan/heatpulse-rajasthan/outputs/api_forecast_alerts_step9_guarded.csv,/home/runner/work/heatpulse-rajasthan/heatpulse-rajasthan/outputs/api_latest_top10_guarded.csv,"quality_mode=fallback_after_fetch_error; valid_archive_files=1; invalid_archive_files=0
Live API fetch failed; used fallback file: /home/runner/work/heatpulse-rajasthan/heatpulse-rajasthan/data/raw/api_daily_weather_20260503.csv
Error: API fetch failed.
STDOUT:

STDERR:
Traceback (most recent call last):
  File ""/home/runner/work/heatpulse-rajasthan/heatpulse-rajasthan/scripts/fetch_daily_weather_api.py"", line 15, in <module>
    cfg = pd.read_csv(DOCS / ""step9_api_config_template.csv"")
  File ""/opt/hostedtoolcache/Python/3.13.13/x64/lib/python3.13/site-packages/pandas/io/parsers/readers.py"", line 873, in read_csv
    return _read(filepath_or_buffer, kwds)
  File ""/opt/hostedtoolcache/Python/3.13.13/x64/lib/python3.13/site-packages/pandas/io/parsers/readers.py"", line 300, in _read
    parser = TextFileReader(filepath_or_buffer, **kwds)
  File ""/opt/hostedtoolcache/Python/3.13.13/x64/lib/python3.13/site-packages/pandas/io/parsers/readers.py"", line 1645, in __init__
    self._engine = self._make_engine(f, self.engine)
                   ~~~~~~~~~~~~~~~~~^^^^^^^^^^^^^^^^
  File ""/opt/hostedtoolcache/Python/3.13.13/x64/lib/python3.13/site-packages/pandas/io/parsers/readers.py"", line 1904, in _make_engine
    self.handles = get_handle(
                   ~~~~~~~~~~^
        f,
        ^^
    ...<6 lines>...
        storage_options=self.options.get(""storage_options"", None),
        ^^^^^^^^^^^^^^^^^^^^^^^^^^^^^^^^^^^^^^^^^^^^^^^^^^^^^^^^^^
    )
    ^
  File ""/opt/hostedtoolcache/Python/3.13.13/x64/lib/python3.13/site-packages/pandas/io/common.py"", line 926, in get_handle
    handle = open(
        handle,
    ...<3 lines>...
        newline="""",
    )
FileNotFoundError: [Errno 2] No such file or directory: '/home/runner/work/heatpulse-rajasthan/heatpulse-rajasthan/docs/step9_api_config_template.csv'

",/home/runner/work/heatpulse-rajasthan/heatpulse-rajasthan/outputs/api_daily_top10_guarded.csv,/home/runner/work/heatpulse-rajasthan/heatpulse-rajasthan/docs/step10_data_reliability_report.csv,legacy_v1,baseline_logistic_step4
2026-05-06 04:34:24,success,75555,2025-12-30,0.85,/home/runner/work/heatpulse-rajasthan/heatpulse-rajasthan/outputs/daily_alerts_auto.csv,/home/runner/work/heatpulse-rajasthan/heatpulse-rajasthan/outputs/daily_top10_auto.csv,/home/runner/work/heatpulse-rajasthan/heatpulse-rajasthan/outputs/latest_day_top10_auto.csv,stale_fallback,/home/runner/work/heatpulse-rajasthan/heatpulse-rajasthan/data/raw/api_daily_weather_20260503.csv,/home/runner/work/heatpulse-rajasthan/heatpulse-rajasthan/outputs/api_forecast_alerts_step9_guarded.csv,/home/runner/work/heatpulse-rajasthan/heatpulse-rajasthan/outputs/api_latest_top10_guarded.csv,"quality_mode=fallback_after_fetch_error; valid_archive_files=1; invalid_archive_files=0
Live API fetch failed; used fallback file: /home/runner/work/heatpulse-rajasthan/heatpulse-rajasthan/data/raw/api_daily_weather_20260503.csv
Error: API fetch failed.
STDOUT:

STDERR:
Traceback (most recent call last):
  File ""/home/runner/work/heatpulse-rajasthan/heatpulse-rajasthan/scripts/fetch_daily_weather_api.py"", line 15, in <module>
    cfg = pd.read_csv(DOCS / ""step9_api_config_template.csv"")
  File ""/opt/hostedtoolcache/Python/3.13.13/x64/lib/python3.13/site-packages/pandas/io/parsers/readers.py"", line 873, in read_csv
    return _read(filepath_or_buffer, kwds)
  File ""/opt/hostedtoolcache/Python/3.13.13/x64/lib/python3.13/site-packages/pandas/io/parsers/readers.py"", line 300, in _read
    parser = TextFileReader(filepath_or_buffer, **kwds)
  File ""/opt/hostedtoolcache/Python/3.13.13/x64/lib/python3.13/site-packages/pandas/io/parsers/readers.py"", line 1645, in __init__
    self._engine = self._make_engine(f, self.engine)
                   ~~~~~~~~~~~~~~~~~^^^^^^^^^^^^^^^^
  File ""/opt/hostedtoolcache/Python/3.13.13/x64/lib/python3.13/site-packages/pandas/io/parsers/readers.py"", line 1904, in _make_engine
    self.handles = get_handle(
                   ~~~~~~~~~~^
        f,
        ^^
    ...<6 lines>...
        storage_options=self.options.get(""storage_options"", None),
        ^^^^^^^^^^^^^^^^^^^^^^^^^^^^^^^^^^^^^^^^^^^^^^^^^^^^^^^^^^
    )
    ^
  File ""/opt/hostedtoolcache/Python/3.13.13/x64/lib/python3.13/site-packages/pandas/io/common.py"", line 926, in get_handle
    handle = open(
        handle,
    ...<3 lines>...
        newline="""",
    )
FileNotFoundError: [Errno 2] No such file or directory: '/home/runner/work/heatpulse-rajasthan/heatpulse-rajasthan/docs/step9_api_config_template.csv'

",/home/runner/work/heatpulse-rajasthan/heatpulse-rajasthan/outputs/api_daily_top10_guarded.csv,/home/runner/work/heatpulse-rajasthan/heatpulse-rajasthan/docs/step10_data_reliability_report.csv,legacy_v1,baseline_logistic_step4
2026-05-06 07:13:02,success,75555,2025-12-30,0.85,/home/runner/work/heatpulse-rajasthan/heatpulse-rajasthan/outputs/daily_alerts_auto.csv,/home/runner/work/heatpulse-rajasthan/heatpulse-rajasthan/outputs/daily_top10_auto.csv,/home/runner/work/heatpulse-rajasthan/heatpulse-rajasthan/outputs/latest_day_top10_auto.csv,stale_fallback,/home/runner/work/heatpulse-rajasthan/heatpulse-rajasthan/data/raw/api_daily_weather_20260503.csv,/home/runner/work/heatpulse-rajasthan/heatpulse-rajasthan/outputs/api_forecast_alerts_step9_guarded.csv,/home/runner/work/heatpulse-rajasthan/heatpulse-rajasthan/outputs/api_latest_top10_guarded.csv,"quality_mode=fallback_after_fetch_error; valid_archive_files=1; invalid_archive_files=0
Live API fetch failed; used fallback file: /home/runner/work/heatpulse-rajasthan/heatpulse-rajasthan/data/raw/api_daily_weather_20260503.csv
Error: API fetch failed.
STDOUT:

STDERR:
Traceback (most recent call last):
  File ""/home/runner/work/heatpulse-rajasthan/heatpulse-rajasthan/scripts/fetch_daily_weather_api.py"", line 15, in <module>
    cfg = pd.read_csv(DOCS / ""step9_api_config_template.csv"")
  File ""/opt/hostedtoolcache/Python/3.13.13/x64/lib/python3.13/site-packages/pandas/io/parsers/readers.py"", line 873, in read_csv
    return _read(filepath_or_buffer, kwds)
  File ""/opt/hostedtoolcache/Python/3.13.13/x64/lib/python3.13/site-packages/pandas/io/parsers/readers.py"", line 300, in _read
    parser = TextFileReader(filepath_or_buffer, **kwds)
  File ""/opt/hostedtoolcache/Python/3.13.13/x64/lib/python3.13/site-packages/pandas/io/parsers/readers.py"", line 1645, in __init__
    self._engine = self._make_engine(f, self.engine)
                   ~~~~~~~~~~~~~~~~~^^^^^^^^^^^^^^^^
  File ""/opt/hostedtoolcache/Python/3.13.13/x64/lib/python3.13/site-packages/pandas/io/parsers/readers.py"", line 1904, in _make_engine
    self.handles = get_handle(
                   ~~~~~~~~~~^
        f,
        ^^
    ...<6 lines>...
        storage_options=self.options.get(""storage_options"", None),
        ^^^^^^^^^^^^^^^^^^^^^^^^^^^^^^^^^^^^^^^^^^^^^^^^^^^^^^^^^^
    )
    ^
  File ""/opt/hostedtoolcache/Python/3.13.13/x64/lib/python3.13/site-packages/pandas/io/common.py"", line 926, in get_handle
    handle = open(
        handle,
    ...<3 lines>...
        newline="""",
    )
FileNotFoundError: [Errno 2] No such file or directory: '/home/runner/work/heatpulse-rajasthan/heatpulse-rajasthan/docs/step9_api_config_template.csv'

",/home/runner/work/heatpulse-rajasthan/heatpulse-rajasthan/outputs/api_daily_top10_guarded.csv,/home/runner/work/heatpulse-rajasthan/heatpulse-rajasthan/docs/step10_data_reliability_report.csv,legacy_v1,baseline_logistic_step4
2026-05-06 07:24:36,success,75555,2025-12-30,0.85,/home/runner/work/heatpulse-rajasthan/heatpulse-rajasthan/outputs/daily_alerts_auto.csv,/home/runner/work/heatpulse-rajasthan/heatpulse-rajasthan/outputs/daily_top10_auto.csv,/home/runner/work/heatpulse-rajasthan/heatpulse-rajasthan/outputs/latest_day_top10_auto.csv,stale_fallback,/home/runner/work/heatpulse-rajasthan/heatpulse-rajasthan/data/raw/api_daily_weather_20260506.csv,/home/runner/work/heatpulse-rajasthan/heatpulse-rajasthan/outputs/api_forecast_alerts_step9_guarded.csv,/home/runner/work/heatpulse-rajasthan/heatpulse-rajasthan/outputs/api_latest_top10_guarded.csv,"quality_mode=fallback_after_fetch_error; valid_archive_files=2; invalid_archive_files=0
Live API fetch failed; used fallback file: /home/runner/work/heatpulse-rajasthan/heatpulse-rajasthan/data/raw/api_daily_weather_20260506.csv
Error: API fetch failed.
STDOUT:

STDERR:
Traceback (most recent call last):
  File ""/home/runner/work/heatpulse-rajasthan/heatpulse-rajasthan/scripts/fetch_daily_weather_api.py"", line 15, in <module>
    cfg = pd.read_csv(DOCS / ""step9_api_config_template.csv"")
  File ""/opt/hostedtoolcache/Python/3.13.13/x64/lib/python3.13/site-packages/pandas/io/parsers/readers.py"", line 873, in read_csv
    return _read(filepath_or_buffer, kwds)
  File ""/opt/hostedtoolcache/Python/3.13.13/x64/lib/python3.13/site-packages/pandas/io/parsers/readers.py"", line 300, in _read
    parser = TextFileReader(filepath_or_buffer, **kwds)
  File ""/opt/hostedtoolcache/Python/3.13.13/x64/lib/python3.13/site-packages/pandas/io/parsers/readers.py"", line 1645, in __init__
    self._engine = self._make_engine(f, self.engine)
                   ~~~~~~~~~~~~~~~~~^^^^^^^^^^^^^^^^
  File ""/opt/hostedtoolcache/Python/3.13.13/x64/lib/python3.13/site-packages/pandas/io/parsers/readers.py"", line 1904, in _make_engine
    self.handles = get_handle(
                   ~~~~~~~~~~^
        f,
        ^^
    ...<6 lines>...
        storage_options=self.options.get(""storage_options"", None),
        ^^^^^^^^^^^^^^^^^^^^^^^^^^^^^^^^^^^^^^^^^^^^^^^^^^^^^^^^^^
    )
    ^
  File ""/opt/hostedtoolcache/Python/3.13.13/x64/lib/python3.13/site-packages/pandas/io/common.py"", line 926, in get_handle
    handle = open(
        handle,
    ...<3 lines>...
        newline="""",
    )
FileNotFoundError: [Errno 2] No such file or directory: '/home/runner/work/heatpulse-rajasthan/heatpulse-rajasthan/docs/step9_api_config_template.csv'

",/home/runner/work/heatpulse-rajasthan/heatpulse-rajasthan/outputs/api_daily_top10_guarded.csv,/home/runner/work/heatpulse-rajasthan/heatpulse-rajasthan/docs/step10_data_reliability_report.csv,legacy_v1,baseline_logistic_step4
2026-05-06 07:37:02,success,75555,2025-12-30,0.85,/home/runner/work/heatpulse-rajasthan/heatpulse-rajasthan/outputs/daily_alerts_auto.csv,/home/runner/work/heatpulse-rajasthan/heatpulse-rajasthan/outputs/daily_top10_auto.csv,/home/runner/work/heatpulse-rajasthan/heatpulse-rajasthan/outputs/latest_day_top10_auto.csv,stale_fallback,/home/runner/work/heatpulse-rajasthan/heatpulse-rajasthan/data/raw/api_daily_weather_20260506.csv,/home/runner/work/heatpulse-rajasthan/heatpulse-rajasthan/outputs/api_forecast_alerts_step9_guarded.csv,/home/runner/work/heatpulse-rajasthan/heatpulse-rajasthan/outputs/api_latest_top10_guarded.csv,"quality_mode=fallback_after_fetch_error; valid_archive_files=2; invalid_archive_files=0
Live API fetch failed; used fallback file: /home/runner/work/heatpulse-rajasthan/heatpulse-rajasthan/data/raw/api_daily_weather_20260506.csv
Error: API fetch failed.
STDOUT:

STDERR:
Traceback (most recent call last):
  File ""/home/runner/work/heatpulse-rajasthan/heatpulse-rajasthan/scripts/fetch_daily_weather_api.py"", line 15, in <module>
    cfg = pd.read_csv(DOCS / ""step9_api_config_template.csv"")
  File ""/opt/hostedtoolcache/Python/3.13.13/x64/lib/python3.13/site-packages/pandas/io/parsers/readers.py"", line 873, in read_csv
    return _read(filepath_or_buffer, kwds)
  File ""/opt/hostedtoolcache/Python/3.13.13/x64/lib/python3.13/site-packages/pandas/io/parsers/readers.py"", line 300, in _read
    parser = TextFileReader(filepath_or_buffer, **kwds)
  File ""/opt/hostedtoolcache/Python/3.13.13/x64/lib/python3.13/site-packages/pandas/io/parsers/readers.py"", line 1645, in __init__
    self._engine = self._make_engine(f, self.engine)
                   ~~~~~~~~~~~~~~~~~^^^^^^^^^^^^^^^^
  File ""/opt/hostedtoolcache/Python/3.13.13/x64/lib/python3.13/site-packages/pandas/io/parsers/readers.py"", line 1904, in _make_engine
    self.handles = get_handle(
                   ~~~~~~~~~~^
        f,
        ^^
    ...<6 lines>...
        storage_options=self.options.get(""storage_options"", None),
        ^^^^^^^^^^^^^^^^^^^^^^^^^^^^^^^^^^^^^^^^^^^^^^^^^^^^^^^^^^
    )
    ^
  File ""/opt/hostedtoolcache/Python/3.13.13/x64/lib/python3.13/site-packages/pandas/io/common.py"", line 926, in get_handle
    handle = open(
        handle,
    ...<3 lines>...
        newline="""",
    )
FileNotFoundError: [Errno 2] No such file or directory: '/home/runner/work/heatpulse-rajasthan/heatpulse-rajasthan/docs/step9_api_config_template.csv'

",/home/runner/work/heatpulse-rajasthan/heatpulse-rajasthan/outputs/api_daily_top10_guarded.csv,/home/runner/work/heatpulse-rajasthan/heatpulse-rajasthan/docs/step10_data_reliability_report.csv,legacy_v1,baseline_logistic_step4
2026-05-06 07:42:03,success,75555,2025-12-30,0.85,/home/runner/work/heatpulse-rajasthan/heatpulse-rajasthan/outputs/daily_alerts_auto.csv,/home/runner/work/heatpulse-rajasthan/heatpulse-rajasthan/outputs/daily_top10_auto.csv,/home/runner/work/heatpulse-rajasthan/heatpulse-rajasthan/outputs/latest_day_top10_auto.csv,stale_fallback,/home/runner/work/heatpulse-rajasthan/heatpulse-rajasthan/data/raw/api_daily_weather_20260506.csv,/home/runner/work/heatpulse-rajasthan/heatpulse-rajasthan/outputs/api_forecast_alerts_step9_guarded.csv,/home/runner/work/heatpulse-rajasthan/heatpulse-rajasthan/outputs/api_latest_top10_guarded.csv,"quality_mode=fallback_after_fetch_error; valid_archive_files=2; invalid_archive_files=0
Live API fetch failed; used fallback file: /home/runner/work/heatpulse-rajasthan/heatpulse-rajasthan/data/raw/api_daily_weather_20260506.csv
Error: API fetch failed.
STDOUT:

STDERR:
Traceback (most recent call last):
  File ""/home/runner/work/heatpulse-rajasthan/heatpulse-rajasthan/scripts/fetch_daily_weather_api.py"", line 18, in <module>
    cfg = pd.read_csv(DOCS / ""step9_api_config_template.csv"")
  File ""/opt/hostedtoolcache/Python/3.13.13/x64/lib/python3.13/site-packages/pandas/io/parsers/readers.py"", line 873, in read_csv
    return _read(filepath_or_buffer, kwds)
  File ""/opt/hostedtoolcache/Python/3.13.13/x64/lib/python3.13/site-packages/pandas/io/parsers/readers.py"", line 300, in _read
    parser = TextFileReader(filepath_or_buffer, **kwds)
  File ""/opt/hostedtoolcache/Python/3.13.13/x64/lib/python3.13/site-packages/pandas/io/parsers/readers.py"", line 1645, in __init__
    self._engine = self._make_engine(f, self.engine)
                   ~~~~~~~~~~~~~~~~~^^^^^^^^^^^^^^^^
  File ""/opt/hostedtoolcache/Python/3.13.13/x64/lib/python3.13/site-packages/pandas/io/parsers/readers.py"", line 1904, in _make_engine
    self.handles = get_handle(
                   ~~~~~~~~~~^
        f,
        ^^
    ...<6 lines>...
        storage_options=self.options.get(""storage_options"", None),
        ^^^^^^^^^^^^^^^^^^^^^^^^^^^^^^^^^^^^^^^^^^^^^^^^^^^^^^^^^^
    )
    ^
  File ""/opt/hostedtoolcache/Python/3.13.13/x64/lib/python3.13/site-packages/pandas/io/common.py"", line 926, in get_handle
    handle = open(
        handle,
    ...<3 lines>...
        newline="""",
    )
FileNotFoundError: [Errno 2] No such file or directory: '/home/runner/work/heatpulse-rajasthan/heatpulse-rajasthan/docs/step9_api_config_template.csv'

",/home/runner/work/heatpulse-rajasthan/heatpulse-rajasthan/outputs/api_daily_top10_guarded.csv,/home/runner/work/heatpulse-rajasthan/heatpulse-rajasthan/docs/step10_data_reliability_report.csv,legacy_v1,baseline_logistic_step4
2026-05-06 08:14:48,success,75555,2025-12-30,0.85,/home/runner/work/heatpulse-rajasthan/heatpulse-rajasthan/outputs/daily_alerts_auto.csv,/home/runner/work/heatpulse-rajasthan/heatpulse-rajasthan/outputs/daily_top10_auto.csv,/home/runner/work/heatpulse-rajasthan/heatpulse-rajasthan/outputs/latest_day_top10_auto.csv,stale_fallback,/home/runner/work/heatpulse-rajasthan/heatpulse-rajasthan/data/raw/api_daily_weather_20260506.csv,/home/runner/work/heatpulse-rajasthan/heatpulse-rajasthan/outputs/api_forecast_alerts_step9_guarded.csv,/home/runner/work/heatpulse-rajasthan/heatpulse-rajasthan/outputs/api_latest_top10_guarded.csv,"quality_mode=fallback_after_fetch_error; valid_archive_files=2; invalid_archive_files=0
Live API fetch failed; used fallback file: /home/runner/work/heatpulse-rajasthan/heatpulse-rajasthan/data/raw/api_daily_weather_20260506.csv
Error: API fetch failed.
STDOUT:

STDERR:
Traceback (most recent call last):
  File ""/home/runner/work/heatpulse-rajasthan/heatpulse-rajasthan/scripts/fetch_daily_weather_api.py"", line 18, in <module>
    cfg = pd.read_csv(DOCS / ""step9_api_config_template.csv"")
  File ""/opt/hostedtoolcache/Python/3.13.13/x64/lib/python3.13/site-packages/pandas/io/parsers/readers.py"", line 873, in read_csv
    return _read(filepath_or_buffer, kwds)
  File ""/opt/hostedtoolcache/Python/3.13.13/x64/lib/python3.13/site-packages/pandas/io/parsers/readers.py"", line 300, in _read
    parser = TextFileReader(filepath_or_buffer, **kwds)
  File ""/opt/hostedtoolcache/Python/3.13.13/x64/lib/python3.13/site-packages/pandas/io/parsers/readers.py"", line 1645, in __init__
    self._engine = self._make_engine(f, self.engine)
                   ~~~~~~~~~~~~~~~~~^^^^^^^^^^^^^^^^
  File ""/opt/hostedtoolcache/Python/3.13.13/x64/lib/python3.13/site-packages/pandas/io/parsers/readers.py"", line 1904, in _make_engine
    self.handles = get_handle(
                   ~~~~~~~~~~^
        f,
        ^^
    ...<6 lines>...
        storage_options=self.options.get(""storage_options"", None),
        ^^^^^^^^^^^^^^^^^^^^^^^^^^^^^^^^^^^^^^^^^^^^^^^^^^^^^^^^^^
    )
    ^
  File ""/opt/hostedtoolcache/Python/3.13.13/x64/lib/python3.13/site-packages/pandas/io/common.py"", line 926, in get_handle
    handle = open(
        handle,
    ...<3 lines>...
        newline="""",
    )
FileNotFoundError: [Errno 2] No such file or directory: '/home/runner/work/heatpulse-rajasthan/heatpulse-rajasthan/docs/step9_api_config_template.csv'

",/home/runner/work/heatpulse-rajasthan/heatpulse-rajasthan/outputs/api_daily_top10_guarded.csv,/home/runner/work/heatpulse-rajasthan/heatpulse-rajasthan/docs/step10_data_reliability_report.csv,legacy_v1,baseline_logistic_step4
2026-05-06 08:26:11,partial_success,75555,2025-12-30,0.85,/home/runner/work/heatpulse-rajasthan/heatpulse-rajasthan/outputs/daily_alerts_auto.csv,/home/runner/work/heatpulse-rajasthan/heatpulse-rajasthan/outputs/daily_top10_auto.csv,/home/runner/work/heatpulse-rajasthan/heatpulse-rajasthan/outputs/latest_day_top10_auto.csv,stale_fallback,/home/runner/work/heatpulse-rajasthan/heatpulse-rajasthan/data/raw/api_daily_weather_20260506.csv,/home/runner/work/heatpulse-rajasthan/heatpulse-rajasthan/outputs/api_forecast_alerts_step9_guarded.csv,/home/runner/work/heatpulse-rajasthan/heatpulse-rajasthan/outputs/api_latest_top10_guarded.csv,"quality_mode=fallback_after_fetch_error; valid_archive_files=2; invalid_archive_files=0
Live API fetch failed; used fallback file: /home/runner/work/heatpulse-rajasthan/heatpulse-rajasthan/data/raw/api_daily_weather_20260506.csv
Error: API fetch failed.
STDOUT:

STDERR:
Traceback (most recent call last):
  File ""/home/runner/work/heatpulse-rajasthan/heatpulse-rajasthan/scripts/fetch_daily_weather_api.py"", line 18, in <module>
    cfg = pd.read_csv(DOCS / ""step9_api_config_template.csv"")
  File ""/opt/hostedtoolcache/Python/3.13.13/x64/lib/python3.13/site-packages/pandas/io/parsers/readers.py"", line 873, in read_csv
    return _read(filepath_or_buffer, kwds)
  File ""/opt/hostedtoolcache/Python/3.13.13/x64/lib/python3.13/site-packages/pandas/io/parsers/readers.py"", line 300, in _read
    parser = TextFileReader(filepath_or_buffer, **kwds)
  File ""/opt/hostedtoolcache/Python/3.13.13/x64/lib/python3.13/site-packages/pandas/io/parsers/readers.py"", line 1645, in __init__
    self._engine = self._make_engine(f, self.engine)
                   ~~~~~~~~~~~~~~~~~^^^^^^^^^^^^^^^^
  File ""/opt/hostedtoolcache/Python/3.13.13/x64/lib/python3.13/site-packages/pandas/io/parsers/readers.py"", line 1904, in _make_engine
    self.handles = get_handle(
                   ~~~~~~~~~~^
        f,
        ^^
    ...<6 lines>...
        storage_options=self.options.get(""storage_options"", None),
        ^^^^^^^^^^^^^^^^^^^^^^^^^^^^^^^^^^^^^^^^^^^^^^^^^^^^^^^^^^
    )
    ^
  File ""/opt/hostedtoolcache/Python/3.13.13/x64/lib/python3.13/site-packages/pandas/io/common.py"", line 926, in get_handle
    handle = open(
        handle,
    ...<3 lines>...
        newline="""",
    )
FileNotFoundError: [Errno 2] No such file or directory: '/home/runner/work/heatpulse-rajasthan/heatpulse-rajasthan/docs/step9_api_config_template.csv'

",/home/runner/work/heatpulse-rajasthan/heatpulse-rajasthan/outputs/api_daily_top10_guarded.csv,/home/runner/work/heatpulse-rajasthan/heatpulse-rajasthan/docs/step10_data_reliability_report.csv,legacy_v1,baseline_logistic_step4
2026-05-06 11:09:10,partial_success,75555,2025-12-30,0.85,/home/runner/work/heatpulse-rajasthan/heatpulse-rajasthan/outputs/daily_alerts_auto.csv,/home/runner/work/heatpulse-rajasthan/heatpulse-rajasthan/outputs/daily_top10_auto.csv,/home/runner/work/heatpulse-rajasthan/heatpulse-rajasthan/outputs/latest_day_top10_auto.csv,stale_fallback,/home/runner/work/heatpulse-rajasthan/heatpulse-rajasthan/data/raw/api_daily_weather_20260506.csv,/home/runner/work/heatpulse-rajasthan/heatpulse-rajasthan/outputs/api_forecast_alerts_step9_guarded.csv,/home/runner/work/heatpulse-rajasthan/heatpulse-rajasthan/outputs/api_latest_top10_guarded.csv,"quality_mode=fallback_after_fetch_error; valid_archive_files=2; invalid_archive_files=0
Live API fetch failed; used fallback file: /home/runner/work/heatpulse-rajasthan/heatpulse-rajasthan/data/raw/api_daily_weather_20260506.csv
Error: API fetch failed.
STDOUT:

STDERR:
Traceback (most recent call last):
  File ""/home/runner/work/heatpulse-rajasthan/heatpulse-rajasthan/scripts/fetch_daily_weather_api.py"", line 18, in <module>
    cfg = pd.read_csv(DOCS / ""step9_api_config_template.csv"")
  File ""/opt/hostedtoolcache/Python/3.13.13/x64/lib/python3.13/site-packages/pandas/io/parsers/readers.py"", line 873, in read_csv
    return _read(filepath_or_buffer, kwds)
  File ""/opt/hostedtoolcache/Python/3.13.13/x64/lib/python3.13/site-packages/pandas/io/parsers/readers.py"", line 300, in _read
    parser = TextFileReader(filepath_or_buffer, **kwds)
  File ""/opt/hostedtoolcache/Python/3.13.13/x64/lib/python3.13/site-packages/pandas/io/parsers/readers.py"", line 1645, in __init__
    self._engine = self._make_engine(f, self.engine)
                   ~~~~~~~~~~~~~~~~~^^^^^^^^^^^^^^^^
  File ""/opt/hostedtoolcache/Python/3.13.13/x64/lib/python3.13/site-packages/pandas/io/parsers/readers.py"", line 1904, in _make_engine
    self.handles = get_handle(
                   ~~~~~~~~~~^
        f,
        ^^
    ...<6 lines>...
        storage_options=self.options.get(""storage_options"", None),
        ^^^^^^^^^^^^^^^^^^^^^^^^^^^^^^^^^^^^^^^^^^^^^^^^^^^^^^^^^^
    )
    ^
  File ""/opt/hostedtoolcache/Python/3.13.13/x64/lib/python3.13/site-packages/pandas/io/common.py"", line 926, in get_handle
    handle = open(
        handle,
    ...<3 lines>...
        newline="""",
    )
FileNotFoundError: [Errno 2] No such file or directory: '/home/runner/work/heatpulse-rajasthan/heatpulse-rajasthan/docs/step9_api_config_template.csv'

",/home/runner/work/heatpulse-rajasthan/heatpulse-rajasthan/outputs/api_daily_top10_guarded.csv,/home/runner/work/heatpulse-rajasthan/heatpulse-rajasthan/docs/step10_data_reliability_report.csv,legacy_v1,baseline_logistic_step4
2026-05-06 15:28:03,partial_success,75555,2025-12-30,0.85,/home/runner/work/heatpulse-rajasthan/heatpulse-rajasthan/outputs/daily_alerts_auto.csv,/home/runner/work/heatpulse-rajasthan/heatpulse-rajasthan/outputs/daily_top10_auto.csv,/home/runner/work/heatpulse-rajasthan/heatpulse-rajasthan/outputs/latest_day_top10_auto.csv,stale_fallback,/home/runner/work/heatpulse-rajasthan/heatpulse-rajasthan/data/raw/api_daily_weather_20260506.csv,/home/runner/work/heatpulse-rajasthan/heatpulse-rajasthan/outputs/api_forecast_alerts_step9_guarded.csv,/home/runner/work/heatpulse-rajasthan/heatpulse-rajasthan/outputs/api_latest_top10_guarded.csv,"quality_mode=fallback_after_fetch_error; valid_archive_files=2; invalid_archive_files=0
Live API fetch failed; used fallback file: /home/runner/work/heatpulse-rajasthan/heatpulse-rajasthan/data/raw/api_daily_weather_20260506.csv
Error: API fetch failed.
STDOUT:

STDERR:
Traceback (most recent call last):
  File ""/home/runner/work/heatpulse-rajasthan/heatpulse-rajasthan/scripts/fetch_daily_weather_api.py"", line 18, in <module>
    cfg = pd.read_csv(DOCS / ""step9_api_config_template.csv"")
  File ""/opt/hostedtoolcache/Python/3.13.13/x64/lib/python3.13/site-packages/pandas/io/parsers/readers.py"", line 873, in read_csv
    return _read(filepath_or_buffer, kwds)
  File ""/opt/hostedtoolcache/Python/3.13.13/x64/lib/python3.13/site-packages/pandas/io/parsers/readers.py"", line 300, in _read
    parser = TextFileReader(filepath_or_buffer, **kwds)
  File ""/opt/hostedtoolcache/Python/3.13.13/x64/lib/python3.13/site-packages/pandas/io/parsers/readers.py"", line 1645, in __init__
    self._engine = self._make_engine(f, self.engine)
                   ~~~~~~~~~~~~~~~~~^^^^^^^^^^^^^^^^
  File ""/opt/hostedtoolcache/Python/3.13.13/x64/lib/python3.13/site-packages/pandas/io/parsers/readers.py"", line 1904, in _make_engine
    self.handles = get_handle(
                   ~~~~~~~~~~^
        f,
        ^^
    ...<6 lines>...
        storage_options=self.options.get(""storage_options"", None),
        ^^^^^^^^^^^^^^^^^^^^^^^^^^^^^^^^^^^^^^^^^^^^^^^^^^^^^^^^^^
    )
    ^
  File ""/opt/hostedtoolcache/Python/3.13.13/x64/lib/python3.13/site-packages/pandas/io/common.py"", line 926, in get_handle
    handle = open(
        handle,
    ...<3 lines>...
        newline="""",
    )
FileNotFoundError: [Errno 2] No such file or directory: '/home/runner/work/heatpulse-rajasthan/heatpulse-rajasthan/docs/step9_api_config_template.csv'

",/home/runner/work/heatpulse-rajasthan/heatpulse-rajasthan/outputs/api_daily_top10_guarded.csv,/home/runner/work/heatpulse-rajasthan/heatpulse-rajasthan/docs/step10_data_reliability_report.csv,legacy_v1,baseline_logistic_step4
2026-05-06 18:18:05,partial_success,75555,2025-12-30,0.85,/home/runner/work/heatpulse-rajasthan/heatpulse-rajasthan/outputs/daily_alerts_auto.csv,/home/runner/work/heatpulse-rajasthan/heatpulse-rajasthan/outputs/daily_top10_auto.csv,/home/runner/work/heatpulse-rajasthan/heatpulse-rajasthan/outputs/latest_day_top10_auto.csv,stale_fallback,/home/runner/work/heatpulse-rajasthan/heatpulse-rajasthan/data/raw/api_daily_weather_20260506.csv,/home/runner/work/heatpulse-rajasthan/heatpulse-rajasthan/outputs/api_forecast_alerts_step9_guarded.csv,/home/runner/work/heatpulse-rajasthan/heatpulse-rajasthan/outputs/api_latest_top10_guarded.csv,"quality_mode=fallback_after_fetch_error; valid_archive_files=2; invalid_archive_files=0
Live API fetch failed; used fallback file: /home/runner/work/heatpulse-rajasthan/heatpulse-rajasthan/data/raw/api_daily_weather_20260506.csv
Error: API fetch failed.
STDOUT:

STDERR:
Traceback (most recent call last):
  File ""/home/runner/work/heatpulse-rajasthan/heatpulse-rajasthan/scripts/fetch_daily_weather_api.py"", line 18, in <module>
    cfg = pd.read_csv(DOCS / ""step9_api_config_template.csv"")
  File ""/opt/hostedtoolcache/Python/3.13.13/x64/lib/python3.13/site-packages/pandas/io/parsers/readers.py"", line 873, in read_csv
    return _read(filepath_or_buffer, kwds)
  File ""/opt/hostedtoolcache/Python/3.13.13/x64/lib/python3.13/site-packages/pandas/io/parsers/readers.py"", line 300, in _read
    parser = TextFileReader(filepath_or_buffer, **kwds)
  File ""/opt/hostedtoolcache/Python/3.13.13/x64/lib/python3.13/site-packages/pandas/io/parsers/readers.py"", line 1645, in __init__
    self._engine = self._make_engine(f, self.engine)
                   ~~~~~~~~~~~~~~~~~^^^^^^^^^^^^^^^^
  File ""/opt/hostedtoolcache/Python/3.13.13/x64/lib/python3.13/site-packages/pandas/io/parsers/readers.py"", line 1904, in _make_engine
    self.handles = get_handle(
                   ~~~~~~~~~~^
        f,
        ^^
    ...<6 lines>...
        storage_options=self.options.get(""storage_options"", None),
        ^^^^^^^^^^^^^^^^^^^^^^^^^^^^^^^^^^^^^^^^^^^^^^^^^^^^^^^^^^
    )
    ^
  File ""/opt/hostedtoolcache/Python/3.13.13/x64/lib/python3.13/site-packages/pandas/io/common.py"", line 926, in get_handle
    handle = open(
        handle,
    ...<3 lines>...
        newline="""",
    )
FileNotFoundError: [Errno 2] No such file or directory: '/home/runner/work/heatpulse-rajasthan/heatpulse-rajasthan/docs/step9_api_config_template.csv'

",/home/runner/work/heatpulse-rajasthan/heatpulse-rajasthan/outputs/api_daily_top10_guarded.csv,/home/runner/work/heatpulse-rajasthan/heatpulse-rajasthan/docs/step10_data_reliability_report.csv,legacy_v1,baseline_logistic_step4
2026-05-07 04:34:56,partial_success,75555,2025-12-30,0.85,/home/runner/work/heatpulse-rajasthan/heatpulse-rajasthan/outputs/daily_alerts_auto.csv,/home/runner/work/heatpulse-rajasthan/heatpulse-rajasthan/outputs/daily_top10_auto.csv,/home/runner/work/heatpulse-rajasthan/heatpulse-rajasthan/outputs/latest_day_top10_auto.csv,stale_fallback,/home/runner/work/heatpulse-rajasthan/heatpulse-rajasthan/data/raw/api_daily_weather_20260506.csv,/home/runner/work/heatpulse-rajasthan/heatpulse-rajasthan/outputs/api_forecast_alerts_step9_guarded.csv,/home/runner/work/heatpulse-rajasthan/heatpulse-rajasthan/outputs/api_latest_top10_guarded.csv,"quality_mode=fallback_after_fetch_error; valid_archive_files=2; invalid_archive_files=0
Live API fetch failed; used fallback file: /home/runner/work/heatpulse-rajasthan/heatpulse-rajasthan/data/raw/api_daily_weather_20260506.csv
Error: API fetch failed.
STDOUT:

STDERR:
Traceback (most recent call last):
  File ""/home/runner/work/heatpulse-rajasthan/heatpulse-rajasthan/scripts/fetch_daily_weather_api.py"", line 18, in <module>
    cfg = pd.read_csv(DOCS / ""step9_api_config_template.csv"")
  File ""/opt/hostedtoolcache/Python/3.13.13/x64/lib/python3.13/site-packages/pandas/io/parsers/readers.py"", line 873, in read_csv
    return _read(filepath_or_buffer, kwds)
  File ""/opt/hostedtoolcache/Python/3.13.13/x64/lib/python3.13/site-packages/pandas/io/parsers/readers.py"", line 300, in _read
    parser = TextFileReader(filepath_or_buffer, **kwds)
  File ""/opt/hostedtoolcache/Python/3.13.13/x64/lib/python3.13/site-packages/pandas/io/parsers/readers.py"", line 1645, in __init__
    self._engine = self._make_engine(f, self.engine)
                   ~~~~~~~~~~~~~~~~~^^^^^^^^^^^^^^^^
  File ""/opt/hostedtoolcache/Python/3.13.13/x64/lib/python3.13/site-packages/pandas/io/parsers/readers.py"", line 1904, in _make_engine
    self.handles = get_handle(
                   ~~~~~~~~~~^
        f,
        ^^
    ...<6 lines>...
        storage_options=self.options.get(""storage_options"", None),
        ^^^^^^^^^^^^^^^^^^^^^^^^^^^^^^^^^^^^^^^^^^^^^^^^^^^^^^^^^^
    )
    ^
  File ""/opt/hostedtoolcache/Python/3.13.13/x64/lib/python3.13/site-packages/pandas/io/common.py"", line 926, in get_handle
    handle = open(
        handle,
    ...<3 lines>...
        newline="""",
    )
FileNotFoundError: [Errno 2] No such file or directory: '/home/runner/work/heatpulse-rajasthan/heatpulse-rajasthan/docs/step9_api_config_template.csv'

",/home/runner/work/heatpulse-rajasthan/heatpulse-rajasthan/outputs/api_daily_top10_guarded.csv,/home/runner/work/heatpulse-rajasthan/heatpulse-rajasthan/docs/step10_data_reliability_report.csv,legacy_v1,baseline_logistic_step4
2026-05-07 07:43:25,partial_success,75555,2025-12-30,0.85,/home/runner/work/heatpulse-rajasthan/heatpulse-rajasthan/outputs/daily_alerts_auto.csv,/home/runner/work/heatpulse-rajasthan/heatpulse-rajasthan/outputs/daily_top10_auto.csv,/home/runner/work/heatpulse-rajasthan/heatpulse-rajasthan/outputs/latest_day_top10_auto.csv,stale_fallback,/home/runner/work/heatpulse-rajasthan/heatpulse-rajasthan/data/raw/api_daily_weather_20260506.csv,/home/runner/work/heatpulse-rajasthan/heatpulse-rajasthan/outputs/api_forecast_alerts_step9_guarded.csv,/home/runner/work/heatpulse-rajasthan/heatpulse-rajasthan/outputs/api_latest_top10_guarded.csv,"quality_mode=fallback_after_fetch_error; valid_archive_files=2; invalid_archive_files=0
Live API fetch failed; used fallback file: /home/runner/work/heatpulse-rajasthan/heatpulse-rajasthan/data/raw/api_daily_weather_20260506.csv
Error: API fetch failed.
STDOUT:

STDERR:
Traceback (most recent call last):
  File ""/home/runner/work/heatpulse-rajasthan/heatpulse-rajasthan/scripts/fetch_daily_weather_api.py"", line 18, in <module>
    cfg = pd.read_csv(DOCS / ""step9_api_config_template.csv"")
  File ""/opt/hostedtoolcache/Python/3.13.13/x64/lib/python3.13/site-packages/pandas/io/parsers/readers.py"", line 873, in read_csv
    return _read(filepath_or_buffer, kwds)
  File ""/opt/hostedtoolcache/Python/3.13.13/x64/lib/python3.13/site-packages/pandas/io/parsers/readers.py"", line 300, in _read
    parser = TextFileReader(filepath_or_buffer, **kwds)
  File ""/opt/hostedtoolcache/Python/3.13.13/x64/lib/python3.13/site-packages/pandas/io/parsers/readers.py"", line 1645, in __init__
    self._engine = self._make_engine(f, self.engine)
                   ~~~~~~~~~~~~~~~~~^^^^^^^^^^^^^^^^
  File ""/opt/hostedtoolcache/Python/3.13.13/x64/lib/python3.13/site-packages/pandas/io/parsers/readers.py"", line 1904, in _make_engine
    self.handles = get_handle(
                   ~~~~~~~~~~^
        f,
        ^^
    ...<6 lines>...
        storage_options=self.options.get(""storage_options"", None),
        ^^^^^^^^^^^^^^^^^^^^^^^^^^^^^^^^^^^^^^^^^^^^^^^^^^^^^^^^^^
    )
    ^
  File ""/opt/hostedtoolcache/Python/3.13.13/x64/lib/python3.13/site-packages/pandas/io/common.py"", line 926, in get_handle
    handle = open(
        handle,
    ...<3 lines>...
        newline="""",
    )
FileNotFoundError: [Errno 2] No such file or directory: '/home/runner/work/heatpulse-rajasthan/heatpulse-rajasthan/docs/step9_api_config_template.csv'

",/home/runner/work/heatpulse-rajasthan/heatpulse-rajasthan/outputs/api_daily_top10_guarded.csv,/home/runner/work/heatpulse-rajasthan/heatpulse-rajasthan/docs/step10_data_reliability_report.csv,legacy_v1,baseline_logistic_step4
2026-05-07 11:10:40,partial_success,75555,2025-12-30,0.85,/home/runner/work/heatpulse-rajasthan/heatpulse-rajasthan/outputs/daily_alerts_auto.csv,/home/runner/work/heatpulse-rajasthan/heatpulse-rajasthan/outputs/daily_top10_auto.csv,/home/runner/work/heatpulse-rajasthan/heatpulse-rajasthan/outputs/latest_day_top10_auto.csv,stale_fallback,/home/runner/work/heatpulse-rajasthan/heatpulse-rajasthan/data/raw/api_daily_weather_20260506.csv,/home/runner/work/heatpulse-rajasthan/heatpulse-rajasthan/outputs/api_forecast_alerts_step9_guarded.csv,/home/runner/work/heatpulse-rajasthan/heatpulse-rajasthan/outputs/api_latest_top10_guarded.csv,"quality_mode=fallback_after_fetch_error; valid_archive_files=2; invalid_archive_files=0
Live API fetch failed; used fallback file: /home/runner/work/heatpulse-rajasthan/heatpulse-rajasthan/data/raw/api_daily_weather_20260506.csv
Error: API fetch failed.
STDOUT:

STDERR:
Traceback (most recent call last):
  File ""/home/runner/work/heatpulse-rajasthan/heatpulse-rajasthan/scripts/fetch_daily_weather_api.py"", line 18, in <module>
    cfg = pd.read_csv(DOCS / ""step9_api_config_template.csv"")
  File ""/opt/hostedtoolcache/Python/3.13.13/x64/lib/python3.13/site-packages/pandas/io/parsers/readers.py"", line 873, in read_csv
    return _read(filepath_or_buffer, kwds)
  File ""/opt/hostedtoolcache/Python/3.13.13/x64/lib/python3.13/site-packages/pandas/io/parsers/readers.py"", line 300, in _read
    parser = TextFileReader(filepath_or_buffer, **kwds)
  File ""/opt/hostedtoolcache/Python/3.13.13/x64/lib/python3.13/site-packages/pandas/io/parsers/readers.py"", line 1645, in __init__
    self._engine = self._make_engine(f, self.engine)
                   ~~~~~~~~~~~~~~~~~^^^^^^^^^^^^^^^^
  File ""/opt/hostedtoolcache/Python/3.13.13/x64/lib/python3.13/site-packages/pandas/io/parsers/readers.py"", line 1904, in _make_engine
    self.handles = get_handle(
                   ~~~~~~~~~~^
        f,
        ^^
    ...<6 lines>...
        storage_options=self.options.get(""storage_options"", None),
        ^^^^^^^^^^^^^^^^^^^^^^^^^^^^^^^^^^^^^^^^^^^^^^^^^^^^^^^^^^
    )
    ^
  File ""/opt/hostedtoolcache/Python/3.13.13/x64/lib/python3.13/site-packages/pandas/io/common.py"", line 926, in get_handle
    handle = open(
        handle,
    ...<3 lines>...
        newline="""",
    )
FileNotFoundError: [Errno 2] No such file or directory: '/home/runner/work/heatpulse-rajasthan/heatpulse-rajasthan/docs/step9_api_config_template.csv'

",/home/runner/work/heatpulse-rajasthan/heatpulse-rajasthan/outputs/api_daily_top10_guarded.csv,/home/runner/work/heatpulse-rajasthan/heatpulse-rajasthan/docs/step10_data_reliability_report.csv,legacy_v1,baseline_logistic_step4
2026-05-07 15:28:59,partial_success,75555,2025-12-30,0.85,/home/runner/work/heatpulse-rajasthan/heatpulse-rajasthan/outputs/daily_alerts_auto.csv,/home/runner/work/heatpulse-rajasthan/heatpulse-rajasthan/outputs/daily_top10_auto.csv,/home/runner/work/heatpulse-rajasthan/heatpulse-rajasthan/outputs/latest_day_top10_auto.csv,stale_fallback,/home/runner/work/heatpulse-rajasthan/heatpulse-rajasthan/data/raw/api_daily_weather_20260506.csv,/home/runner/work/heatpulse-rajasthan/heatpulse-rajasthan/outputs/api_forecast_alerts_step9_guarded.csv,/home/runner/work/heatpulse-rajasthan/heatpulse-rajasthan/outputs/api_latest_top10_guarded.csv,"quality_mode=fallback_after_fetch_error; valid_archive_files=2; invalid_archive_files=0
Live API fetch failed; used fallback file: /home/runner/work/heatpulse-rajasthan/heatpulse-rajasthan/data/raw/api_daily_weather_20260506.csv
Error: API fetch failed.
STDOUT:

STDERR:
Traceback (most recent call last):
  File ""/home/runner/work/heatpulse-rajasthan/heatpulse-rajasthan/scripts/fetch_daily_weather_api.py"", line 18, in <module>
    cfg = pd.read_csv(DOCS / ""step9_api_config_template.csv"")
  File ""/opt/hostedtoolcache/Python/3.13.13/x64/lib/python3.13/site-packages/pandas/io/parsers/readers.py"", line 873, in read_csv
    return _read(filepath_or_buffer, kwds)
  File ""/opt/hostedtoolcache/Python/3.13.13/x64/lib/python3.13/site-packages/pandas/io/parsers/readers.py"", line 300, in _read
    parser = TextFileReader(filepath_or_buffer, **kwds)
  File ""/opt/hostedtoolcache/Python/3.13.13/x64/lib/python3.13/site-packages/pandas/io/parsers/readers.py"", line 1645, in __init__
    self._engine = self._make_engine(f, self.engine)
                   ~~~~~~~~~~~~~~~~~^^^^^^^^^^^^^^^^
  File ""/opt/hostedtoolcache/Python/3.13.13/x64/lib/python3.13/site-packages/pandas/io/parsers/readers.py"", line 1904, in _make_engine
    self.handles = get_handle(
                   ~~~~~~~~~~^
        f,
        ^^
    ...<6 lines>...
        storage_options=self.options.get(""storage_options"", None),
        ^^^^^^^^^^^^^^^^^^^^^^^^^^^^^^^^^^^^^^^^^^^^^^^^^^^^^^^^^^
    )
    ^
  File ""/opt/hostedtoolcache/Python/3.13.13/x64/lib/python3.13/site-packages/pandas/io/common.py"", line 926, in get_handle
    handle = open(
        handle,
    ...<3 lines>...
        newline="""",
    )
FileNotFoundError: [Errno 2] No such file or directory: '/home/runner/work/heatpulse-rajasthan/heatpulse-rajasthan/docs/step9_api_config_template.csv'

",/home/runner/work/heatpulse-rajasthan/heatpulse-rajasthan/outputs/api_daily_top10_guarded.csv,/home/runner/work/heatpulse-rajasthan/heatpulse-rajasthan/docs/step10_data_reliability_report.csv,legacy_v1,baseline_logistic_step4
2026-05-07 18:26:37,partial_success,75555,2025-12-30,0.85,/home/runner/work/heatpulse-rajasthan/heatpulse-rajasthan/outputs/daily_alerts_auto.csv,/home/runner/work/heatpulse-rajasthan/heatpulse-rajasthan/outputs/daily_top10_auto.csv,/home/runner/work/heatpulse-rajasthan/heatpulse-rajasthan/outputs/latest_day_top10_auto.csv,stale_fallback,/home/runner/work/heatpulse-rajasthan/heatpulse-rajasthan/data/raw/api_daily_weather_20260506.csv,/home/runner/work/heatpulse-rajasthan/heatpulse-rajasthan/outputs/api_forecast_alerts_step9_guarded.csv,/home/runner/work/heatpulse-rajasthan/heatpulse-rajasthan/outputs/api_latest_top10_guarded.csv,"quality_mode=fallback_after_fetch_error; valid_archive_files=2; invalid_archive_files=0
Live API fetch failed; used fallback file: /home/runner/work/heatpulse-rajasthan/heatpulse-rajasthan/data/raw/api_daily_weather_20260506.csv
Error: API fetch failed.
STDOUT:

STDERR:
Traceback (most recent call last):
  File ""/home/runner/work/heatpulse-rajasthan/heatpulse-rajasthan/scripts/fetch_daily_weather_api.py"", line 18, in <module>
    cfg = pd.read_csv(DOCS / ""step9_api_config_template.csv"")
  File ""/opt/hostedtoolcache/Python/3.13.13/x64/lib/python3.13/site-packages/pandas/io/parsers/readers.py"", line 873, in read_csv
    return _read(filepath_or_buffer, kwds)
  File ""/opt/hostedtoolcache/Python/3.13.13/x64/lib/python3.13/site-packages/pandas/io/parsers/readers.py"", line 300, in _read
    parser = TextFileReader(filepath_or_buffer, **kwds)
  File ""/opt/hostedtoolcache/Python/3.13.13/x64/lib/python3.13/site-packages/pandas/io/parsers/readers.py"", line 1645, in __init__
    self._engine = self._make_engine(f, self.engine)
                   ~~~~~~~~~~~~~~~~~^^^^^^^^^^^^^^^^
  File ""/opt/hostedtoolcache/Python/3.13.13/x64/lib/python3.13/site-packages/pandas/io/parsers/readers.py"", line 1904, in _make_engine
    self.handles = get_handle(
                   ~~~~~~~~~~^
        f,
        ^^
    ...<6 lines>...
        storage_options=self.options.get(""storage_options"", None),
        ^^^^^^^^^^^^^^^^^^^^^^^^^^^^^^^^^^^^^^^^^^^^^^^^^^^^^^^^^^
    )
    ^
  File ""/opt/hostedtoolcache/Python/3.13.13/x64/lib/python3.13/site-packages/pandas/io/common.py"", line 926, in get_handle
    handle = open(
        handle,
    ...<3 lines>...
        newline="""",
    )
FileNotFoundError: [Errno 2] No such file or directory: '/home/runner/work/heatpulse-rajasthan/heatpulse-rajasthan/docs/step9_api_config_template.csv'

",/home/runner/work/heatpulse-rajasthan/heatpulse-rajasthan/outputs/api_daily_top10_guarded.csv,/home/runner/work/heatpulse-rajasthan/heatpulse-rajasthan/docs/step10_data_reliability_report.csv,legacy_v1,baseline_logistic_step4
2026-05-08 03:32:51,partial_success,75555,2025-12-30,0.85,/home/runner/work/heatpulse-rajasthan/heatpulse-rajasthan/outputs/daily_alerts_auto.csv,/home/runner/work/heatpulse-rajasthan/heatpulse-rajasthan/outputs/daily_top10_auto.csv,/home/runner/work/heatpulse-rajasthan/heatpulse-rajasthan/outputs/latest_day_top10_auto.csv,stale_fallback,/home/runner/work/heatpulse-rajasthan/heatpulse-rajasthan/data/raw/api_daily_weather_20260506.csv,/home/runner/work/heatpulse-rajasthan/heatpulse-rajasthan/outputs/api_forecast_alerts_step9_guarded.csv,/home/runner/work/heatpulse-rajasthan/heatpulse-rajasthan/outputs/api_latest_top10_guarded.csv,"quality_mode=fallback_after_fetch_error; valid_archive_files=2; invalid_archive_files=0
Live API fetch failed; used fallback file: /home/runner/work/heatpulse-rajasthan/heatpulse-rajasthan/data/raw/api_daily_weather_20260506.csv
Error: API fetch failed.
STDOUT:

STDERR:
Traceback (most recent call last):
  File ""/home/runner/work/heatpulse-rajasthan/heatpulse-rajasthan/scripts/fetch_daily_weather_api.py"", line 18, in <module>
    cfg = pd.read_csv(DOCS / ""step9_api_config_template.csv"")
  File ""/opt/hostedtoolcache/Python/3.13.13/x64/lib/python3.13/site-packages/pandas/io/parsers/readers.py"", line 873, in read_csv
    return _read(filepath_or_buffer, kwds)
  File ""/opt/hostedtoolcache/Python/3.13.13/x64/lib/python3.13/site-packages/pandas/io/parsers/readers.py"", line 300, in _read
    parser = TextFileReader(filepath_or_buffer, **kwds)
  File ""/opt/hostedtoolcache/Python/3.13.13/x64/lib/python3.13/site-packages/pandas/io/parsers/readers.py"", line 1645, in __init__
    self._engine = self._make_engine(f, self.engine)
                   ~~~~~~~~~~~~~~~~~^^^^^^^^^^^^^^^^
  File ""/opt/hostedtoolcache/Python/3.13.13/x64/lib/python3.13/site-packages/pandas/io/parsers/readers.py"", line 1904, in _make_engine
    self.handles = get_handle(
                   ~~~~~~~~~~^
        f,
        ^^
    ...<6 lines>...
        storage_options=self.options.get(""storage_options"", None),
        ^^^^^^^^^^^^^^^^^^^^^^^^^^^^^^^^^^^^^^^^^^^^^^^^^^^^^^^^^^
    )
    ^
  File ""/opt/hostedtoolcache/Python/3.13.13/x64/lib/python3.13/site-packages/pandas/io/common.py"", line 926, in get_handle
    handle = open(
        handle,
    ...<3 lines>...
        newline="""",
    )
FileNotFoundError: [Errno 2] No such file or directory: '/home/runner/work/heatpulse-rajasthan/heatpulse-rajasthan/docs/step9_api_config_template.csv'

",/home/runner/work/heatpulse-rajasthan/heatpulse-rajasthan/outputs/api_daily_top10_guarded.csv,/home/runner/work/heatpulse-rajasthan/heatpulse-rajasthan/docs/step10_data_reliability_report.csv,legacy_v1,baseline_logistic_step4
2026-05-08 03:39:31,partial_success,75555,2025-12-30,0.85,/home/runner/work/heatpulse-rajasthan/heatpulse-rajasthan/outputs/daily_alerts_auto.csv,/home/runner/work/heatpulse-rajasthan/heatpulse-rajasthan/outputs/daily_top10_auto.csv,/home/runner/work/heatpulse-rajasthan/heatpulse-rajasthan/outputs/latest_day_top10_auto.csv,stale_fallback,/home/runner/work/heatpulse-rajasthan/heatpulse-rajasthan/data/raw/api_daily_weather_20260508.csv,/home/runner/work/heatpulse-rajasthan/heatpulse-rajasthan/outputs/api_forecast_alerts_step9_guarded.csv,/home/runner/work/heatpulse-rajasthan/heatpulse-rajasthan/outputs/api_latest_top10_guarded.csv,"quality_mode=fallback_after_fetch_error; valid_archive_files=3; invalid_archive_files=0
Live API fetch failed; used fallback file: /home/runner/work/heatpulse-rajasthan/heatpulse-rajasthan/data/raw/api_daily_weather_20260508.csv
Error: API fetch failed.
STDOUT:

STDERR:
Traceback (most recent call last):
  File ""/home/runner/work/heatpulse-rajasthan/heatpulse-rajasthan/scripts/fetch_daily_weather_api.py"", line 18, in <module>
    cfg = pd.read_csv(DOCS / ""step9_api_config_template.csv"")
  File ""/opt/hostedtoolcache/Python/3.13.13/x64/lib/python3.13/site-packages/pandas/io/parsers/readers.py"", line 873, in read_csv
    return _read(filepath_or_buffer, kwds)
  File ""/opt/hostedtoolcache/Python/3.13.13/x64/lib/python3.13/site-packages/pandas/io/parsers/readers.py"", line 300, in _read
    parser = TextFileReader(filepath_or_buffer, **kwds)
  File ""/opt/hostedtoolcache/Python/3.13.13/x64/lib/python3.13/site-packages/pandas/io/parsers/readers.py"", line 1645, in __init__
    self._engine = self._make_engine(f, self.engine)
                   ~~~~~~~~~~~~~~~~~^^^^^^^^^^^^^^^^
  File ""/opt/hostedtoolcache/Python/3.13.13/x64/lib/python3.13/site-packages/pandas/io/parsers/readers.py"", line 1904, in _make_engine
    self.handles = get_handle(
                   ~~~~~~~~~~^
        f,
        ^^
    ...<6 lines>...
        storage_options=self.options.get(""storage_options"", None),
        ^^^^^^^^^^^^^^^^^^^^^^^^^^^^^^^^^^^^^^^^^^^^^^^^^^^^^^^^^^
    )
    ^
  File ""/opt/hostedtoolcache/Python/3.13.13/x64/lib/python3.13/site-packages/pandas/io/common.py"", line 926, in get_handle
    handle = open(
        handle,
    ...<3 lines>...
        newline="""",
    )
FileNotFoundError: [Errno 2] No such file or directory: '/home/runner/work/heatpulse-rajasthan/heatpulse-rajasthan/docs/step9_api_config_template.csv'

",/home/runner/work/heatpulse-rajasthan/heatpulse-rajasthan/outputs/api_daily_top10_guarded.csv,/home/runner/work/heatpulse-rajasthan/heatpulse-rajasthan/docs/step10_data_reliability_report.csv,legacy_v1,baseline_logistic_step4
2026-05-08 04:16:39,partial_success,75555,2025-12-30,0.85,/home/runner/work/heatpulse-rajasthan/heatpulse-rajasthan/outputs/daily_alerts_auto.csv,/home/runner/work/heatpulse-rajasthan/heatpulse-rajasthan/outputs/daily_top10_auto.csv,/home/runner/work/heatpulse-rajasthan/heatpulse-rajasthan/outputs/latest_day_top10_auto.csv,stale_fallback,/home/runner/work/heatpulse-rajasthan/heatpulse-rajasthan/data/raw/api_daily_weather_20260508.csv,/home/runner/work/heatpulse-rajasthan/heatpulse-rajasthan/outputs/api_forecast_alerts_step9_guarded.csv,/home/runner/work/heatpulse-rajasthan/heatpulse-rajasthan/outputs/api_latest_top10_guarded.csv,"quality_mode=fallback_after_fetch_error; valid_archive_files=3; invalid_archive_files=0
Live API fetch failed; used fallback file: /home/runner/work/heatpulse-rajasthan/heatpulse-rajasthan/data/raw/api_daily_weather_20260508.csv
Error: API fetch failed.
STDOUT:

STDERR:
Traceback (most recent call last):
  File ""/home/runner/work/heatpulse-rajasthan/heatpulse-rajasthan/scripts/fetch_daily_weather_api.py"", line 18, in <module>
    cfg = pd.read_csv(DOCS / ""step9_api_config_template.csv"")
  File ""/opt/hostedtoolcache/Python/3.13.13/x64/lib/python3.13/site-packages/pandas/io/parsers/readers.py"", line 873, in read_csv
    return _read(filepath_or_buffer, kwds)
  File ""/opt/hostedtoolcache/Python/3.13.13/x64/lib/python3.13/site-packages/pandas/io/parsers/readers.py"", line 300, in _read
    parser = TextFileReader(filepath_or_buffer, **kwds)
  File ""/opt/hostedtoolcache/Python/3.13.13/x64/lib/python3.13/site-packages/pandas/io/parsers/readers.py"", line 1645, in __init__
    self._engine = self._make_engine(f, self.engine)
                   ~~~~~~~~~~~~~~~~~^^^^^^^^^^^^^^^^
  File ""/opt/hostedtoolcache/Python/3.13.13/x64/lib/python3.13/site-packages/pandas/io/parsers/readers.py"", line 1904, in _make_engine
    self.handles = get_handle(
                   ~~~~~~~~~~^
        f,
        ^^
    ...<6 lines>...
        storage_options=self.options.get(""storage_options"", None),
        ^^^^^^^^^^^^^^^^^^^^^^^^^^^^^^^^^^^^^^^^^^^^^^^^^^^^^^^^^^
    )
    ^
  File ""/opt/hostedtoolcache/Python/3.13.13/x64/lib/python3.13/site-packages/pandas/io/common.py"", line 926, in get_handle
    handle = open(
        handle,
    ...<3 lines>...
        newline="""",
    )
FileNotFoundError: [Errno 2] No such file or directory: '/home/runner/work/heatpulse-rajasthan/heatpulse-rajasthan/docs/step9_api_config_template.csv'

",/home/runner/work/heatpulse-rajasthan/heatpulse-rajasthan/outputs/api_daily_top10_guarded.csv,/home/runner/work/heatpulse-rajasthan/heatpulse-rajasthan/docs/step10_data_reliability_report.csv,legacy_v1,baseline_logistic_step4
2026-05-08 06:52:51,partial_success,75555,2025-12-30,0.85,/home/runner/work/heatpulse-rajasthan/heatpulse-rajasthan/outputs/daily_alerts_auto.csv,/home/runner/work/heatpulse-rajasthan/heatpulse-rajasthan/outputs/daily_top10_auto.csv,/home/runner/work/heatpulse-rajasthan/heatpulse-rajasthan/outputs/latest_day_top10_auto.csv,stale_fallback,/home/runner/work/heatpulse-rajasthan/heatpulse-rajasthan/data/raw/api_daily_weather_20260508.csv,/home/runner/work/heatpulse-rajasthan/heatpulse-rajasthan/outputs/api_forecast_alerts_step9_guarded.csv,/home/runner/work/heatpulse-rajasthan/heatpulse-rajasthan/outputs/api_latest_top10_guarded.csv,"quality_mode=fallback_after_fetch_error; valid_archive_files=3; invalid_archive_files=0
Live API fetch failed; used fallback file: /home/runner/work/heatpulse-rajasthan/heatpulse-rajasthan/data/raw/api_daily_weather_20260508.csv
Error: API fetch failed.
STDOUT:

STDERR:
Traceback (most recent call last):
  File ""/home/runner/work/heatpulse-rajasthan/heatpulse-rajasthan/scripts/fetch_daily_weather_api.py"", line 18, in <module>
    cfg = pd.read_csv(DOCS / ""step9_api_config_template.csv"")
  File ""/opt/hostedtoolcache/Python/3.13.13/x64/lib/python3.13/site-packages/pandas/io/parsers/readers.py"", line 873, in read_csv
    return _read(filepath_or_buffer, kwds)
  File ""/opt/hostedtoolcache/Python/3.13.13/x64/lib/python3.13/site-packages/pandas/io/parsers/readers.py"", line 300, in _read
    parser = TextFileReader(filepath_or_buffer, **kwds)
  File ""/opt/hostedtoolcache/Python/3.13.13/x64/lib/python3.13/site-packages/pandas/io/parsers/readers.py"", line 1645, in __init__
    self._engine = self._make_engine(f, self.engine)
                   ~~~~~~~~~~~~~~~~~^^^^^^^^^^^^^^^^
  File ""/opt/hostedtoolcache/Python/3.13.13/x64/lib/python3.13/site-packages/pandas/io/parsers/readers.py"", line 1904, in _make_engine
    self.handles = get_handle(
                   ~~~~~~~~~~^
        f,
        ^^
    ...<6 lines>...
        storage_options=self.options.get(""storage_options"", None),
        ^^^^^^^^^^^^^^^^^^^^^^^^^^^^^^^^^^^^^^^^^^^^^^^^^^^^^^^^^^
    )
    ^
  File ""/opt/hostedtoolcache/Python/3.13.13/x64/lib/python3.13/site-packages/pandas/io/common.py"", line 926, in get_handle
    handle = open(
        handle,
    ...<3 lines>...
        newline="""",
    )
FileNotFoundError: [Errno 2] No such file or directory: '/home/runner/work/heatpulse-rajasthan/heatpulse-rajasthan/docs/step9_api_config_template.csv'

",/home/runner/work/heatpulse-rajasthan/heatpulse-rajasthan/outputs/api_daily_top10_guarded.csv,/home/runner/work/heatpulse-rajasthan/heatpulse-rajasthan/docs/step10_data_reliability_report.csv,legacy_v1,baseline_logistic_step4
2026-05-08 10:25:46,partial_success,75555,2025-12-30,0.85,/home/runner/work/heatpulse-rajasthan/heatpulse-rajasthan/outputs/daily_alerts_auto.csv,/home/runner/work/heatpulse-rajasthan/heatpulse-rajasthan/outputs/daily_top10_auto.csv,/home/runner/work/heatpulse-rajasthan/heatpulse-rajasthan/outputs/latest_day_top10_auto.csv,stale_fallback,/home/runner/work/heatpulse-rajasthan/heatpulse-rajasthan/data/raw/api_daily_weather_20260508.csv,/home/runner/work/heatpulse-rajasthan/heatpulse-rajasthan/outputs/api_forecast_alerts_step9_guarded.csv,/home/runner/work/heatpulse-rajasthan/heatpulse-rajasthan/outputs/api_latest_top10_guarded.csv,"quality_mode=fallback_after_fetch_error; valid_archive_files=3; invalid_archive_files=0
Live API fetch failed; used fallback file: /home/runner/work/heatpulse-rajasthan/heatpulse-rajasthan/data/raw/api_daily_weather_20260508.csv
Error: API fetch failed.
STDOUT:

STDERR:
Traceback (most recent call last):
  File ""/home/runner/work/heatpulse-rajasthan/heatpulse-rajasthan/scripts/fetch_daily_weather_api.py"", line 18, in <module>
    cfg = pd.read_csv(DOCS / ""step9_api_config_template.csv"")
  File ""/opt/hostedtoolcache/Python/3.13.13/x64/lib/python3.13/site-packages/pandas/io/parsers/readers.py"", line 873, in read_csv
    return _read(filepath_or_buffer, kwds)
  File ""/opt/hostedtoolcache/Python/3.13.13/x64/lib/python3.13/site-packages/pandas/io/parsers/readers.py"", line 300, in _read
    parser = TextFileReader(filepath_or_buffer, **kwds)
  File ""/opt/hostedtoolcache/Python/3.13.13/x64/lib/python3.13/site-packages/pandas/io/parsers/readers.py"", line 1645, in __init__
    self._engine = self._make_engine(f, self.engine)
                   ~~~~~~~~~~~~~~~~~^^^^^^^^^^^^^^^^
  File ""/opt/hostedtoolcache/Python/3.13.13/x64/lib/python3.13/site-packages/pandas/io/parsers/readers.py"", line 1904, in _make_engine
    self.handles = get_handle(
                   ~~~~~~~~~~^
        f,
        ^^
    ...<6 lines>...
        storage_options=self.options.get(""storage_options"", None),
        ^^^^^^^^^^^^^^^^^^^^^^^^^^^^^^^^^^^^^^^^^^^^^^^^^^^^^^^^^^
    )
    ^
  File ""/opt/hostedtoolcache/Python/3.13.13/x64/lib/python3.13/site-packages/pandas/io/common.py"", line 926, in get_handle
    handle = open(
        handle,
    ...<3 lines>...
        newline="""",
    )
FileNotFoundError: [Errno 2] No such file or directory: '/home/runner/work/heatpulse-rajasthan/heatpulse-rajasthan/docs/step9_api_config_template.csv'

",/home/runner/work/heatpulse-rajasthan/heatpulse-rajasthan/outputs/api_daily_top10_guarded.csv,/home/runner/work/heatpulse-rajasthan/heatpulse-rajasthan/docs/step10_data_reliability_report.csv,legacy_v1,baseline_logistic_step4
2026-05-08 14:52:23,partial_success,75555,2025-12-30,0.85,/home/runner/work/heatpulse-rajasthan/heatpulse-rajasthan/outputs/daily_alerts_auto.csv,/home/runner/work/heatpulse-rajasthan/heatpulse-rajasthan/outputs/daily_top10_auto.csv,/home/runner/work/heatpulse-rajasthan/heatpulse-rajasthan/outputs/latest_day_top10_auto.csv,stale_fallback,/home/runner/work/heatpulse-rajasthan/heatpulse-rajasthan/data/raw/api_daily_weather_20260508.csv,/home/runner/work/heatpulse-rajasthan/heatpulse-rajasthan/outputs/api_forecast_alerts_step9_guarded.csv,/home/runner/work/heatpulse-rajasthan/heatpulse-rajasthan/outputs/api_latest_top10_guarded.csv,"quality_mode=fallback_after_fetch_error; valid_archive_files=3; invalid_archive_files=0
Live API fetch failed; used fallback file: /home/runner/work/heatpulse-rajasthan/heatpulse-rajasthan/data/raw/api_daily_weather_20260508.csv
Error: API fetch failed.
STDOUT:

STDERR:
Traceback (most recent call last):
  File ""/home/runner/work/heatpulse-rajasthan/heatpulse-rajasthan/scripts/fetch_daily_weather_api.py"", line 18, in <module>
    cfg = pd.read_csv(DOCS / ""step9_api_config_template.csv"")
  File ""/opt/hostedtoolcache/Python/3.13.13/x64/lib/python3.13/site-packages/pandas/io/parsers/readers.py"", line 873, in read_csv
    return _read(filepath_or_buffer, kwds)
  File ""/opt/hostedtoolcache/Python/3.13.13/x64/lib/python3.13/site-packages/pandas/io/parsers/readers.py"", line 300, in _read
    parser = TextFileReader(filepath_or_buffer, **kwds)
  File ""/opt/hostedtoolcache/Python/3.13.13/x64/lib/python3.13/site-packages/pandas/io/parsers/readers.py"", line 1645, in __init__
    self._engine = self._make_engine(f, self.engine)
                   ~~~~~~~~~~~~~~~~~^^^^^^^^^^^^^^^^
  File ""/opt/hostedtoolcache/Python/3.13.13/x64/lib/python3.13/site-packages/pandas/io/parsers/readers.py"", line 1904, in _make_engine
    self.handles = get_handle(
                   ~~~~~~~~~~^
        f,
        ^^
    ...<6 lines>...
        storage_options=self.options.get(""storage_options"", None),
        ^^^^^^^^^^^^^^^^^^^^^^^^^^^^^^^^^^^^^^^^^^^^^^^^^^^^^^^^^^
    )
    ^
  File ""/opt/hostedtoolcache/Python/3.13.13/x64/lib/python3.13/site-packages/pandas/io/common.py"", line 926, in get_handle
    handle = open(
        handle,
    ...<3 lines>...
        newline="""",
    )
FileNotFoundError: [Errno 2] No such file or directory: '/home/runner/work/heatpulse-rajasthan/heatpulse-rajasthan/docs/step9_api_config_template.csv'

",/home/runner/work/heatpulse-rajasthan/heatpulse-rajasthan/outputs/api_daily_top10_guarded.csv,/home/runner/work/heatpulse-rajasthan/heatpulse-rajasthan/docs/step10_data_reliability_report.csv,legacy_v1,baseline_logistic_step4
2026-05-08 18:11:31,partial_success,75555,2025-12-30,0.85,/home/runner/work/heatpulse-rajasthan/heatpulse-rajasthan/outputs/daily_alerts_auto.csv,/home/runner/work/heatpulse-rajasthan/heatpulse-rajasthan/outputs/daily_top10_auto.csv,/home/runner/work/heatpulse-rajasthan/heatpulse-rajasthan/outputs/latest_day_top10_auto.csv,stale_fallback,/home/runner/work/heatpulse-rajasthan/heatpulse-rajasthan/data/raw/api_daily_weather_20260508.csv,/home/runner/work/heatpulse-rajasthan/heatpulse-rajasthan/outputs/api_forecast_alerts_step9_guarded.csv,/home/runner/work/heatpulse-rajasthan/heatpulse-rajasthan/outputs/api_latest_top10_guarded.csv,"quality_mode=fallback_after_fetch_error; valid_archive_files=3; invalid_archive_files=0
Live API fetch failed; used fallback file: /home/runner/work/heatpulse-rajasthan/heatpulse-rajasthan/data/raw/api_daily_weather_20260508.csv
Error: API fetch failed.
STDOUT:

STDERR:
Traceback (most recent call last):
  File ""/home/runner/work/heatpulse-rajasthan/heatpulse-rajasthan/scripts/fetch_daily_weather_api.py"", line 18, in <module>
    cfg = pd.read_csv(DOCS / ""step9_api_config_template.csv"")
  File ""/opt/hostedtoolcache/Python/3.13.13/x64/lib/python3.13/site-packages/pandas/io/parsers/readers.py"", line 873, in read_csv
    return _read(filepath_or_buffer, kwds)
  File ""/opt/hostedtoolcache/Python/3.13.13/x64/lib/python3.13/site-packages/pandas/io/parsers/readers.py"", line 300, in _read
    parser = TextFileReader(filepath_or_buffer, **kwds)
  File ""/opt/hostedtoolcache/Python/3.13.13/x64/lib/python3.13/site-packages/pandas/io/parsers/readers.py"", line 1645, in __init__
    self._engine = self._make_engine(f, self.engine)
                   ~~~~~~~~~~~~~~~~~^^^^^^^^^^^^^^^^
  File ""/opt/hostedtoolcache/Python/3.13.13/x64/lib/python3.13/site-packages/pandas/io/parsers/readers.py"", line 1904, in _make_engine
    self.handles = get_handle(
                   ~~~~~~~~~~^
        f,
        ^^
    ...<6 lines>...
        storage_options=self.options.get(""storage_options"", None),
        ^^^^^^^^^^^^^^^^^^^^^^^^^^^^^^^^^^^^^^^^^^^^^^^^^^^^^^^^^^
    )
    ^
  File ""/opt/hostedtoolcache/Python/3.13.13/x64/lib/python3.13/site-packages/pandas/io/common.py"", line 926, in get_handle
    handle = open(
        handle,
    ...<3 lines>...
        newline="""",
    )
FileNotFoundError: [Errno 2] No such file or directory: '/home/runner/work/heatpulse-rajasthan/heatpulse-rajasthan/docs/step9_api_config_template.csv'

",/home/runner/work/heatpulse-rajasthan/heatpulse-rajasthan/outputs/api_daily_top10_guarded.csv,/home/runner/work/heatpulse-rajasthan/heatpulse-rajasthan/docs/step10_data_reliability_report.csv,legacy_v1,baseline_logistic_step4
2026-05-09 04:23:42,partial_success,75555,2025-12-30,0.85,/home/runner/work/heatpulse-rajasthan/heatpulse-rajasthan/outputs/daily_alerts_auto.csv,/home/runner/work/heatpulse-rajasthan/heatpulse-rajasthan/outputs/daily_top10_auto.csv,/home/runner/work/heatpulse-rajasthan/heatpulse-rajasthan/outputs/latest_day_top10_auto.csv,stale_fallback,/home/runner/work/heatpulse-rajasthan/heatpulse-rajasthan/data/raw/api_daily_weather_20260508.csv,/home/runner/work/heatpulse-rajasthan/heatpulse-rajasthan/outputs/api_forecast_alerts_step9_guarded.csv,/home/runner/work/heatpulse-rajasthan/heatpulse-rajasthan/outputs/api_latest_top10_guarded.csv,"quality_mode=fallback_after_fetch_error; valid_archive_files=3; invalid_archive_files=0
Live API fetch failed; used fallback file: /home/runner/work/heatpulse-rajasthan/heatpulse-rajasthan/data/raw/api_daily_weather_20260508.csv
Error: API fetch failed.
STDOUT:

STDERR:
Traceback (most recent call last):
  File ""/home/runner/work/heatpulse-rajasthan/heatpulse-rajasthan/scripts/fetch_daily_weather_api.py"", line 18, in <module>
    cfg = pd.read_csv(DOCS / ""step9_api_config_template.csv"")
  File ""/opt/hostedtoolcache/Python/3.13.13/x64/lib/python3.13/site-packages/pandas/io/parsers/readers.py"", line 873, in read_csv
    return _read(filepath_or_buffer, kwds)
  File ""/opt/hostedtoolcache/Python/3.13.13/x64/lib/python3.13/site-packages/pandas/io/parsers/readers.py"", line 300, in _read
    parser = TextFileReader(filepath_or_buffer, **kwds)
  File ""/opt/hostedtoolcache/Python/3.13.13/x64/lib/python3.13/site-packages/pandas/io/parsers/readers.py"", line 1645, in __init__
    self._engine = self._make_engine(f, self.engine)
                   ~~~~~~~~~~~~~~~~~^^^^^^^^^^^^^^^^
  File ""/opt/hostedtoolcache/Python/3.13.13/x64/lib/python3.13/site-packages/pandas/io/parsers/readers.py"", line 1904, in _make_engine
    self.handles = get_handle(
                   ~~~~~~~~~~^
        f,
        ^^
    ...<6 lines>...
        storage_options=self.options.get(""storage_options"", None),
        ^^^^^^^^^^^^^^^^^^^^^^^^^^^^^^^^^^^^^^^^^^^^^^^^^^^^^^^^^^
    )
    ^
  File ""/opt/hostedtoolcache/Python/3.13.13/x64/lib/python3.13/site-packages/pandas/io/common.py"", line 926, in get_handle
    handle = open(
        handle,
    ...<3 lines>...
        newline="""",
    )
FileNotFoundError: [Errno 2] No such file or directory: '/home/runner/work/heatpulse-rajasthan/heatpulse-rajasthan/docs/step9_api_config_template.csv'

",/home/runner/work/heatpulse-rajasthan/heatpulse-rajasthan/outputs/api_daily_top10_guarded.csv,/home/runner/work/heatpulse-rajasthan/heatpulse-rajasthan/docs/step10_data_reliability_report.csv,legacy_v1,baseline_logistic_step4
2026-05-09 07:08:53,partial_success,75555,2025-12-30,0.85,/home/runner/work/heatpulse-rajasthan/heatpulse-rajasthan/outputs/daily_alerts_auto.csv,/home/runner/work/heatpulse-rajasthan/heatpulse-rajasthan/outputs/daily_top10_auto.csv,/home/runner/work/heatpulse-rajasthan/heatpulse-rajasthan/outputs/latest_day_top10_auto.csv,stale_fallback,/home/runner/work/heatpulse-rajasthan/heatpulse-rajasthan/data/raw/api_daily_weather_20260508.csv,/home/runner/work/heatpulse-rajasthan/heatpulse-rajasthan/outputs/api_forecast_alerts_step9_guarded.csv,/home/runner/work/heatpulse-rajasthan/heatpulse-rajasthan/outputs/api_latest_top10_guarded.csv,"quality_mode=fallback_after_fetch_error; valid_archive_files=3; invalid_archive_files=0
Live API fetch failed; used fallback file: /home/runner/work/heatpulse-rajasthan/heatpulse-rajasthan/data/raw/api_daily_weather_20260508.csv
Error: API fetch failed.
STDOUT:

STDERR:
Traceback (most recent call last):
  File ""/home/runner/work/heatpulse-rajasthan/heatpulse-rajasthan/scripts/fetch_daily_weather_api.py"", line 18, in <module>
    cfg = pd.read_csv(DOCS / ""step9_api_config_template.csv"")
  File ""/opt/hostedtoolcache/Python/3.13.13/x64/lib/python3.13/site-packages/pandas/io/parsers/readers.py"", line 873, in read_csv
    return _read(filepath_or_buffer, kwds)
  File ""/opt/hostedtoolcache/Python/3.13.13/x64/lib/python3.13/site-packages/pandas/io/parsers/readers.py"", line 300, in _read
    parser = TextFileReader(filepath_or_buffer, **kwds)
  File ""/opt/hostedtoolcache/Python/3.13.13/x64/lib/python3.13/site-packages/pandas/io/parsers/readers.py"", line 1645, in __init__
    self._engine = self._make_engine(f, self.engine)
                   ~~~~~~~~~~~~~~~~~^^^^^^^^^^^^^^^^
  File ""/opt/hostedtoolcache/Python/3.13.13/x64/lib/python3.13/site-packages/pandas/io/parsers/readers.py"", line 1904, in _make_engine
    self.handles = get_handle(
                   ~~~~~~~~~~^
        f,
        ^^
    ...<6 lines>...
        storage_options=self.options.get(""storage_options"", None),
        ^^^^^^^^^^^^^^^^^^^^^^^^^^^^^^^^^^^^^^^^^^^^^^^^^^^^^^^^^^
    )
    ^
  File ""/opt/hostedtoolcache/Python/3.13.13/x64/lib/python3.13/site-packages/pandas/io/common.py"", line 926, in get_handle
    handle = open(
        handle,
    ...<3 lines>...
        newline="""",
    )
FileNotFoundError: [Errno 2] No such file or directory: '/home/runner/work/heatpulse-rajasthan/heatpulse-rajasthan/docs/step9_api_config_template.csv'

",/home/runner/work/heatpulse-rajasthan/heatpulse-rajasthan/outputs/api_daily_top10_guarded.csv,/home/runner/work/heatpulse-rajasthan/heatpulse-rajasthan/docs/step10_data_reliability_report.csv,legacy_v1,baseline_logistic_step4
2026-05-09 10:06:41,partial_success,75555,2025-12-30,0.85,/home/runner/work/heatpulse-rajasthan/heatpulse-rajasthan/outputs/daily_alerts_auto.csv,/home/runner/work/heatpulse-rajasthan/heatpulse-rajasthan/outputs/daily_top10_auto.csv,/home/runner/work/heatpulse-rajasthan/heatpulse-rajasthan/outputs/latest_day_top10_auto.csv,stale_fallback,/home/runner/work/heatpulse-rajasthan/heatpulse-rajasthan/data/raw/api_daily_weather_20260508.csv,/home/runner/work/heatpulse-rajasthan/heatpulse-rajasthan/outputs/api_forecast_alerts_step9_guarded.csv,/home/runner/work/heatpulse-rajasthan/heatpulse-rajasthan/outputs/api_latest_top10_guarded.csv,"quality_mode=fallback_after_fetch_error; valid_archive_files=3; invalid_archive_files=0
Live API fetch failed; used fallback file: /home/runner/work/heatpulse-rajasthan/heatpulse-rajasthan/data/raw/api_daily_weather_20260508.csv
Error: API fetch failed.
STDOUT:

STDERR:
Traceback (most recent call last):
  File ""/home/runner/work/heatpulse-rajasthan/heatpulse-rajasthan/scripts/fetch_daily_weather_api.py"", line 18, in <module>
    cfg = pd.read_csv(DOCS / ""step9_api_config_template.csv"")
  File ""/opt/hostedtoolcache/Python/3.13.13/x64/lib/python3.13/site-packages/pandas/io/parsers/readers.py"", line 873, in read_csv
    return _read(filepath_or_buffer, kwds)
  File ""/opt/hostedtoolcache/Python/3.13.13/x64/lib/python3.13/site-packages/pandas/io/parsers/readers.py"", line 300, in _read
    parser = TextFileReader(filepath_or_buffer, **kwds)
  File ""/opt/hostedtoolcache/Python/3.13.13/x64/lib/python3.13/site-packages/pandas/io/parsers/readers.py"", line 1645, in __init__
    self._engine = self._make_engine(f, self.engine)
                   ~~~~~~~~~~~~~~~~~^^^^^^^^^^^^^^^^
  File ""/opt/hostedtoolcache/Python/3.13.13/x64/lib/python3.13/site-packages/pandas/io/parsers/readers.py"", line 1904, in _make_engine
    self.handles = get_handle(
                   ~~~~~~~~~~^
        f,
        ^^
    ...<6 lines>...
        storage_options=self.options.get(""storage_options"", None),
        ^^^^^^^^^^^^^^^^^^^^^^^^^^^^^^^^^^^^^^^^^^^^^^^^^^^^^^^^^^
    )
    ^
  File ""/opt/hostedtoolcache/Python/3.13.13/x64/lib/python3.13/site-packages/pandas/io/common.py"", line 926, in get_handle
    handle = open(
        handle,
    ...<3 lines>...
        newline="""",
    )
FileNotFoundError: [Errno 2] No such file or directory: '/home/runner/work/heatpulse-rajasthan/heatpulse-rajasthan/docs/step9_api_config_template.csv'

",/home/runner/work/heatpulse-rajasthan/heatpulse-rajasthan/outputs/api_daily_top10_guarded.csv,/home/runner/work/heatpulse-rajasthan/heatpulse-rajasthan/docs/step10_data_reliability_report.csv,legacy_v1,baseline_logistic_step4
2026-05-09 14:17:36,partial_success,75555,2025-12-30,0.85,/home/runner/work/heatpulse-rajasthan/heatpulse-rajasthan/outputs/daily_alerts_auto.csv,/home/runner/work/heatpulse-rajasthan/heatpulse-rajasthan/outputs/daily_top10_auto.csv,/home/runner/work/heatpulse-rajasthan/heatpulse-rajasthan/outputs/latest_day_top10_auto.csv,stale_fallback,/home/runner/work/heatpulse-rajasthan/heatpulse-rajasthan/data/raw/api_daily_weather_20260508.csv,/home/runner/work/heatpulse-rajasthan/heatpulse-rajasthan/outputs/api_forecast_alerts_step9_guarded.csv,/home/runner/work/heatpulse-rajasthan/heatpulse-rajasthan/outputs/api_latest_top10_guarded.csv,"quality_mode=fallback_after_fetch_error; valid_archive_files=3; invalid_archive_files=0
Live API fetch failed; used fallback file: /home/runner/work/heatpulse-rajasthan/heatpulse-rajasthan/data/raw/api_daily_weather_20260508.csv
Error: API fetch failed.
STDOUT:

STDERR:
Traceback (most recent call last):
  File ""/home/runner/work/heatpulse-rajasthan/heatpulse-rajasthan/scripts/fetch_daily_weather_api.py"", line 18, in <module>
    cfg = pd.read_csv(DOCS / ""step9_api_config_template.csv"")
  File ""/opt/hostedtoolcache/Python/3.13.13/x64/lib/python3.13/site-packages/pandas/io/parsers/readers.py"", line 873, in read_csv
    return _read(filepath_or_buffer, kwds)
  File ""/opt/hostedtoolcache/Python/3.13.13/x64/lib/python3.13/site-packages/pandas/io/parsers/readers.py"", line 300, in _read
    parser = TextFileReader(filepath_or_buffer, **kwds)
  File ""/opt/hostedtoolcache/Python/3.13.13/x64/lib/python3.13/site-packages/pandas/io/parsers/readers.py"", line 1645, in __init__
    self._engine = self._make_engine(f, self.engine)
                   ~~~~~~~~~~~~~~~~~^^^^^^^^^^^^^^^^
  File ""/opt/hostedtoolcache/Python/3.13.13/x64/lib/python3.13/site-packages/pandas/io/parsers/readers.py"", line 1904, in _make_engine
    self.handles = get_handle(
                   ~~~~~~~~~~^
        f,
        ^^
    ...<6 lines>...
        storage_options=self.options.get(""storage_options"", None),
        ^^^^^^^^^^^^^^^^^^^^^^^^^^^^^^^^^^^^^^^^^^^^^^^^^^^^^^^^^^
    )
    ^
  File ""/opt/hostedtoolcache/Python/3.13.13/x64/lib/python3.13/site-packages/pandas/io/common.py"", line 926, in get_handle
    handle = open(
        handle,
    ...<3 lines>...
        newline="""",
    )
FileNotFoundError: [Errno 2] No such file or directory: '/home/runner/work/heatpulse-rajasthan/heatpulse-rajasthan/docs/step9_api_config_template.csv'

",/home/runner/work/heatpulse-rajasthan/heatpulse-rajasthan/outputs/api_daily_top10_guarded.csv,/home/runner/work/heatpulse-rajasthan/heatpulse-rajasthan/docs/step10_data_reliability_report.csv,legacy_v1,baseline_logistic_step4
2026-05-09 17:52:29,partial_success,75555,2025-12-30,0.85,/home/runner/work/heatpulse-rajasthan/heatpulse-rajasthan/outputs/daily_alerts_auto.csv,/home/runner/work/heatpulse-rajasthan/heatpulse-rajasthan/outputs/daily_top10_auto.csv,/home/runner/work/heatpulse-rajasthan/heatpulse-rajasthan/outputs/latest_day_top10_auto.csv,stale_fallback,/home/runner/work/heatpulse-rajasthan/heatpulse-rajasthan/data/raw/api_daily_weather_20260508.csv,/home/runner/work/heatpulse-rajasthan/heatpulse-rajasthan/outputs/api_forecast_alerts_step9_guarded.csv,/home/runner/work/heatpulse-rajasthan/heatpulse-rajasthan/outputs/api_latest_top10_guarded.csv,"quality_mode=fallback_after_fetch_error; valid_archive_files=3; invalid_archive_files=0
Live API fetch failed; used fallback file: /home/runner/work/heatpulse-rajasthan/heatpulse-rajasthan/data/raw/api_daily_weather_20260508.csv
Error: API fetch failed.
STDOUT:

STDERR:
Traceback (most recent call last):
  File ""/home/runner/work/heatpulse-rajasthan/heatpulse-rajasthan/scripts/fetch_daily_weather_api.py"", line 18, in <module>
    cfg = pd.read_csv(DOCS / ""step9_api_config_template.csv"")
  File ""/opt/hostedtoolcache/Python/3.13.13/x64/lib/python3.13/site-packages/pandas/io/parsers/readers.py"", line 873, in read_csv
    return _read(filepath_or_buffer, kwds)
  File ""/opt/hostedtoolcache/Python/3.13.13/x64/lib/python3.13/site-packages/pandas/io/parsers/readers.py"", line 300, in _read
    parser = TextFileReader(filepath_or_buffer, **kwds)
  File ""/opt/hostedtoolcache/Python/3.13.13/x64/lib/python3.13/site-packages/pandas/io/parsers/readers.py"", line 1645, in __init__
    self._engine = self._make_engine(f, self.engine)
                   ~~~~~~~~~~~~~~~~~^^^^^^^^^^^^^^^^
  File ""/opt/hostedtoolcache/Python/3.13.13/x64/lib/python3.13/site-packages/pandas/io/parsers/readers.py"", line 1904, in _make_engine
    self.handles = get_handle(
                   ~~~~~~~~~~^
        f,
        ^^
    ...<6 lines>...
        storage_options=self.options.get(""storage_options"", None),
        ^^^^^^^^^^^^^^^^^^^^^^^^^^^^^^^^^^^^^^^^^^^^^^^^^^^^^^^^^^
    )
    ^
  File ""/opt/hostedtoolcache/Python/3.13.13/x64/lib/python3.13/site-packages/pandas/io/common.py"", line 926, in get_handle
    handle = open(
        handle,
    ...<3 lines>...
        newline="""",
    )
FileNotFoundError: [Errno 2] No such file or directory: '/home/runner/work/heatpulse-rajasthan/heatpulse-rajasthan/docs/step9_api_config_template.csv'

",/home/runner/work/heatpulse-rajasthan/heatpulse-rajasthan/outputs/api_daily_top10_guarded.csv,/home/runner/work/heatpulse-rajasthan/heatpulse-rajasthan/docs/step10_data_reliability_report.csv,legacy_v1,baseline_logistic_step4
2026-05-10 04:44:54,partial_success,75555,2025-12-30,0.85,/home/runner/work/heatpulse-rajasthan/heatpulse-rajasthan/outputs/daily_alerts_auto.csv,/home/runner/work/heatpulse-rajasthan/heatpulse-rajasthan/outputs/daily_top10_auto.csv,/home/runner/work/heatpulse-rajasthan/heatpulse-rajasthan/outputs/latest_day_top10_auto.csv,stale_fallback,/home/runner/work/heatpulse-rajasthan/heatpulse-rajasthan/data/raw/api_daily_weather_20260508.csv,/home/runner/work/heatpulse-rajasthan/heatpulse-rajasthan/outputs/api_forecast_alerts_step9_guarded.csv,/home/runner/work/heatpulse-rajasthan/heatpulse-rajasthan/outputs/api_latest_top10_guarded.csv,"quality_mode=fallback_after_fetch_error; valid_archive_files=3; invalid_archive_files=0
Live API fetch failed; used fallback file: /home/runner/work/heatpulse-rajasthan/heatpulse-rajasthan/data/raw/api_daily_weather_20260508.csv
Error: API fetch failed.
STDOUT:

STDERR:
Traceback (most recent call last):
  File ""/home/runner/work/heatpulse-rajasthan/heatpulse-rajasthan/scripts/fetch_daily_weather_api.py"", line 18, in <module>
    cfg = pd.read_csv(DOCS / ""step9_api_config_template.csv"")
  File ""/opt/hostedtoolcache/Python/3.13.13/x64/lib/python3.13/site-packages/pandas/io/parsers/readers.py"", line 873, in read_csv
    return _read(filepath_or_buffer, kwds)
  File ""/opt/hostedtoolcache/Python/3.13.13/x64/lib/python3.13/site-packages/pandas/io/parsers/readers.py"", line 300, in _read
    parser = TextFileReader(filepath_or_buffer, **kwds)
  File ""/opt/hostedtoolcache/Python/3.13.13/x64/lib/python3.13/site-packages/pandas/io/parsers/readers.py"", line 1645, in __init__
    self._engine = self._make_engine(f, self.engine)
                   ~~~~~~~~~~~~~~~~~^^^^^^^^^^^^^^^^
  File ""/opt/hostedtoolcache/Python/3.13.13/x64/lib/python3.13/site-packages/pandas/io/parsers/readers.py"", line 1904, in _make_engine
    self.handles = get_handle(
                   ~~~~~~~~~~^
        f,
        ^^
    ...<6 lines>...
        storage_options=self.options.get(""storage_options"", None),
        ^^^^^^^^^^^^^^^^^^^^^^^^^^^^^^^^^^^^^^^^^^^^^^^^^^^^^^^^^^
    )
    ^
  File ""/opt/hostedtoolcache/Python/3.13.13/x64/lib/python3.13/site-packages/pandas/io/common.py"", line 926, in get_handle
    handle = open(
        handle,
    ...<3 lines>...
        newline="""",
    )
FileNotFoundError: [Errno 2] No such file or directory: '/home/runner/work/heatpulse-rajasthan/heatpulse-rajasthan/docs/step9_api_config_template.csv'

",/home/runner/work/heatpulse-rajasthan/heatpulse-rajasthan/outputs/api_daily_top10_guarded.csv,/home/runner/work/heatpulse-rajasthan/heatpulse-rajasthan/docs/step10_data_reliability_report.csv,legacy_v1,baseline_logistic_step4
2026-05-10 07:26:24,partial_success,75555,2025-12-30,0.85,/home/runner/work/heatpulse-rajasthan/heatpulse-rajasthan/outputs/daily_alerts_auto.csv,/home/runner/work/heatpulse-rajasthan/heatpulse-rajasthan/outputs/daily_top10_auto.csv,/home/runner/work/heatpulse-rajasthan/heatpulse-rajasthan/outputs/latest_day_top10_auto.csv,stale_fallback,/home/runner/work/heatpulse-rajasthan/heatpulse-rajasthan/data/raw/api_daily_weather_20260508.csv,/home/runner/work/heatpulse-rajasthan/heatpulse-rajasthan/outputs/api_forecast_alerts_step9_guarded.csv,/home/runner/work/heatpulse-rajasthan/heatpulse-rajasthan/outputs/api_latest_top10_guarded.csv,"quality_mode=fallback_after_fetch_error; valid_archive_files=3; invalid_archive_files=0
Live API fetch failed; used fallback file: /home/runner/work/heatpulse-rajasthan/heatpulse-rajasthan/data/raw/api_daily_weather_20260508.csv
Error: API fetch failed.
STDOUT:

STDERR:
Traceback (most recent call last):
  File ""/home/runner/work/heatpulse-rajasthan/heatpulse-rajasthan/scripts/fetch_daily_weather_api.py"", line 18, in <module>
    cfg = pd.read_csv(DOCS / ""step9_api_config_template.csv"")
  File ""/opt/hostedtoolcache/Python/3.13.13/x64/lib/python3.13/site-packages/pandas/io/parsers/readers.py"", line 873, in read_csv
    return _read(filepath_or_buffer, kwds)
  File ""/opt/hostedtoolcache/Python/3.13.13/x64/lib/python3.13/site-packages/pandas/io/parsers/readers.py"", line 300, in _read
    parser = TextFileReader(filepath_or_buffer, **kwds)
  File ""/opt/hostedtoolcache/Python/3.13.13/x64/lib/python3.13/site-packages/pandas/io/parsers/readers.py"", line 1645, in __init__
    self._engine = self._make_engine(f, self.engine)
                   ~~~~~~~~~~~~~~~~~^^^^^^^^^^^^^^^^
  File ""/opt/hostedtoolcache/Python/3.13.13/x64/lib/python3.13/site-packages/pandas/io/parsers/readers.py"", line 1904, in _make_engine
    self.handles = get_handle(
                   ~~~~~~~~~~^
        f,
        ^^
    ...<6 lines>...
        storage_options=self.options.get(""storage_options"", None),
        ^^^^^^^^^^^^^^^^^^^^^^^^^^^^^^^^^^^^^^^^^^^^^^^^^^^^^^^^^^
    )
    ^
  File ""/opt/hostedtoolcache/Python/3.13.13/x64/lib/python3.13/site-packages/pandas/io/common.py"", line 926, in get_handle
    handle = open(
        handle,
    ...<3 lines>...
        newline="""",
    )
FileNotFoundError: [Errno 2] No such file or directory: '/home/runner/work/heatpulse-rajasthan/heatpulse-rajasthan/docs/step9_api_config_template.csv'

",/home/runner/work/heatpulse-rajasthan/heatpulse-rajasthan/outputs/api_daily_top10_guarded.csv,/home/runner/work/heatpulse-rajasthan/heatpulse-rajasthan/docs/step10_data_reliability_report.csv,legacy_v1,baseline_logistic_step4
2026-05-10 10:16:53,partial_success,75555,2025-12-30,0.85,/home/runner/work/heatpulse-rajasthan/heatpulse-rajasthan/outputs/daily_alerts_auto.csv,/home/runner/work/heatpulse-rajasthan/heatpulse-rajasthan/outputs/daily_top10_auto.csv,/home/runner/work/heatpulse-rajasthan/heatpulse-rajasthan/outputs/latest_day_top10_auto.csv,stale_fallback,/home/runner/work/heatpulse-rajasthan/heatpulse-rajasthan/data/raw/api_daily_weather_20260508.csv,/home/runner/work/heatpulse-rajasthan/heatpulse-rajasthan/outputs/api_forecast_alerts_step9_guarded.csv,/home/runner/work/heatpulse-rajasthan/heatpulse-rajasthan/outputs/api_latest_top10_guarded.csv,"quality_mode=fallback_after_fetch_error; valid_archive_files=3; invalid_archive_files=0
Live API fetch failed; used fallback file: /home/runner/work/heatpulse-rajasthan/heatpulse-rajasthan/data/raw/api_daily_weather_20260508.csv
Error: API fetch failed.
STDOUT:

STDERR:
Traceback (most recent call last):
  File ""/home/runner/work/heatpulse-rajasthan/heatpulse-rajasthan/scripts/fetch_daily_weather_api.py"", line 18, in <module>
    cfg = pd.read_csv(DOCS / ""step9_api_config_template.csv"")
  File ""/opt/hostedtoolcache/Python/3.13.13/x64/lib/python3.13/site-packages/pandas/io/parsers/readers.py"", line 873, in read_csv
    return _read(filepath_or_buffer, kwds)
  File ""/opt/hostedtoolcache/Python/3.13.13/x64/lib/python3.13/site-packages/pandas/io/parsers/readers.py"", line 300, in _read
    parser = TextFileReader(filepath_or_buffer, **kwds)
  File ""/opt/hostedtoolcache/Python/3.13.13/x64/lib/python3.13/site-packages/pandas/io/parsers/readers.py"", line 1645, in __init__
    self._engine = self._make_engine(f, self.engine)
                   ~~~~~~~~~~~~~~~~~^^^^^^^^^^^^^^^^
  File ""/opt/hostedtoolcache/Python/3.13.13/x64/lib/python3.13/site-packages/pandas/io/parsers/readers.py"", line 1904, in _make_engine
    self.handles = get_handle(
                   ~~~~~~~~~~^
        f,
        ^^
    ...<6 lines>...
        storage_options=self.options.get(""storage_options"", None),
        ^^^^^^^^^^^^^^^^^^^^^^^^^^^^^^^^^^^^^^^^^^^^^^^^^^^^^^^^^^
    )
    ^
  File ""/opt/hostedtoolcache/Python/3.13.13/x64/lib/python3.13/site-packages/pandas/io/common.py"", line 926, in get_handle
    handle = open(
        handle,
    ...<3 lines>...
        newline="""",
    )
FileNotFoundError: [Errno 2] No such file or directory: '/home/runner/work/heatpulse-rajasthan/heatpulse-rajasthan/docs/step9_api_config_template.csv'

",/home/runner/work/heatpulse-rajasthan/heatpulse-rajasthan/outputs/api_daily_top10_guarded.csv,/home/runner/work/heatpulse-rajasthan/heatpulse-rajasthan/docs/step10_data_reliability_report.csv,legacy_v1,baseline_logistic_step4
2026-05-10 14:20:23,partial_success,75555,2025-12-30,0.85,/home/runner/work/heatpulse-rajasthan/heatpulse-rajasthan/outputs/daily_alerts_auto.csv,/home/runner/work/heatpulse-rajasthan/heatpulse-rajasthan/outputs/daily_top10_auto.csv,/home/runner/work/heatpulse-rajasthan/heatpulse-rajasthan/outputs/latest_day_top10_auto.csv,stale_fallback,/home/runner/work/heatpulse-rajasthan/heatpulse-rajasthan/data/raw/api_daily_weather_20260508.csv,/home/runner/work/heatpulse-rajasthan/heatpulse-rajasthan/outputs/api_forecast_alerts_step9_guarded.csv,/home/runner/work/heatpulse-rajasthan/heatpulse-rajasthan/outputs/api_latest_top10_guarded.csv,"quality_mode=fallback_after_fetch_error; valid_archive_files=3; invalid_archive_files=0
Live API fetch failed; used fallback file: /home/runner/work/heatpulse-rajasthan/heatpulse-rajasthan/data/raw/api_daily_weather_20260508.csv
Error: API fetch failed.
STDOUT:

STDERR:
Traceback (most recent call last):
  File ""/home/runner/work/heatpulse-rajasthan/heatpulse-rajasthan/scripts/fetch_daily_weather_api.py"", line 18, in <module>
    cfg = pd.read_csv(DOCS / ""step9_api_config_template.csv"")
  File ""/opt/hostedtoolcache/Python/3.13.13/x64/lib/python3.13/site-packages/pandas/io/parsers/readers.py"", line 873, in read_csv
    return _read(filepath_or_buffer, kwds)
  File ""/opt/hostedtoolcache/Python/3.13.13/x64/lib/python3.13/site-packages/pandas/io/parsers/readers.py"", line 300, in _read
    parser = TextFileReader(filepath_or_buffer, **kwds)
  File ""/opt/hostedtoolcache/Python/3.13.13/x64/lib/python3.13/site-packages/pandas/io/parsers/readers.py"", line 1645, in __init__
    self._engine = self._make_engine(f, self.engine)
                   ~~~~~~~~~~~~~~~~~^^^^^^^^^^^^^^^^
  File ""/opt/hostedtoolcache/Python/3.13.13/x64/lib/python3.13/site-packages/pandas/io/parsers/readers.py"", line 1904, in _make_engine
    self.handles = get_handle(
                   ~~~~~~~~~~^
        f,
        ^^
    ...<6 lines>...
        storage_options=self.options.get(""storage_options"", None),
        ^^^^^^^^^^^^^^^^^^^^^^^^^^^^^^^^^^^^^^^^^^^^^^^^^^^^^^^^^^
    )
    ^
  File ""/opt/hostedtoolcache/Python/3.13.13/x64/lib/python3.13/site-packages/pandas/io/common.py"", line 926, in get_handle
    handle = open(
        handle,
    ...<3 lines>...
        newline="""",
    )
FileNotFoundError: [Errno 2] No such file or directory: '/home/runner/work/heatpulse-rajasthan/heatpulse-rajasthan/docs/step9_api_config_template.csv'

",/home/runner/work/heatpulse-rajasthan/heatpulse-rajasthan/outputs/api_daily_top10_guarded.csv,/home/runner/work/heatpulse-rajasthan/heatpulse-rajasthan/docs/step10_data_reliability_report.csv,legacy_v1,baseline_logistic_step4
2026-05-10 17:53:21,partial_success,75555,2025-12-30,0.85,/home/runner/work/heatpulse-rajasthan/heatpulse-rajasthan/outputs/daily_alerts_auto.csv,/home/runner/work/heatpulse-rajasthan/heatpulse-rajasthan/outputs/daily_top10_auto.csv,/home/runner/work/heatpulse-rajasthan/heatpulse-rajasthan/outputs/latest_day_top10_auto.csv,stale_fallback,/home/runner/work/heatpulse-rajasthan/heatpulse-rajasthan/data/raw/api_daily_weather_20260508.csv,/home/runner/work/heatpulse-rajasthan/heatpulse-rajasthan/outputs/api_forecast_alerts_step9_guarded.csv,/home/runner/work/heatpulse-rajasthan/heatpulse-rajasthan/outputs/api_latest_top10_guarded.csv,"quality_mode=fallback_after_fetch_error; valid_archive_files=3; invalid_archive_files=0
Live API fetch failed; used fallback file: /home/runner/work/heatpulse-rajasthan/heatpulse-rajasthan/data/raw/api_daily_weather_20260508.csv
Error: API fetch failed.
STDOUT:

STDERR:
Traceback (most recent call last):
  File ""/home/runner/work/heatpulse-rajasthan/heatpulse-rajasthan/scripts/fetch_daily_weather_api.py"", line 18, in <module>
    cfg = pd.read_csv(DOCS / ""step9_api_config_template.csv"")
  File ""/opt/hostedtoolcache/Python/3.13.13/x64/lib/python3.13/site-packages/pandas/io/parsers/readers.py"", line 873, in read_csv
    return _read(filepath_or_buffer, kwds)
  File ""/opt/hostedtoolcache/Python/3.13.13/x64/lib/python3.13/site-packages/pandas/io/parsers/readers.py"", line 300, in _read
    parser = TextFileReader(filepath_or_buffer, **kwds)
  File ""/opt/hostedtoolcache/Python/3.13.13/x64/lib/python3.13/site-packages/pandas/io/parsers/readers.py"", line 1645, in __init__
    self._engine = self._make_engine(f, self.engine)
                   ~~~~~~~~~~~~~~~~~^^^^^^^^^^^^^^^^
  File ""/opt/hostedtoolcache/Python/3.13.13/x64/lib/python3.13/site-packages/pandas/io/parsers/readers.py"", line 1904, in _make_engine
    self.handles = get_handle(
                   ~~~~~~~~~~^
        f,
        ^^
    ...<6 lines>...
        storage_options=self.options.get(""storage_options"", None),
        ^^^^^^^^^^^^^^^^^^^^^^^^^^^^^^^^^^^^^^^^^^^^^^^^^^^^^^^^^^
    )
    ^
  File ""/opt/hostedtoolcache/Python/3.13.13/x64/lib/python3.13/site-packages/pandas/io/common.py"", line 926, in get_handle
    handle = open(
        handle,
    ...<3 lines>...
        newline="""",
    )
FileNotFoundError: [Errno 2] No such file or directory: '/home/runner/work/heatpulse-rajasthan/heatpulse-rajasthan/docs/step9_api_config_template.csv'

",/home/runner/work/heatpulse-rajasthan/heatpulse-rajasthan/outputs/api_daily_top10_guarded.csv,/home/runner/work/heatpulse-rajasthan/heatpulse-rajasthan/docs/step10_data_reliability_report.csv,legacy_v1,baseline_logistic_step4
2026-05-11 04:58:52,partial_success,75555,2025-12-30,0.85,/home/runner/work/heatpulse-rajasthan/heatpulse-rajasthan/outputs/daily_alerts_auto.csv,/home/runner/work/heatpulse-rajasthan/heatpulse-rajasthan/outputs/daily_top10_auto.csv,/home/runner/work/heatpulse-rajasthan/heatpulse-rajasthan/outputs/latest_day_top10_auto.csv,stale_fallback,/home/runner/work/heatpulse-rajasthan/heatpulse-rajasthan/data/raw/api_daily_weather_20260508.csv,/home/runner/work/heatpulse-rajasthan/heatpulse-rajasthan/outputs/api_forecast_alerts_step9_guarded.csv,/home/runner/work/heatpulse-rajasthan/heatpulse-rajasthan/outputs/api_latest_top10_guarded.csv,"quality_mode=fallback_after_fetch_error; valid_archive_files=3; invalid_archive_files=0
Live API fetch failed; used fallback file: /home/runner/work/heatpulse-rajasthan/heatpulse-rajasthan/data/raw/api_daily_weather_20260508.csv
Error: API fetch failed.
STDOUT:

STDERR:
Traceback (most recent call last):
  File ""/home/runner/work/heatpulse-rajasthan/heatpulse-rajasthan/scripts/fetch_daily_weather_api.py"", line 18, in <module>
    cfg = pd.read_csv(DOCS / ""step9_api_config_template.csv"")
  File ""/opt/hostedtoolcache/Python/3.13.13/x64/lib/python3.13/site-packages/pandas/io/parsers/readers.py"", line 873, in read_csv
    return _read(filepath_or_buffer, kwds)
  File ""/opt/hostedtoolcache/Python/3.13.13/x64/lib/python3.13/site-packages/pandas/io/parsers/readers.py"", line 300, in _read
    parser = TextFileReader(filepath_or_buffer, **kwds)
  File ""/opt/hostedtoolcache/Python/3.13.13/x64/lib/python3.13/site-packages/pandas/io/parsers/readers.py"", line 1645, in __init__
    self._engine = self._make_engine(f, self.engine)
                   ~~~~~~~~~~~~~~~~~^^^^^^^^^^^^^^^^
  File ""/opt/hostedtoolcache/Python/3.13.13/x64/lib/python3.13/site-packages/pandas/io/parsers/readers.py"", line 1904, in _make_engine
    self.handles = get_handle(
                   ~~~~~~~~~~^
        f,
        ^^
    ...<6 lines>...
        storage_options=self.options.get(""storage_options"", None),
        ^^^^^^^^^^^^^^^^^^^^^^^^^^^^^^^^^^^^^^^^^^^^^^^^^^^^^^^^^^
    )
    ^
  File ""/opt/hostedtoolcache/Python/3.13.13/x64/lib/python3.13/site-packages/pandas/io/common.py"", line 926, in get_handle
    handle = open(
        handle,
    ...<3 lines>...
        newline="""",
    )
FileNotFoundError: [Errno 2] No such file or directory: '/home/runner/work/heatpulse-rajasthan/heatpulse-rajasthan/docs/step9_api_config_template.csv'

",/home/runner/work/heatpulse-rajasthan/heatpulse-rajasthan/outputs/api_daily_top10_guarded.csv,/home/runner/work/heatpulse-rajasthan/heatpulse-rajasthan/docs/step10_data_reliability_report.csv,legacy_v1,baseline_logistic_step4
2026-05-11 08:31:02,partial_success,75555,2025-12-30,0.85,/home/runner/work/heatpulse-rajasthan/heatpulse-rajasthan/outputs/daily_alerts_auto.csv,/home/runner/work/heatpulse-rajasthan/heatpulse-rajasthan/outputs/daily_top10_auto.csv,/home/runner/work/heatpulse-rajasthan/heatpulse-rajasthan/outputs/latest_day_top10_auto.csv,stale_fallback,/home/runner/work/heatpulse-rajasthan/heatpulse-rajasthan/data/raw/api_daily_weather_20260508.csv,/home/runner/work/heatpulse-rajasthan/heatpulse-rajasthan/outputs/api_forecast_alerts_step9_guarded.csv,/home/runner/work/heatpulse-rajasthan/heatpulse-rajasthan/outputs/api_latest_top10_guarded.csv,"quality_mode=fallback_after_fetch_error; valid_archive_files=3; invalid_archive_files=0
Live API fetch failed; used fallback file: /home/runner/work/heatpulse-rajasthan/heatpulse-rajasthan/data/raw/api_daily_weather_20260508.csv
Error: API fetch failed.
STDOUT:

STDERR:
Traceback (most recent call last):
  File ""/home/runner/work/heatpulse-rajasthan/heatpulse-rajasthan/scripts/fetch_daily_weather_api.py"", line 18, in <module>
    cfg = pd.read_csv(DOCS / ""step9_api_config_template.csv"")
  File ""/opt/hostedtoolcache/Python/3.13.13/x64/lib/python3.13/site-packages/pandas/io/parsers/readers.py"", line 873, in read_csv
    return _read(filepath_or_buffer, kwds)
  File ""/opt/hostedtoolcache/Python/3.13.13/x64/lib/python3.13/site-packages/pandas/io/parsers/readers.py"", line 300, in _read
    parser = TextFileReader(filepath_or_buffer, **kwds)
  File ""/opt/hostedtoolcache/Python/3.13.13/x64/lib/python3.13/site-packages/pandas/io/parsers/readers.py"", line 1645, in __init__
    self._engine = self._make_engine(f, self.engine)
                   ~~~~~~~~~~~~~~~~~^^^^^^^^^^^^^^^^
  File ""/opt/hostedtoolcache/Python/3.13.13/x64/lib/python3.13/site-packages/pandas/io/parsers/readers.py"", line 1904, in _make_engine
    self.handles = get_handle(
                   ~~~~~~~~~~^
        f,
        ^^
    ...<6 lines>...
        storage_options=self.options.get(""storage_options"", None),
        ^^^^^^^^^^^^^^^^^^^^^^^^^^^^^^^^^^^^^^^^^^^^^^^^^^^^^^^^^^
    )
    ^
  File ""/opt/hostedtoolcache/Python/3.13.13/x64/lib/python3.13/site-packages/pandas/io/common.py"", line 926, in get_handle
    handle = open(
        handle,
    ...<3 lines>...
        newline="""",
    )
FileNotFoundError: [Errno 2] No such file or directory: '/home/runner/work/heatpulse-rajasthan/heatpulse-rajasthan/docs/step9_api_config_template.csv'

",/home/runner/work/heatpulse-rajasthan/heatpulse-rajasthan/outputs/api_daily_top10_guarded.csv,/home/runner/work/heatpulse-rajasthan/heatpulse-rajasthan/docs/step10_data_reliability_report.csv,legacy_v1,baseline_logistic_step4
2026-05-11 12:12:28,partial_success,75555,2025-12-30,0.85,/home/runner/work/heatpulse-rajasthan/heatpulse-rajasthan/outputs/daily_alerts_auto.csv,/home/runner/work/heatpulse-rajasthan/heatpulse-rajasthan/outputs/daily_top10_auto.csv,/home/runner/work/heatpulse-rajasthan/heatpulse-rajasthan/outputs/latest_day_top10_auto.csv,stale_fallback,/home/runner/work/heatpulse-rajasthan/heatpulse-rajasthan/data/raw/api_daily_weather_20260508.csv,/home/runner/work/heatpulse-rajasthan/heatpulse-rajasthan/outputs/api_forecast_alerts_step9_guarded.csv,/home/runner/work/heatpulse-rajasthan/heatpulse-rajasthan/outputs/api_latest_top10_guarded.csv,"quality_mode=fallback_after_fetch_error; valid_archive_files=3; invalid_archive_files=0
Live API fetch failed; used fallback file: /home/runner/work/heatpulse-rajasthan/heatpulse-rajasthan/data/raw/api_daily_weather_20260508.csv
Error: API fetch failed.
STDOUT:

STDERR:
Traceback (most recent call last):
  File ""/home/runner/work/heatpulse-rajasthan/heatpulse-rajasthan/scripts/fetch_daily_weather_api.py"", line 18, in <module>
    cfg = pd.read_csv(DOCS / ""step9_api_config_template.csv"")
  File ""/opt/hostedtoolcache/Python/3.13.13/x64/lib/python3.13/site-packages/pandas/io/parsers/readers.py"", line 873, in read_csv
    return _read(filepath_or_buffer, kwds)
  File ""/opt/hostedtoolcache/Python/3.13.13/x64/lib/python3.13/site-packages/pandas/io/parsers/readers.py"", line 300, in _read
    parser = TextFileReader(filepath_or_buffer, **kwds)
  File ""/opt/hostedtoolcache/Python/3.13.13/x64/lib/python3.13/site-packages/pandas/io/parsers/readers.py"", line 1645, in __init__
    self._engine = self._make_engine(f, self.engine)
                   ~~~~~~~~~~~~~~~~~^^^^^^^^^^^^^^^^
  File ""/opt/hostedtoolcache/Python/3.13.13/x64/lib/python3.13/site-packages/pandas/io/parsers/readers.py"", line 1904, in _make_engine
    self.handles = get_handle(
                   ~~~~~~~~~~^
        f,
        ^^
    ...<6 lines>...
        storage_options=self.options.get(""storage_options"", None),
        ^^^^^^^^^^^^^^^^^^^^^^^^^^^^^^^^^^^^^^^^^^^^^^^^^^^^^^^^^^
    )
    ^
  File ""/opt/hostedtoolcache/Python/3.13.13/x64/lib/python3.13/site-packages/pandas/io/common.py"", line 926, in get_handle
    handle = open(
        handle,
    ...<3 lines>...
        newline="""",
    )
FileNotFoundError: [Errno 2] No such file or directory: '/home/runner/work/heatpulse-rajasthan/heatpulse-rajasthan/docs/step9_api_config_template.csv'

",/home/runner/work/heatpulse-rajasthan/heatpulse-rajasthan/outputs/api_daily_top10_guarded.csv,/home/runner/work/heatpulse-rajasthan/heatpulse-rajasthan/docs/step10_data_reliability_report.csv,legacy_v1,baseline_logistic_step4
2026-05-11 15:56:53,partial_success,75555,2025-12-30,0.85,/home/runner/work/heatpulse-rajasthan/heatpulse-rajasthan/outputs/daily_alerts_auto.csv,/home/runner/work/heatpulse-rajasthan/heatpulse-rajasthan/outputs/daily_top10_auto.csv,/home/runner/work/heatpulse-rajasthan/heatpulse-rajasthan/outputs/latest_day_top10_auto.csv,stale_fallback,/home/runner/work/heatpulse-rajasthan/heatpulse-rajasthan/data/raw/api_daily_weather_20260508.csv,/home/runner/work/heatpulse-rajasthan/heatpulse-rajasthan/outputs/api_forecast_alerts_step9_guarded.csv,/home/runner/work/heatpulse-rajasthan/heatpulse-rajasthan/outputs/api_latest_top10_guarded.csv,"quality_mode=fallback_after_fetch_error; valid_archive_files=3; invalid_archive_files=0
Live API fetch failed; used fallback file: /home/runner/work/heatpulse-rajasthan/heatpulse-rajasthan/data/raw/api_daily_weather_20260508.csv
Error: API fetch failed.
STDOUT:

STDERR:
Traceback (most recent call last):
  File ""/home/runner/work/heatpulse-rajasthan/heatpulse-rajasthan/scripts/fetch_daily_weather_api.py"", line 18, in <module>
    cfg = pd.read_csv(DOCS / ""step9_api_config_template.csv"")
  File ""/opt/hostedtoolcache/Python/3.13.13/x64/lib/python3.13/site-packages/pandas/io/parsers/readers.py"", line 873, in read_csv
    return _read(filepath_or_buffer, kwds)
  File ""/opt/hostedtoolcache/Python/3.13.13/x64/lib/python3.13/site-packages/pandas/io/parsers/readers.py"", line 300, in _read
    parser = TextFileReader(filepath_or_buffer, **kwds)
  File ""/opt/hostedtoolcache/Python/3.13.13/x64/lib/python3.13/site-packages/pandas/io/parsers/readers.py"", line 1645, in __init__
    self._engine = self._make_engine(f, self.engine)
                   ~~~~~~~~~~~~~~~~~^^^^^^^^^^^^^^^^
  File ""/opt/hostedtoolcache/Python/3.13.13/x64/lib/python3.13/site-packages/pandas/io/parsers/readers.py"", line 1904, in _make_engine
    self.handles = get_handle(
                   ~~~~~~~~~~^
        f,
        ^^
    ...<6 lines>...
        storage_options=self.options.get(""storage_options"", None),
        ^^^^^^^^^^^^^^^^^^^^^^^^^^^^^^^^^^^^^^^^^^^^^^^^^^^^^^^^^^
    )
    ^
  File ""/opt/hostedtoolcache/Python/3.13.13/x64/lib/python3.13/site-packages/pandas/io/common.py"", line 926, in get_handle
    handle = open(
        handle,
    ...<3 lines>...
        newline="""",
    )
FileNotFoundError: [Errno 2] No such file or directory: '/home/runner/work/heatpulse-rajasthan/heatpulse-rajasthan/docs/step9_api_config_template.csv'

",/home/runner/work/heatpulse-rajasthan/heatpulse-rajasthan/outputs/api_daily_top10_guarded.csv,/home/runner/work/heatpulse-rajasthan/heatpulse-rajasthan/docs/step10_data_reliability_report.csv,legacy_v1,baseline_logistic_step4
2026-05-11 18:59:17,partial_success,75555,2025-12-30,0.85,/home/runner/work/heatpulse-rajasthan/heatpulse-rajasthan/outputs/daily_alerts_auto.csv,/home/runner/work/heatpulse-rajasthan/heatpulse-rajasthan/outputs/daily_top10_auto.csv,/home/runner/work/heatpulse-rajasthan/heatpulse-rajasthan/outputs/latest_day_top10_auto.csv,stale_fallback,/home/runner/work/heatpulse-rajasthan/heatpulse-rajasthan/data/raw/api_daily_weather_20260508.csv,/home/runner/work/heatpulse-rajasthan/heatpulse-rajasthan/outputs/api_forecast_alerts_step9_guarded.csv,/home/runner/work/heatpulse-rajasthan/heatpulse-rajasthan/outputs/api_latest_top10_guarded.csv,"quality_mode=fallback_after_fetch_error; valid_archive_files=3; invalid_archive_files=0
Live API fetch failed; used fallback file: /home/runner/work/heatpulse-rajasthan/heatpulse-rajasthan/data/raw/api_daily_weather_20260508.csv
Error: API fetch failed.
STDOUT:

STDERR:
Traceback (most recent call last):
  File ""/home/runner/work/heatpulse-rajasthan/heatpulse-rajasthan/scripts/fetch_daily_weather_api.py"", line 18, in <module>
    cfg = pd.read_csv(DOCS / ""step9_api_config_template.csv"")
  File ""/opt/hostedtoolcache/Python/3.13.13/x64/lib/python3.13/site-packages/pandas/io/parsers/readers.py"", line 873, in read_csv
    return _read(filepath_or_buffer, kwds)
  File ""/opt/hostedtoolcache/Python/3.13.13/x64/lib/python3.13/site-packages/pandas/io/parsers/readers.py"", line 300, in _read
    parser = TextFileReader(filepath_or_buffer, **kwds)
  File ""/opt/hostedtoolcache/Python/3.13.13/x64/lib/python3.13/site-packages/pandas/io/parsers/readers.py"", line 1645, in __init__
    self._engine = self._make_engine(f, self.engine)
                   ~~~~~~~~~~~~~~~~~^^^^^^^^^^^^^^^^
  File ""/opt/hostedtoolcache/Python/3.13.13/x64/lib/python3.13/site-packages/pandas/io/parsers/readers.py"", line 1904, in _make_engine
    self.handles = get_handle(
                   ~~~~~~~~~~^
        f,
        ^^
    ...<6 lines>...
        storage_options=self.options.get(""storage_options"", None),
        ^^^^^^^^^^^^^^^^^^^^^^^^^^^^^^^^^^^^^^^^^^^^^^^^^^^^^^^^^^
    )
    ^
  File ""/opt/hostedtoolcache/Python/3.13.13/x64/lib/python3.13/site-packages/pandas/io/common.py"", line 930, in get_handle
    handle = open(
        handle,
    ...<3 lines>...
        newline="""",
    )
FileNotFoundError: [Errno 2] No such file or directory: '/home/runner/work/heatpulse-rajasthan/heatpulse-rajasthan/docs/step9_api_config_template.csv'

",/home/runner/work/heatpulse-rajasthan/heatpulse-rajasthan/outputs/api_daily_top10_guarded.csv,/home/runner/work/heatpulse-rajasthan/heatpulse-rajasthan/docs/step10_data_reliability_report.csv,legacy_v1,baseline_logistic_step4
2026-05-12 04:36:14,partial_success,75555,2025-12-30,0.85,/home/runner/work/heatpulse-rajasthan/heatpulse-rajasthan/outputs/daily_alerts_auto.csv,/home/runner/work/heatpulse-rajasthan/heatpulse-rajasthan/outputs/daily_top10_auto.csv,/home/runner/work/heatpulse-rajasthan/heatpulse-rajasthan/outputs/latest_day_top10_auto.csv,stale_fallback,/home/runner/work/heatpulse-rajasthan/heatpulse-rajasthan/data/raw/api_daily_weather_20260508.csv,/home/runner/work/heatpulse-rajasthan/heatpulse-rajasthan/outputs/api_forecast_alerts_step9_guarded.csv,/home/runner/work/heatpulse-rajasthan/heatpulse-rajasthan/outputs/api_latest_top10_guarded.csv,"quality_mode=fallback_after_fetch_error; valid_archive_files=3; invalid_archive_files=0
Live API fetch failed; used fallback file: /home/runner/work/heatpulse-rajasthan/heatpulse-rajasthan/data/raw/api_daily_weather_20260508.csv
Error: API fetch failed.
STDOUT:

STDERR:
Traceback (most recent call last):
  File ""/home/runner/work/heatpulse-rajasthan/heatpulse-rajasthan/scripts/fetch_daily_weather_api.py"", line 18, in <module>
    cfg = pd.read_csv(DOCS / ""step9_api_config_template.csv"")
  File ""/opt/hostedtoolcache/Python/3.13.13/x64/lib/python3.13/site-packages/pandas/io/parsers/readers.py"", line 873, in read_csv
    return _read(filepath_or_buffer, kwds)
  File ""/opt/hostedtoolcache/Python/3.13.13/x64/lib/python3.13/site-packages/pandas/io/parsers/readers.py"", line 300, in _read
    parser = TextFileReader(filepath_or_buffer, **kwds)
  File ""/opt/hostedtoolcache/Python/3.13.13/x64/lib/python3.13/site-packages/pandas/io/parsers/readers.py"", line 1645, in __init__
    self._engine = self._make_engine(f, self.engine)
                   ~~~~~~~~~~~~~~~~~^^^^^^^^^^^^^^^^
  File ""/opt/hostedtoolcache/Python/3.13.13/x64/lib/python3.13/site-packages/pandas/io/parsers/readers.py"", line 1904, in _make_engine
    self.handles = get_handle(
                   ~~~~~~~~~~^
        f,
        ^^
    ...<6 lines>...
        storage_options=self.options.get(""storage_options"", None),
        ^^^^^^^^^^^^^^^^^^^^^^^^^^^^^^^^^^^^^^^^^^^^^^^^^^^^^^^^^^
    )
    ^
  File ""/opt/hostedtoolcache/Python/3.13.13/x64/lib/python3.13/site-packages/pandas/io/common.py"", line 930, in get_handle
    handle = open(
        handle,
    ...<3 lines>...
        newline="""",
    )
FileNotFoundError: [Errno 2] No such file or directory: '/home/runner/work/heatpulse-rajasthan/heatpulse-rajasthan/docs/step9_api_config_template.csv'

",/home/runner/work/heatpulse-rajasthan/heatpulse-rajasthan/outputs/api_daily_top10_guarded.csv,/home/runner/work/heatpulse-rajasthan/heatpulse-rajasthan/docs/step10_data_reliability_report.csv,legacy_v1,baseline_logistic_step4
2026-05-12 04:45:11,partial_success,75555,2025-12-30,0.85,/home/runner/work/heatpulse-rajasthan/heatpulse-rajasthan/outputs/daily_alerts_auto.csv,/home/runner/work/heatpulse-rajasthan/heatpulse-rajasthan/outputs/daily_top10_auto.csv,/home/runner/work/heatpulse-rajasthan/heatpulse-rajasthan/outputs/latest_day_top10_auto.csv,stale_fallback,/home/runner/work/heatpulse-rajasthan/heatpulse-rajasthan/data/raw/api_daily_weather_20260508.csv,/home/runner/work/heatpulse-rajasthan/heatpulse-rajasthan/outputs/api_forecast_alerts_step9_guarded.csv,/home/runner/work/heatpulse-rajasthan/heatpulse-rajasthan/outputs/api_latest_top10_guarded.csv,"quality_mode=fallback_after_fetch_error; valid_archive_files=3; invalid_archive_files=0
Live API fetch failed; used fallback file: /home/runner/work/heatpulse-rajasthan/heatpulse-rajasthan/data/raw/api_daily_weather_20260508.csv
Error: API fetch failed.
STDOUT:

STDERR:
Traceback (most recent call last):
  File ""/home/runner/work/heatpulse-rajasthan/heatpulse-rajasthan/scripts/fetch_daily_weather_api.py"", line 18, in <module>
    cfg = pd.read_csv(DOCS / ""step9_api_config_template.csv"")
  File ""/opt/hostedtoolcache/Python/3.13.13/x64/lib/python3.13/site-packages/pandas/io/parsers/readers.py"", line 873, in read_csv
    return _read(filepath_or_buffer, kwds)
  File ""/opt/hostedtoolcache/Python/3.13.13/x64/lib/python3.13/site-packages/pandas/io/parsers/readers.py"", line 300, in _read
    parser = TextFileReader(filepath_or_buffer, **kwds)
  File ""/opt/hostedtoolcache/Python/3.13.13/x64/lib/python3.13/site-packages/pandas/io/parsers/readers.py"", line 1645, in __init__
    self._engine = self._make_engine(f, self.engine)
                   ~~~~~~~~~~~~~~~~~^^^^^^^^^^^^^^^^
  File ""/opt/hostedtoolcache/Python/3.13.13/x64/lib/python3.13/site-packages/pandas/io/parsers/readers.py"", line 1904, in _make_engine
    self.handles = get_handle(
                   ~~~~~~~~~~^
        f,
        ^^
    ...<6 lines>...
        storage_options=self.options.get(""storage_options"", None),
        ^^^^^^^^^^^^^^^^^^^^^^^^^^^^^^^^^^^^^^^^^^^^^^^^^^^^^^^^^^
    )
    ^
  File ""/opt/hostedtoolcache/Python/3.13.13/x64/lib/python3.13/site-packages/pandas/io/common.py"", line 930, in get_handle
    handle = open(
        handle,
    ...<3 lines>...
        newline="""",
    )
FileNotFoundError: [Errno 2] No such file or directory: '/home/runner/work/heatpulse-rajasthan/heatpulse-rajasthan/docs/step9_api_config_template.csv'

",/home/runner/work/heatpulse-rajasthan/heatpulse-rajasthan/outputs/api_daily_top10_guarded.csv,/home/runner/work/heatpulse-rajasthan/heatpulse-rajasthan/docs/step10_data_reliability_report.csv,legacy_v1,baseline_logistic_step4
2026-05-12 04:55:23,partial_success,75555,2025-12-30,0.85,/home/runner/work/heatpulse-rajasthan/heatpulse-rajasthan/outputs/daily_alerts_auto.csv,/home/runner/work/heatpulse-rajasthan/heatpulse-rajasthan/outputs/daily_top10_auto.csv,/home/runner/work/heatpulse-rajasthan/heatpulse-rajasthan/outputs/latest_day_top10_auto.csv,stale_fallback,/home/runner/work/heatpulse-rajasthan/heatpulse-rajasthan/data/raw/api_daily_weather_20260512.csv,/home/runner/work/heatpulse-rajasthan/heatpulse-rajasthan/outputs/api_forecast_alerts_step9_guarded.csv,/home/runner/work/heatpulse-rajasthan/heatpulse-rajasthan/outputs/api_latest_top10_guarded.csv,"quality_mode=fallback_after_fetch_error; valid_archive_files=5; invalid_archive_files=0
Live API fetch failed; used fallback file: /home/runner/work/heatpulse-rajasthan/heatpulse-rajasthan/data/raw/api_daily_weather_20260512.csv
Error: API fetch failed.
STDOUT:

STDERR:
Traceback (most recent call last):
  File ""/home/runner/work/heatpulse-rajasthan/heatpulse-rajasthan/scripts/fetch_daily_weather_api.py"", line 18, in <module>
    cfg = pd.read_csv(DOCS / ""step9_api_config_template.csv"")
  File ""/opt/hostedtoolcache/Python/3.13.13/x64/lib/python3.13/site-packages/pandas/io/parsers/readers.py"", line 873, in read_csv
    return _read(filepath_or_buffer, kwds)
  File ""/opt/hostedtoolcache/Python/3.13.13/x64/lib/python3.13/site-packages/pandas/io/parsers/readers.py"", line 300, in _read
    parser = TextFileReader(filepath_or_buffer, **kwds)
  File ""/opt/hostedtoolcache/Python/3.13.13/x64/lib/python3.13/site-packages/pandas/io/parsers/readers.py"", line 1645, in __init__
    self._engine = self._make_engine(f, self.engine)
                   ~~~~~~~~~~~~~~~~~^^^^^^^^^^^^^^^^
  File ""/opt/hostedtoolcache/Python/3.13.13/x64/lib/python3.13/site-packages/pandas/io/parsers/readers.py"", line 1904, in _make_engine
    self.handles = get_handle(
                   ~~~~~~~~~~^
        f,
        ^^
    ...<6 lines>...
        storage_options=self.options.get(""storage_options"", None),
        ^^^^^^^^^^^^^^^^^^^^^^^^^^^^^^^^^^^^^^^^^^^^^^^^^^^^^^^^^^
    )
    ^
  File ""/opt/hostedtoolcache/Python/3.13.13/x64/lib/python3.13/site-packages/pandas/io/common.py"", line 930, in get_handle
    handle = open(
        handle,
    ...<3 lines>...
        newline="""",
    )
FileNotFoundError: [Errno 2] No such file or directory: '/home/runner/work/heatpulse-rajasthan/heatpulse-rajasthan/docs/step9_api_config_template.csv'

",/home/runner/work/heatpulse-rajasthan/heatpulse-rajasthan/outputs/api_daily_top10_guarded.csv,/home/runner/work/heatpulse-rajasthan/heatpulse-rajasthan/docs/step10_data_reliability_report.csv,legacy_v1,baseline_logistic_step4
2026-05-12 05:01:08,partial_success,75555,2025-12-30,0.85,/home/runner/work/heatpulse-rajasthan/heatpulse-rajasthan/outputs/daily_alerts_auto.csv,/home/runner/work/heatpulse-rajasthan/heatpulse-rajasthan/outputs/daily_top10_auto.csv,/home/runner/work/heatpulse-rajasthan/heatpulse-rajasthan/outputs/latest_day_top10_auto.csv,stale_fallback,/home/runner/work/heatpulse-rajasthan/heatpulse-rajasthan/data/raw/api_daily_weather_20260512.csv,/home/runner/work/heatpulse-rajasthan/heatpulse-rajasthan/outputs/api_forecast_alerts_step9_guarded.csv,/home/runner/work/heatpulse-rajasthan/heatpulse-rajasthan/outputs/api_latest_top10_guarded.csv,"quality_mode=fallback_after_fetch_error; valid_archive_files=5; invalid_archive_files=0
Live API fetch failed; used fallback file: /home/runner/work/heatpulse-rajasthan/heatpulse-rajasthan/data/raw/api_daily_weather_20260512.csv
Error: API fetch failed.
STDOUT:

STDERR:
Traceback (most recent call last):
  File ""/home/runner/work/heatpulse-rajasthan/heatpulse-rajasthan/scripts/fetch_daily_weather_api.py"", line 18, in <module>
    cfg = pd.read_csv(DOCS / ""step9_api_config_template.csv"")
  File ""/opt/hostedtoolcache/Python/3.13.13/x64/lib/python3.13/site-packages/pandas/io/parsers/readers.py"", line 873, in read_csv
    return _read(filepath_or_buffer, kwds)
  File ""/opt/hostedtoolcache/Python/3.13.13/x64/lib/python3.13/site-packages/pandas/io/parsers/readers.py"", line 300, in _read
    parser = TextFileReader(filepath_or_buffer, **kwds)
  File ""/opt/hostedtoolcache/Python/3.13.13/x64/lib/python3.13/site-packages/pandas/io/parsers/readers.py"", line 1645, in __init__
    self._engine = self._make_engine(f, self.engine)
                   ~~~~~~~~~~~~~~~~~^^^^^^^^^^^^^^^^
  File ""/opt/hostedtoolcache/Python/3.13.13/x64/lib/python3.13/site-packages/pandas/io/parsers/readers.py"", line 1904, in _make_engine
    self.handles = get_handle(
                   ~~~~~~~~~~^
        f,
        ^^
    ...<6 lines>...
        storage_options=self.options.get(""storage_options"", None),
        ^^^^^^^^^^^^^^^^^^^^^^^^^^^^^^^^^^^^^^^^^^^^^^^^^^^^^^^^^^
    )
    ^
  File ""/opt/hostedtoolcache/Python/3.13.13/x64/lib/python3.13/site-packages/pandas/io/common.py"", line 930, in get_handle
    handle = open(
        handle,
    ...<3 lines>...
        newline="""",
    )
FileNotFoundError: [Errno 2] No such file or directory: '/home/runner/work/heatpulse-rajasthan/heatpulse-rajasthan/docs/step9_api_config_template.csv'

",/home/runner/work/heatpulse-rajasthan/heatpulse-rajasthan/outputs/api_daily_top10_guarded.csv,/home/runner/work/heatpulse-rajasthan/heatpulse-rajasthan/docs/step10_data_reliability_report.csv,legacy_v1,baseline_logistic_step4
2026-05-12 06:58:27,success,75555,2025-12-30,0.85,/home/runner/work/heatpulse-rajasthan/heatpulse-rajasthan/outputs/daily_alerts_auto.csv,/home/runner/work/heatpulse-rajasthan/heatpulse-rajasthan/outputs/daily_top10_auto.csv,/home/runner/work/heatpulse-rajasthan/heatpulse-rajasthan/outputs/latest_day_top10_auto.csv,success,/home/runner/work/heatpulse-rajasthan/heatpulse-rajasthan/data/raw/api_daily_weather_20260512.csv,/home/runner/work/heatpulse-rajasthan/heatpulse-rajasthan/outputs/api_forecast_alerts_step9_guarded.csv,/home/runner/work/heatpulse-rajasthan/heatpulse-rajasthan/outputs/api_latest_top10_guarded.csv,"quality_mode=live_valid; selected_file=/home/runner/work/heatpulse-rajasthan/heatpulse-rajasthan/data/raw/api_daily_weather_20260512.csv
Batch API fetch rows: 46
Saved API daily weather file: /home/runner/work/heatpulse-rajasthan/heatpulse-rajasthan/data/raw/api_daily_weather_20260512.csv
Shape: (46, 6)
         date  district  rain_mm  tmax_c  tmin_c  tavg_c
0  2026-05-12     Ajmer      0.0    40.9    30.0   35.45
1  2026-05-13     Ajmer      0.0    41.3    28.0   34.65
2  2026-05-12     Alwar      0.0    40.6    25.4   33.00
3  2026-05-13     Alwar      0.0    38.8    24.9   31.85
4  2026-05-12  Banswara      0.0    43.2    27.4   35.30
",/home/runner/work/heatpulse-rajasthan/heatpulse-rajasthan/outputs/api_daily_top10_guarded.csv,/home/runner/work/heatpulse-rajasthan/heatpulse-rajasthan/docs/step10_data_reliability_report.csv,legacy_v1,baseline_logistic_step4
2026-05-12 07:26:51,success,75555,2025-12-30,0.85,/home/runner/work/heatpulse-rajasthan/heatpulse-rajasthan/outputs/daily_alerts_auto.csv,/home/runner/work/heatpulse-rajasthan/heatpulse-rajasthan/outputs/daily_top10_auto.csv,/home/runner/work/heatpulse-rajasthan/heatpulse-rajasthan/outputs/latest_day_top10_auto.csv,success,/home/runner/work/heatpulse-rajasthan/heatpulse-rajasthan/data/raw/api_daily_weather_20260512.csv,/home/runner/work/heatpulse-rajasthan/heatpulse-rajasthan/outputs/api_forecast_alerts_step9_guarded.csv,/home/runner/work/heatpulse-rajasthan/heatpulse-rajasthan/outputs/api_latest_top10_guarded.csv,"quality_mode=live_valid; selected_file=/home/runner/work/heatpulse-rajasthan/heatpulse-rajasthan/data/raw/api_daily_weather_20260512.csv
Batch API fetch rows: 46
Saved API daily weather file: /home/runner/work/heatpulse-rajasthan/heatpulse-rajasthan/data/raw/api_daily_weather_20260512.csv
Shape: (46, 6)
         date  district  rain_mm  tmax_c  tmin_c  tavg_c
0  2026-05-12     Ajmer      0.0    40.9    30.0   35.45
1  2026-05-13     Ajmer      0.0    41.3    28.0   34.65
2  2026-05-12     Alwar      0.0    40.6    25.4   33.00
3  2026-05-13     Alwar      0.0    38.8    24.9   31.85
4  2026-05-12  Banswara      0.0    43.2    27.4   35.30
",/home/runner/work/heatpulse-rajasthan/heatpulse-rajasthan/outputs/api_daily_top10_guarded.csv,/home/runner/work/heatpulse-rajasthan/heatpulse-rajasthan/docs/step10_data_reliability_report.csv,legacy_v1,baseline_logistic_step4
2026-05-12 07:43:03,success,75555,2025-12-30,0.85,/home/runner/work/heatpulse-rajasthan/heatpulse-rajasthan/outputs/daily_alerts_auto.csv,/home/runner/work/heatpulse-rajasthan/heatpulse-rajasthan/outputs/daily_top10_auto.csv,/home/runner/work/heatpulse-rajasthan/heatpulse-rajasthan/outputs/latest_day_top10_auto.csv,success,/home/runner/work/heatpulse-rajasthan/heatpulse-rajasthan/data/raw/api_daily_weather_20260512.csv,/home/runner/work/heatpulse-rajasthan/heatpulse-rajasthan/outputs/api_forecast_alerts_step9_guarded.csv,/home/runner/work/heatpulse-rajasthan/heatpulse-rajasthan/outputs/api_latest_top10_guarded.csv,"quality_mode=live_valid; selected_file=/home/runner/work/heatpulse-rajasthan/heatpulse-rajasthan/data/raw/api_daily_weather_20260512.csv
Batch API fetch rows: 46
Saved API daily weather file: /home/runner/work/heatpulse-rajasthan/heatpulse-rajasthan/data/raw/api_daily_weather_20260512.csv
Shape: (46, 6)
         date  district  rain_mm  tmax_c  tmin_c  tavg_c
0  2026-05-12     Ajmer      0.0    40.9    30.0   35.45
1  2026-05-13     Ajmer      0.0    41.3    28.0   34.65
2  2026-05-12     Alwar      0.0    40.6    25.4   33.00
3  2026-05-13     Alwar      0.0    38.8    24.9   31.85
4  2026-05-12  Banswara      0.0    43.2    27.4   35.30
",/home/runner/work/heatpulse-rajasthan/heatpulse-rajasthan/outputs/api_daily_top10_guarded.csv,/home/runner/work/heatpulse-rajasthan/heatpulse-rajasthan/docs/step10_data_reliability_report.csv,legacy_v1,baseline_logistic_step4
2026-05-12 09:25:14,success,75555,2025-12-30,0.85,/home/runner/work/heatpulse-rajasthan/heatpulse-rajasthan/outputs/daily_alerts_auto.csv,/home/runner/work/heatpulse-rajasthan/heatpulse-rajasthan/outputs/daily_top10_auto.csv,/home/runner/work/heatpulse-rajasthan/heatpulse-rajasthan/outputs/latest_day_top10_auto.csv,success,/home/runner/work/heatpulse-rajasthan/heatpulse-rajasthan/data/raw/api_daily_weather_20260512.csv,/home/runner/work/heatpulse-rajasthan/heatpulse-rajasthan/outputs/api_forecast_alerts_step9_guarded.csv,/home/runner/work/heatpulse-rajasthan/heatpulse-rajasthan/outputs/api_latest_top10_guarded.csv,"quality_mode=live_valid; selected_file=/home/runner/work/heatpulse-rajasthan/heatpulse-rajasthan/data/raw/api_daily_weather_20260512.csv
Batch API fetch rows: 46
Saved API daily weather file: /home/runner/work/heatpulse-rajasthan/heatpulse-rajasthan/data/raw/api_daily_weather_20260512.csv
Shape: (46, 6)
         date  district  rain_mm  tmax_c  tmin_c  tavg_c
0  2026-05-12     Ajmer      0.0    40.9    30.0   35.45
1  2026-05-13     Ajmer      0.0    41.3    28.0   34.65
2  2026-05-12     Alwar      0.0    40.6    25.4   33.00
3  2026-05-13     Alwar      0.0    38.8    24.9   31.85
4  2026-05-12  Banswara      0.0    43.2    27.4   35.30
",/home/runner/work/heatpulse-rajasthan/heatpulse-rajasthan/outputs/api_daily_top10_guarded.csv,/home/runner/work/heatpulse-rajasthan/heatpulse-rajasthan/docs/step10_data_reliability_report.csv,legacy_v1,baseline_logistic_step4
2026-05-12 09:47:57,success,75555,2025-12-30,0.85,/home/runner/work/heatpulse-rajasthan/heatpulse-rajasthan/outputs/daily_alerts_auto.csv,/home/runner/work/heatpulse-rajasthan/heatpulse-rajasthan/outputs/daily_top10_auto.csv,/home/runner/work/heatpulse-rajasthan/heatpulse-rajasthan/outputs/latest_day_top10_auto.csv,success,/home/runner/work/heatpulse-rajasthan/heatpulse-rajasthan/data/raw/api_daily_weather_20260512.csv,/home/runner/work/heatpulse-rajasthan/heatpulse-rajasthan/outputs/api_forecast_alerts_step9_guarded.csv,/home/runner/work/heatpulse-rajasthan/heatpulse-rajasthan/outputs/api_latest_top10_guarded.csv,"quality_mode=live_valid; selected_file=/home/runner/work/heatpulse-rajasthan/heatpulse-rajasthan/data/raw/api_daily_weather_20260512.csv
Batch API fetch rows: 46
Saved API daily weather file: /home/runner/work/heatpulse-rajasthan/heatpulse-rajasthan/data/raw/api_daily_weather_20260512.csv
Shape: (46, 6)
         date  district  rain_mm  tmax_c  tmin_c  tavg_c
0  2026-05-12     Ajmer      0.0    40.9    30.0   35.45
1  2026-05-13     Ajmer      0.0    41.3    28.0   34.65
2  2026-05-12     Alwar      0.0    40.6    25.4   33.00
3  2026-05-13     Alwar      0.0    38.8    24.9   31.85
4  2026-05-12  Banswara      0.0    43.2    27.4   35.30
",/home/runner/work/heatpulse-rajasthan/heatpulse-rajasthan/outputs/api_daily_top10_guarded.csv,/home/runner/work/heatpulse-rajasthan/heatpulse-rajasthan/docs/step10_data_reliability_report.csv,legacy_v1,baseline_logistic_step4
2026-05-12 10:03:20,success,75555,2025-12-30,0.85,/home/runner/work/heatpulse-rajasthan/heatpulse-rajasthan/outputs/daily_alerts_auto.csv,/home/runner/work/heatpulse-rajasthan/heatpulse-rajasthan/outputs/daily_top10_auto.csv,/home/runner/work/heatpulse-rajasthan/heatpulse-rajasthan/outputs/latest_day_top10_auto.csv,success,/home/runner/work/heatpulse-rajasthan/heatpulse-rajasthan/data/raw/api_daily_weather_20260512.csv,/home/runner/work/heatpulse-rajasthan/heatpulse-rajasthan/outputs/api_forecast_alerts_step9_guarded.csv,/home/runner/work/heatpulse-rajasthan/heatpulse-rajasthan/outputs/api_latest_top10_guarded.csv,"quality_mode=live_valid; selected_file=/home/runner/work/heatpulse-rajasthan/heatpulse-rajasthan/data/raw/api_daily_weather_20260512.csv
Batch API fetch rows: 46
Saved API daily weather file: /home/runner/work/heatpulse-rajasthan/heatpulse-rajasthan/data/raw/api_daily_weather_20260512.csv
Shape: (46, 6)
         date  district  rain_mm  tmax_c  tmin_c  tavg_c
0  2026-05-12     Ajmer      0.0    40.9    30.0   35.45
1  2026-05-13     Ajmer      0.0    41.3    28.0   34.65
2  2026-05-12     Alwar      0.0    40.6    25.4   33.00
3  2026-05-13     Alwar      0.0    38.8    24.9   31.85
4  2026-05-12  Banswara      0.0    43.2    27.4   35.30
",/home/runner/work/heatpulse-rajasthan/heatpulse-rajasthan/outputs/api_daily_top10_guarded.csv,/home/runner/work/heatpulse-rajasthan/heatpulse-rajasthan/docs/step10_data_reliability_report.csv,legacy_v1,baseline_logistic_step4
2026-05-12 10:33:39,success,75555,2025-12-30,0.85,/home/runner/work/heatpulse-rajasthan/heatpulse-rajasthan/outputs/daily_alerts_auto.csv,/home/runner/work/heatpulse-rajasthan/heatpulse-rajasthan/outputs/daily_top10_auto.csv,/home/runner/work/heatpulse-rajasthan/heatpulse-rajasthan/outputs/latest_day_top10_auto.csv,success,/home/runner/work/heatpulse-rajasthan/heatpulse-rajasthan/data/raw/api_daily_weather_20260512.csv,/home/runner/work/heatpulse-rajasthan/heatpulse-rajasthan/outputs/api_forecast_alerts_step9_guarded.csv,/home/runner/work/heatpulse-rajasthan/heatpulse-rajasthan/outputs/api_latest_top10_guarded.csv,"quality_mode=live_valid; selected_file=/home/runner/work/heatpulse-rajasthan/heatpulse-rajasthan/data/raw/api_daily_weather_20260512.csv
Batch API fetch rows: 46
Saved API daily weather file: /home/runner/work/heatpulse-rajasthan/heatpulse-rajasthan/data/raw/api_daily_weather_20260512.csv
Shape: (46, 6)
         date  district  rain_mm  tmax_c  tmin_c  tavg_c
0  2026-05-12     Ajmer      0.0    40.9    30.0   35.45
1  2026-05-13     Ajmer      0.0    41.3    28.0   34.65
2  2026-05-12     Alwar      0.0    40.6    25.4   33.00
3  2026-05-13     Alwar      0.0    38.8    24.9   31.85
4  2026-05-12  Banswara      0.0    43.2    27.4   35.30
",/home/runner/work/heatpulse-rajasthan/heatpulse-rajasthan/outputs/api_daily_top10_guarded.csv,/home/runner/work/heatpulse-rajasthan/heatpulse-rajasthan/docs/step10_data_reliability_report.csv,legacy_v1,baseline_logistic_step4
2026-05-12 10:50:15,success,75555,2025-12-30,0.85,/home/runner/work/heatpulse-rajasthan/heatpulse-rajasthan/outputs/daily_alerts_auto.csv,/home/runner/work/heatpulse-rajasthan/heatpulse-rajasthan/outputs/daily_top10_auto.csv,/home/runner/work/heatpulse-rajasthan/heatpulse-rajasthan/outputs/latest_day_top10_auto.csv,success,/home/runner/work/heatpulse-rajasthan/heatpulse-rajasthan/data/raw/api_daily_weather_20260512.csv,/home/runner/work/heatpulse-rajasthan/heatpulse-rajasthan/outputs/api_forecast_alerts_step9_guarded.csv,/home/runner/work/heatpulse-rajasthan/heatpulse-rajasthan/outputs/api_latest_top10_guarded.csv,"quality_mode=live_valid; selected_file=/home/runner/work/heatpulse-rajasthan/heatpulse-rajasthan/data/raw/api_daily_weather_20260512.csv
Batch API fetch rows: 46
Saved API daily weather file: /home/runner/work/heatpulse-rajasthan/heatpulse-rajasthan/data/raw/api_daily_weather_20260512.csv
Shape: (46, 10)
         date  district  rain_mm  ...  sunrise_local  sunset_local tavg_c
0  2026-05-12     Ajmer      0.0  ...       05:46 AM      07:09 PM  35.45
1  2026-05-13     Ajmer      0.0  ...       05:45 AM      07:09 PM  34.65
2  2026-05-12     Alwar      0.0  ...       05:36 AM      07:03 PM  33.00
3  2026-05-13     Alwar      0.0  ...       05:36 AM      07:03 PM  31.85
4  2026-05-12  Banswara      0.0  ...       05:51 AM      07:05 PM  35.30

[5 rows x 10 columns]
",/home/runner/work/heatpulse-rajasthan/heatpulse-rajasthan/outputs/api_daily_top10_guarded.csv,/home/runner/work/heatpulse-rajasthan/heatpulse-rajasthan/docs/step10_data_reliability_report.csv,legacy_v1,baseline_logistic_step4
2026-05-12 11:22:46,success,75555,2025-12-30,0.85,/home/runner/work/heatpulse-rajasthan/heatpulse-rajasthan/outputs/daily_alerts_auto.csv,/home/runner/work/heatpulse-rajasthan/heatpulse-rajasthan/outputs/daily_top10_auto.csv,/home/runner/work/heatpulse-rajasthan/heatpulse-rajasthan/outputs/latest_day_top10_auto.csv,success,/home/runner/work/heatpulse-rajasthan/heatpulse-rajasthan/data/raw/api_daily_weather_20260512.csv,/home/runner/work/heatpulse-rajasthan/heatpulse-rajasthan/outputs/api_forecast_alerts_step9_guarded.csv,/home/runner/work/heatpulse-rajasthan/heatpulse-rajasthan/outputs/api_latest_top10_guarded.csv,"quality_mode=live_valid; selected_file=/home/runner/work/heatpulse-rajasthan/heatpulse-rajasthan/data/raw/api_daily_weather_20260512.csv
Batch API fetch rows: 46
Saved API daily weather file: /home/runner/work/heatpulse-rajasthan/heatpulse-rajasthan/data/raw/api_daily_weather_20260512.csv
Shape: (46, 10)
         date  district  rain_mm  ...  sunrise_local  sunset_local tavg_c
0  2026-05-12     Ajmer      0.0  ...       05:46 AM      07:09 PM  35.45
1  2026-05-13     Ajmer      0.0  ...       05:45 AM      07:09 PM  34.65
2  2026-05-12     Alwar      0.0  ...       05:36 AM      07:03 PM  33.00
3  2026-05-13     Alwar      0.0  ...       05:36 AM      07:03 PM  31.85
4  2026-05-12  Banswara      0.0  ...       05:51 AM      07:05 PM  35.30

[5 rows x 10 columns]
",/home/runner/work/heatpulse-rajasthan/heatpulse-rajasthan/outputs/api_daily_top10_guarded.csv,/home/runner/work/heatpulse-rajasthan/heatpulse-rajasthan/docs/step10_data_reliability_report.csv,legacy_v1,baseline_logistic_step4
2026-05-12 13:51:11,success,75555,2025-12-30,0.85,/home/runner/work/heatpulse-rajasthan/heatpulse-rajasthan/outputs/daily_alerts_auto.csv,/home/runner/work/heatpulse-rajasthan/heatpulse-rajasthan/outputs/daily_top10_auto.csv,/home/runner/work/heatpulse-rajasthan/heatpulse-rajasthan/outputs/latest_day_top10_auto.csv,success,/home/runner/work/heatpulse-rajasthan/heatpulse-rajasthan/data/raw/api_daily_weather_20260512.csv,/home/runner/work/heatpulse-rajasthan/heatpulse-rajasthan/outputs/api_forecast_alerts_step9_guarded.csv,/home/runner/work/heatpulse-rajasthan/heatpulse-rajasthan/outputs/api_latest_top10_guarded.csv,"quality_mode=live_valid; selected_file=/home/runner/work/heatpulse-rajasthan/heatpulse-rajasthan/data/raw/api_daily_weather_20260512.csv
Batch API fetch rows: 46
Saved API daily weather file: /home/runner/work/heatpulse-rajasthan/heatpulse-rajasthan/data/raw/api_daily_weather_20260512.csv
Shape: (46, 10)
         date  district  rain_mm  ...  sunrise_local  sunset_local tavg_c
0  2026-05-12     Ajmer      0.0  ...       05:46 AM      07:09 PM  35.00
1  2026-05-13     Ajmer      0.0  ...       05:45 AM      07:09 PM  34.90
2  2026-05-12     Alwar      0.4  ...       05:36 AM      07:03 PM  32.95
3  2026-05-13     Alwar      0.7  ...       05:36 AM      07:03 PM  31.30
4  2026-05-12  Banswara      0.0  ...       05:51 AM      07:05 PM  34.70

[5 rows x 10 columns]
",/home/runner/work/heatpulse-rajasthan/heatpulse-rajasthan/outputs/api_daily_top10_guarded.csv,/home/runner/work/heatpulse-rajasthan/heatpulse-rajasthan/docs/step10_data_reliability_report.csv,legacy_v1,baseline_logistic_step4
2026-05-12 15:40:33,success,75555,2025-12-30,0.85,/home/runner/work/heatpulse-rajasthan/heatpulse-rajasthan/outputs/daily_alerts_auto.csv,/home/runner/work/heatpulse-rajasthan/heatpulse-rajasthan/outputs/daily_top10_auto.csv,/home/runner/work/heatpulse-rajasthan/heatpulse-rajasthan/outputs/latest_day_top10_auto.csv,success,/home/runner/work/heatpulse-rajasthan/heatpulse-rajasthan/data/raw/api_daily_weather_20260512.csv,/home/runner/work/heatpulse-rajasthan/heatpulse-rajasthan/outputs/api_forecast_alerts_step9_guarded.csv,/home/runner/work/heatpulse-rajasthan/heatpulse-rajasthan/outputs/api_latest_top10_guarded.csv,"quality_mode=live_valid; selected_file=/home/runner/work/heatpulse-rajasthan/heatpulse-rajasthan/data/raw/api_daily_weather_20260512.csv
Batch API fetch rows: 46
Saved API daily weather file: /home/runner/work/heatpulse-rajasthan/heatpulse-rajasthan/data/raw/api_daily_weather_20260512.csv
Shape: (46, 10)
         date  district  rain_mm  ...  sunrise_local  sunset_local tavg_c
0  2026-05-12     Ajmer      0.0  ...       05:46 AM      07:09 PM  35.00
1  2026-05-13     Ajmer      0.0  ...       05:45 AM      07:09 PM  34.90
2  2026-05-12     Alwar      0.4  ...       05:36 AM      07:03 PM  32.95
3  2026-05-13     Alwar      0.7  ...       05:36 AM      07:03 PM  31.30
4  2026-05-12  Banswara      0.0  ...       05:51 AM      07:05 PM  34.70

[5 rows x 10 columns]
",/home/runner/work/heatpulse-rajasthan/heatpulse-rajasthan/outputs/api_daily_top10_guarded.csv,/home/runner/work/heatpulse-rajasthan/heatpulse-rajasthan/docs/step10_data_reliability_report.csv,legacy_v1,baseline_logistic_step4
2026-05-12 18:56:51,success,75555,2025-12-30,0.85,/home/runner/work/heatpulse-rajasthan/heatpulse-rajasthan/outputs/daily_alerts_auto.csv,/home/runner/work/heatpulse-rajasthan/heatpulse-rajasthan/outputs/daily_top10_auto.csv,/home/runner/work/heatpulse-rajasthan/heatpulse-rajasthan/outputs/latest_day_top10_auto.csv,success,/home/runner/work/heatpulse-rajasthan/heatpulse-rajasthan/data/raw/api_daily_weather_20260512.csv,/home/runner/work/heatpulse-rajasthan/heatpulse-rajasthan/outputs/api_forecast_alerts_step9_guarded.csv,/home/runner/work/heatpulse-rajasthan/heatpulse-rajasthan/outputs/api_latest_top10_guarded.csv,"quality_mode=live_valid; selected_file=/home/runner/work/heatpulse-rajasthan/heatpulse-rajasthan/data/raw/api_daily_weather_20260512.csv
Batch API fetch rows: 46
Saved API daily weather file: /home/runner/work/heatpulse-rajasthan/heatpulse-rajasthan/data/raw/api_daily_weather_20260512.csv
Shape: (46, 10)
         date  district  rain_mm  ...  sunrise_local  sunset_local tavg_c
0  2026-05-12     Ajmer      0.0  ...       05:46 AM      07:09 PM  35.00
1  2026-05-13     Ajmer      0.0  ...       05:45 AM      07:09 PM  34.90
2  2026-05-12     Alwar      0.4  ...       05:36 AM      07:03 PM  32.95
3  2026-05-13     Alwar      0.7  ...       05:36 AM      07:03 PM  31.30
4  2026-05-12  Banswara      0.0  ...       05:51 AM      07:05 PM  34.70

[5 rows x 10 columns]
",/home/runner/work/heatpulse-rajasthan/heatpulse-rajasthan/outputs/api_daily_top10_guarded.csv,/home/runner/work/heatpulse-rajasthan/heatpulse-rajasthan/docs/step10_data_reliability_report.csv,legacy_v1,baseline_logistic_step4
2026-05-13 04:45:01,success,75555,2025-12-30,0.85,/home/runner/work/heatpulse-rajasthan/heatpulse-rajasthan/outputs/daily_alerts_auto.csv,/home/runner/work/heatpulse-rajasthan/heatpulse-rajasthan/outputs/daily_top10_auto.csv,/home/runner/work/heatpulse-rajasthan/heatpulse-rajasthan/outputs/latest_day_top10_auto.csv,success,/home/runner/work/heatpulse-rajasthan/heatpulse-rajasthan/data/raw/api_daily_weather_20260513.csv,/home/runner/work/heatpulse-rajasthan/heatpulse-rajasthan/outputs/api_forecast_alerts_step9_guarded.csv,/home/runner/work/heatpulse-rajasthan/heatpulse-rajasthan/outputs/api_latest_top10_guarded.csv,"quality_mode=live_valid; selected_file=/home/runner/work/heatpulse-rajasthan/heatpulse-rajasthan/data/raw/api_daily_weather_20260513.csv
Batch API fetch rows: 46
Saved API daily weather file: /home/runner/work/heatpulse-rajasthan/heatpulse-rajasthan/data/raw/api_daily_weather_20260513.csv
Shape: (46, 10)
         date  district  rain_mm  ...  sunrise_local  sunset_local tavg_c
0  2026-05-13     Ajmer      0.0  ...       05:45 AM      07:09 PM  35.00
1  2026-05-14     Ajmer      0.0  ...       05:45 AM      07:10 PM  34.45
2  2026-05-13     Alwar      0.0  ...       05:36 AM      07:03 PM  32.25
3  2026-05-14     Alwar      0.8  ...       05:35 AM      07:04 PM  33.45
4  2026-05-13  Banswara      0.0  ...       05:51 AM      07:05 PM  35.35

[5 rows x 10 columns]
",/home/runner/work/heatpulse-rajasthan/heatpulse-rajasthan/outputs/api_daily_top10_guarded.csv,/home/runner/work/heatpulse-rajasthan/heatpulse-rajasthan/docs/step10_data_reliability_report.csv,legacy_v1,baseline_logistic_step4
2026-05-13 07:50:32,success,75555,2025-12-30,0.85,/home/runner/work/heatpulse-rajasthan/heatpulse-rajasthan/outputs/daily_alerts_auto.csv,/home/runner/work/heatpulse-rajasthan/heatpulse-rajasthan/outputs/daily_top10_auto.csv,/home/runner/work/heatpulse-rajasthan/heatpulse-rajasthan/outputs/latest_day_top10_auto.csv,success,/home/runner/work/heatpulse-rajasthan/heatpulse-rajasthan/data/raw/api_daily_weather_20260513.csv,/home/runner/work/heatpulse-rajasthan/heatpulse-rajasthan/outputs/api_forecast_alerts_step9_guarded.csv,/home/runner/work/heatpulse-rajasthan/heatpulse-rajasthan/outputs/api_latest_top10_guarded.csv,"quality_mode=live_valid; selected_file=/home/runner/work/heatpulse-rajasthan/heatpulse-rajasthan/data/raw/api_daily_weather_20260513.csv
Batch API fetch rows: 46
Saved API daily weather file: /home/runner/work/heatpulse-rajasthan/heatpulse-rajasthan/data/raw/api_daily_weather_20260513.csv
Shape: (46, 10)
         date  district  rain_mm  ...  sunrise_local  sunset_local tavg_c
0  2026-05-13     Ajmer      0.0  ...       05:45 AM      07:09 PM  35.00
1  2026-05-14     Ajmer      0.0  ...       05:45 AM      07:10 PM  34.20
2  2026-05-13     Alwar      0.3  ...       05:36 AM      07:03 PM  32.95
3  2026-05-14     Alwar     10.3  ...       05:35 AM      07:04 PM  33.15
4  2026-05-13  Banswara      0.4  ...       05:51 AM      07:05 PM  35.30

[5 rows x 10 columns]
",/home/runner/work/heatpulse-rajasthan/heatpulse-rajasthan/outputs/api_daily_top10_guarded.csv,/home/runner/work/heatpulse-rajasthan/heatpulse-rajasthan/docs/step10_data_reliability_report.csv,legacy_v1,baseline_logistic_step4
2026-05-13 11:31:15,success,75555,2025-12-30,0.85,/home/runner/work/heatpulse-rajasthan/heatpulse-rajasthan/outputs/daily_alerts_auto.csv,/home/runner/work/heatpulse-rajasthan/heatpulse-rajasthan/outputs/daily_top10_auto.csv,/home/runner/work/heatpulse-rajasthan/heatpulse-rajasthan/outputs/latest_day_top10_auto.csv,success,/home/runner/work/heatpulse-rajasthan/heatpulse-rajasthan/data/raw/api_daily_weather_20260513.csv,/home/runner/work/heatpulse-rajasthan/heatpulse-rajasthan/outputs/api_forecast_alerts_step9_guarded.csv,/home/runner/work/heatpulse-rajasthan/heatpulse-rajasthan/outputs/api_latest_top10_guarded.csv,"quality_mode=live_valid; selected_file=/home/runner/work/heatpulse-rajasthan/heatpulse-rajasthan/data/raw/api_daily_weather_20260513.csv
Batch API fetch rows: 46
Saved API daily weather file: /home/runner/work/heatpulse-rajasthan/heatpulse-rajasthan/data/raw/api_daily_weather_20260513.csv
Shape: (46, 10)
         date  district  rain_mm  ...  sunrise_local  sunset_local tavg_c
0  2026-05-13     Ajmer      0.0  ...       05:45 AM      07:09 PM  35.00
1  2026-05-14     Ajmer      0.0  ...       05:45 AM      07:10 PM  34.20
2  2026-05-13     Alwar      0.3  ...       05:36 AM      07:03 PM  32.95
3  2026-05-14     Alwar     10.3  ...       05:35 AM      07:04 PM  33.15
4  2026-05-13  Banswara      0.4  ...       05:51 AM      07:05 PM  35.30

[5 rows x 10 columns]
",/home/runner/work/heatpulse-rajasthan/heatpulse-rajasthan/outputs/api_daily_top10_guarded.csv,/home/runner/work/heatpulse-rajasthan/heatpulse-rajasthan/docs/step10_data_reliability_report.csv,legacy_v1,baseline_logistic_step4
2026-05-13 15:44:46,success,75555,2025-12-30,0.85,/home/runner/work/heatpulse-rajasthan/heatpulse-rajasthan/outputs/daily_alerts_auto.csv,/home/runner/work/heatpulse-rajasthan/heatpulse-rajasthan/outputs/daily_top10_auto.csv,/home/runner/work/heatpulse-rajasthan/heatpulse-rajasthan/outputs/latest_day_top10_auto.csv,success,/home/runner/work/heatpulse-rajasthan/heatpulse-rajasthan/data/raw/api_daily_weather_20260513.csv,/home/runner/work/heatpulse-rajasthan/heatpulse-rajasthan/outputs/api_forecast_alerts_step9_guarded.csv,/home/runner/work/heatpulse-rajasthan/heatpulse-rajasthan/outputs/api_latest_top10_guarded.csv,"quality_mode=live_valid; selected_file=/home/runner/work/heatpulse-rajasthan/heatpulse-rajasthan/data/raw/api_daily_weather_20260513.csv
Batch API fetch rows: 46
Saved API daily weather file: /home/runner/work/heatpulse-rajasthan/heatpulse-rajasthan/data/raw/api_daily_weather_20260513.csv
Shape: (46, 10)
         date  district  rain_mm  ...  sunrise_local  sunset_local tavg_c
0  2026-05-13     Ajmer      0.0  ...       05:45 AM      07:09 PM  34.95
1  2026-05-14     Ajmer      0.1  ...       05:45 AM      07:10 PM  34.30
2  2026-05-13     Alwar      0.2  ...       05:36 AM      07:03 PM  33.00
3  2026-05-14     Alwar      1.1  ...       05:35 AM      07:04 PM  34.50
4  2026-05-13  Banswara      0.0  ...       05:51 AM      07:05 PM  35.35

[5 rows x 10 columns]
",/home/runner/work/heatpulse-rajasthan/heatpulse-rajasthan/outputs/api_daily_top10_guarded.csv,/home/runner/work/heatpulse-rajasthan/heatpulse-rajasthan/docs/step10_data_reliability_report.csv,legacy_v1,baseline_logistic_step4
2026-05-13 18:56:58,success,75555,2025-12-30,0.85,/home/runner/work/heatpulse-rajasthan/heatpulse-rajasthan/outputs/daily_alerts_auto.csv,/home/runner/work/heatpulse-rajasthan/heatpulse-rajasthan/outputs/daily_top10_auto.csv,/home/runner/work/heatpulse-rajasthan/heatpulse-rajasthan/outputs/latest_day_top10_auto.csv,success,/home/runner/work/heatpulse-rajasthan/heatpulse-rajasthan/data/raw/api_daily_weather_20260513.csv,/home/runner/work/heatpulse-rajasthan/heatpulse-rajasthan/outputs/api_forecast_alerts_step9_guarded.csv,/home/runner/work/heatpulse-rajasthan/heatpulse-rajasthan/outputs/api_latest_top10_guarded.csv,"quality_mode=live_valid; selected_file=/home/runner/work/heatpulse-rajasthan/heatpulse-rajasthan/data/raw/api_daily_weather_20260513.csv
Batch API fetch rows: 46
Saved API daily weather file: /home/runner/work/heatpulse-rajasthan/heatpulse-rajasthan/data/raw/api_daily_weather_20260513.csv
Shape: (46, 10)
         date  district  rain_mm  ...  sunrise_local  sunset_local tavg_c
0  2026-05-13     Ajmer      0.0  ...       05:45 AM      07:09 PM  34.95
1  2026-05-14     Ajmer      0.2  ...       05:45 AM      07:10 PM  34.25
2  2026-05-13     Alwar      0.6  ...       05:36 AM      07:03 PM  33.00
3  2026-05-14     Alwar      0.5  ...       05:35 AM      07:04 PM  34.20
4  2026-05-13  Banswara      0.0  ...       05:51 AM      07:05 PM  35.35

[5 rows x 10 columns]
",/home/runner/work/heatpulse-rajasthan/heatpulse-rajasthan/outputs/api_daily_top10_guarded.csv,/home/runner/work/heatpulse-rajasthan/heatpulse-rajasthan/docs/step10_data_reliability_report.csv,legacy_v1,baseline_logistic_step4
2026-05-14 04:43:20,success,75555,2025-12-30,0.85,/home/runner/work/heatpulse-rajasthan/heatpulse-rajasthan/outputs/daily_alerts_auto.csv,/home/runner/work/heatpulse-rajasthan/heatpulse-rajasthan/outputs/daily_top10_auto.csv,/home/runner/work/heatpulse-rajasthan/heatpulse-rajasthan/outputs/latest_day_top10_auto.csv,success,/home/runner/work/heatpulse-rajasthan/heatpulse-rajasthan/data/raw/api_daily_weather_20260514.csv,/home/runner/work/heatpulse-rajasthan/heatpulse-rajasthan/outputs/api_forecast_alerts_step9_guarded.csv,/home/runner/work/heatpulse-rajasthan/heatpulse-rajasthan/outputs/api_latest_top10_guarded.csv,"quality_mode=live_valid; selected_file=/home/runner/work/heatpulse-rajasthan/heatpulse-rajasthan/data/raw/api_daily_weather_20260514.csv
Batch API fetch rows: 46
Saved API daily weather file: /home/runner/work/heatpulse-rajasthan/heatpulse-rajasthan/data/raw/api_daily_weather_20260514.csv
Shape: (46, 10)
         date  district  rain_mm  ...  sunrise_local  sunset_local tavg_c
0  2026-05-14     Ajmer      1.5  ...       05:45 AM      07:10 PM  32.65
1  2026-05-15     Ajmer      0.0  ...       05:44 AM      07:11 PM  33.30
2  2026-05-14     Alwar      0.7  ...       05:35 AM      07:04 PM  32.70
3  2026-05-15     Alwar      3.3  ...       05:34 AM      07:05 PM  32.60
4  2026-05-14  Banswara      0.0  ...       05:50 AM      07:06 PM  33.70

[5 rows x 10 columns]
",/home/runner/work/heatpulse-rajasthan/heatpulse-rajasthan/outputs/api_daily_top10_guarded.csv,/home/runner/work/heatpulse-rajasthan/heatpulse-rajasthan/docs/step10_data_reliability_report.csv,legacy_v1,baseline_logistic_step4
2026-05-14 07:43:22,success,75555,2025-12-30,0.85,/home/runner/work/heatpulse-rajasthan/heatpulse-rajasthan/outputs/daily_alerts_auto.csv,/home/runner/work/heatpulse-rajasthan/heatpulse-rajasthan/outputs/daily_top10_auto.csv,/home/runner/work/heatpulse-rajasthan/heatpulse-rajasthan/outputs/latest_day_top10_auto.csv,success,/home/runner/work/heatpulse-rajasthan/heatpulse-rajasthan/data/raw/api_daily_weather_20260514.csv,/home/runner/work/heatpulse-rajasthan/heatpulse-rajasthan/outputs/api_forecast_alerts_step9_guarded.csv,/home/runner/work/heatpulse-rajasthan/heatpulse-rajasthan/outputs/api_latest_top10_guarded.csv,"quality_mode=live_valid; selected_file=/home/runner/work/heatpulse-rajasthan/heatpulse-rajasthan/data/raw/api_daily_weather_20260514.csv
Batch API fetch rows: 46
Saved API daily weather file: /home/runner/work/heatpulse-rajasthan/heatpulse-rajasthan/data/raw/api_daily_weather_20260514.csv
Shape: (46, 10)
         date  district  rain_mm  ...  sunrise_local  sunset_local tavg_c
0  2026-05-14     Ajmer      0.2  ...       05:45 AM      07:10 PM  33.35
1  2026-05-15     Ajmer      0.0  ...       05:44 AM      07:11 PM  33.40
2  2026-05-14     Alwar      0.1  ...       05:35 AM      07:04 PM  32.15
3  2026-05-15     Alwar      1.0  ...       05:34 AM      07:05 PM  32.45
4  2026-05-14  Banswara      0.0  ...       05:50 AM      07:06 PM  34.10

[5 rows x 10 columns]
",/home/runner/work/heatpulse-rajasthan/heatpulse-rajasthan/outputs/api_daily_top10_guarded.csv,/home/runner/work/heatpulse-rajasthan/heatpulse-rajasthan/docs/step10_data_reliability_report.csv,legacy_v1,baseline_logistic_step4
2026-05-14 11:14:06,success,75555,2025-12-30,0.85,/home/runner/work/heatpulse-rajasthan/heatpulse-rajasthan/outputs/daily_alerts_auto.csv,/home/runner/work/heatpulse-rajasthan/heatpulse-rajasthan/outputs/daily_top10_auto.csv,/home/runner/work/heatpulse-rajasthan/heatpulse-rajasthan/outputs/latest_day_top10_auto.csv,success,/home/runner/work/heatpulse-rajasthan/heatpulse-rajasthan/data/raw/api_daily_weather_20260514.csv,/home/runner/work/heatpulse-rajasthan/heatpulse-rajasthan/outputs/api_forecast_alerts_step9_guarded.csv,/home/runner/work/heatpulse-rajasthan/heatpulse-rajasthan/outputs/api_latest_top10_guarded.csv,"quality_mode=live_valid; selected_file=/home/runner/work/heatpulse-rajasthan/heatpulse-rajasthan/data/raw/api_daily_weather_20260514.csv
Batch API fetch rows: 46
Saved API daily weather file: /home/runner/work/heatpulse-rajasthan/heatpulse-rajasthan/data/raw/api_daily_weather_20260514.csv
Shape: (46, 10)
         date  district  rain_mm  ...  sunrise_local  sunset_local tavg_c
0  2026-05-14     Ajmer      0.2  ...       05:45 AM      07:10 PM  33.35
1  2026-05-15     Ajmer      0.0  ...       05:44 AM      07:11 PM  33.40
2  2026-05-14     Alwar      0.1  ...       05:35 AM      07:04 PM  32.15
3  2026-05-15     Alwar      1.0  ...       05:34 AM      07:05 PM  32.45
4  2026-05-14  Banswara      0.0  ...       05:50 AM      07:06 PM  34.10

[5 rows x 10 columns]
",/home/runner/work/heatpulse-rajasthan/heatpulse-rajasthan/outputs/api_daily_top10_guarded.csv,/home/runner/work/heatpulse-rajasthan/heatpulse-rajasthan/docs/step10_data_reliability_report.csv,legacy_v1,baseline_logistic_step4
2026-05-14 15:20:39,success,75555,2025-12-30,0.85,/home/runner/work/heatpulse-rajasthan/heatpulse-rajasthan/outputs/daily_alerts_auto.csv,/home/runner/work/heatpulse-rajasthan/heatpulse-rajasthan/outputs/daily_top10_auto.csv,/home/runner/work/heatpulse-rajasthan/heatpulse-rajasthan/outputs/latest_day_top10_auto.csv,success,/home/runner/work/heatpulse-rajasthan/heatpulse-rajasthan/data/raw/api_daily_weather_20260514.csv,/home/runner/work/heatpulse-rajasthan/heatpulse-rajasthan/outputs/api_forecast_alerts_step9_guarded.csv,/home/runner/work/heatpulse-rajasthan/heatpulse-rajasthan/outputs/api_latest_top10_guarded.csv,"quality_mode=live_valid; selected_file=/home/runner/work/heatpulse-rajasthan/heatpulse-rajasthan/data/raw/api_daily_weather_20260514.csv
Batch API fetch rows: 46
Saved API daily weather file: /home/runner/work/heatpulse-rajasthan/heatpulse-rajasthan/data/raw/api_daily_weather_20260514.csv
Shape: (46, 10)
         date  district  rain_mm  ...  sunrise_local  sunset_local tavg_c
0  2026-05-14     Ajmer      0.0  ...       05:45 AM      07:10 PM  33.65
1  2026-05-15     Ajmer      0.0  ...       05:44 AM      07:11 PM  33.60
2  2026-05-14     Alwar      0.0  ...       05:35 AM      07:04 PM  32.25
3  2026-05-15     Alwar      0.4  ...       05:34 AM      07:05 PM  33.05
4  2026-05-14  Banswara      0.0  ...       05:50 AM      07:06 PM  34.30

[5 rows x 10 columns]
",/home/runner/work/heatpulse-rajasthan/heatpulse-rajasthan/outputs/api_daily_top10_guarded.csv,/home/runner/work/heatpulse-rajasthan/heatpulse-rajasthan/docs/step10_data_reliability_report.csv,legacy_v1,baseline_logistic_step4
2026-05-14 18:55:09,success,75555,2025-12-30,0.85,/home/runner/work/heatpulse-rajasthan/heatpulse-rajasthan/outputs/daily_alerts_auto.csv,/home/runner/work/heatpulse-rajasthan/heatpulse-rajasthan/outputs/daily_top10_auto.csv,/home/runner/work/heatpulse-rajasthan/heatpulse-rajasthan/outputs/latest_day_top10_auto.csv,success,/home/runner/work/heatpulse-rajasthan/heatpulse-rajasthan/data/raw/api_daily_weather_20260514.csv,/home/runner/work/heatpulse-rajasthan/heatpulse-rajasthan/outputs/api_forecast_alerts_step9_guarded.csv,/home/runner/work/heatpulse-rajasthan/heatpulse-rajasthan/outputs/api_latest_top10_guarded.csv,"quality_mode=live_valid; selected_file=/home/runner/work/heatpulse-rajasthan/heatpulse-rajasthan/data/raw/api_daily_weather_20260514.csv
Batch API fetch rows: 46
Saved API daily weather file: /home/runner/work/heatpulse-rajasthan/heatpulse-rajasthan/data/raw/api_daily_weather_20260514.csv
Shape: (46, 10)
         date  district  rain_mm  ...  sunrise_local  sunset_local tavg_c
0  2026-05-14     Ajmer      0.0  ...       05:45 AM      07:10 PM  33.65
1  2026-05-15     Ajmer      0.0  ...       05:44 AM      07:11 PM  33.60
2  2026-05-14     Alwar      0.0  ...       05:35 AM      07:04 PM  32.25
3  2026-05-15     Alwar      0.4  ...       05:34 AM      07:05 PM  33.05
4  2026-05-14  Banswara      0.0  ...       05:50 AM      07:06 PM  34.30

[5 rows x 10 columns]
",/home/runner/work/heatpulse-rajasthan/heatpulse-rajasthan/outputs/api_daily_top10_guarded.csv,/home/runner/work/heatpulse-rajasthan/heatpulse-rajasthan/docs/step10_data_reliability_report.csv,legacy_v1,baseline_logistic_step4
2026-05-15 04:51:22,success,75555,2025-12-30,0.85,/home/runner/work/heatpulse-rajasthan/heatpulse-rajasthan/outputs/daily_alerts_auto.csv,/home/runner/work/heatpulse-rajasthan/heatpulse-rajasthan/outputs/daily_top10_auto.csv,/home/runner/work/heatpulse-rajasthan/heatpulse-rajasthan/outputs/latest_day_top10_auto.csv,success,/home/runner/work/heatpulse-rajasthan/heatpulse-rajasthan/data/raw/api_daily_weather_20260515.csv,/home/runner/work/heatpulse-rajasthan/heatpulse-rajasthan/outputs/api_forecast_alerts_step9_guarded.csv,/home/runner/work/heatpulse-rajasthan/heatpulse-rajasthan/outputs/api_latest_top10_guarded.csv,"quality_mode=live_valid; selected_file=/home/runner/work/heatpulse-rajasthan/heatpulse-rajasthan/data/raw/api_daily_weather_20260515.csv
Batch API fetch rows: 46
Saved API daily weather file: /home/runner/work/heatpulse-rajasthan/heatpulse-rajasthan/data/raw/api_daily_weather_20260515.csv
Shape: (46, 10)
         date  district  rain_mm  ...  sunrise_local  sunset_local tavg_c
0  2026-05-15     Ajmer      0.0  ...       05:44 AM      07:11 PM  33.40
1  2026-05-16     Ajmer      0.0  ...       05:44 AM      07:11 PM  33.35
2  2026-05-15     Alwar      0.1  ...       05:34 AM      07:05 PM  32.60
3  2026-05-16     Alwar      0.0  ...       05:34 AM      07:05 PM  32.25
4  2026-05-15  Banswara      0.0  ...       05:50 AM      07:06 PM  33.80

[5 rows x 10 columns]
",/home/runner/work/heatpulse-rajasthan/heatpulse-rajasthan/outputs/api_daily_top10_guarded.csv,/home/runner/work/heatpulse-rajasthan/heatpulse-rajasthan/docs/step10_data_reliability_report.csv,legacy_v1,baseline_logistic_step4
2026-05-15 07:52:45,success,75555,2025-12-30,0.85,/home/runner/work/heatpulse-rajasthan/heatpulse-rajasthan/outputs/daily_alerts_auto.csv,/home/runner/work/heatpulse-rajasthan/heatpulse-rajasthan/outputs/daily_top10_auto.csv,/home/runner/work/heatpulse-rajasthan/heatpulse-rajasthan/outputs/latest_day_top10_auto.csv,success,/home/runner/work/heatpulse-rajasthan/heatpulse-rajasthan/data/raw/api_daily_weather_20260515.csv,/home/runner/work/heatpulse-rajasthan/heatpulse-rajasthan/outputs/api_forecast_alerts_step9_guarded.csv,/home/runner/work/heatpulse-rajasthan/heatpulse-rajasthan/outputs/api_latest_top10_guarded.csv,"quality_mode=live_valid; selected_file=/home/runner/work/heatpulse-rajasthan/heatpulse-rajasthan/data/raw/api_daily_weather_20260515.csv
Batch API fetch rows: 46
Saved API daily weather file: /home/runner/work/heatpulse-rajasthan/heatpulse-rajasthan/data/raw/api_daily_weather_20260515.csv
Shape: (46, 10)
         date  district  rain_mm  ...  sunrise_local  sunset_local tavg_c
0  2026-05-15     Ajmer      0.0  ...       05:44 AM      07:11 PM  32.10
1  2026-05-16     Ajmer      0.0  ...       05:44 AM      07:11 PM  32.80
2  2026-05-15     Alwar      0.1  ...       05:34 AM      07:05 PM  31.85
3  2026-05-16     Alwar      0.0  ...       05:34 AM      07:05 PM  33.30
4  2026-05-15  Banswara      0.0  ...       05:50 AM      07:06 PM  33.60

[5 rows x 10 columns]
",/home/runner/work/heatpulse-rajasthan/heatpulse-rajasthan/outputs/api_daily_top10_guarded.csv,/home/runner/work/heatpulse-rajasthan/heatpulse-rajasthan/docs/step10_data_reliability_report.csv,legacy_v1,baseline_logistic_step4
2026-05-15 11:22:24,success,75555,2025-12-30,0.85,/home/runner/work/heatpulse-rajasthan/heatpulse-rajasthan/outputs/daily_alerts_auto.csv,/home/runner/work/heatpulse-rajasthan/heatpulse-rajasthan/outputs/daily_top10_auto.csv,/home/runner/work/heatpulse-rajasthan/heatpulse-rajasthan/outputs/latest_day_top10_auto.csv,success,/home/runner/work/heatpulse-rajasthan/heatpulse-rajasthan/data/raw/api_daily_weather_20260515.csv,/home/runner/work/heatpulse-rajasthan/heatpulse-rajasthan/outputs/api_forecast_alerts_step9_guarded.csv,/home/runner/work/heatpulse-rajasthan/heatpulse-rajasthan/outputs/api_latest_top10_guarded.csv,"quality_mode=live_valid; selected_file=/home/runner/work/heatpulse-rajasthan/heatpulse-rajasthan/data/raw/api_daily_weather_20260515.csv
Batch API fetch rows: 46
Saved API daily weather file: /home/runner/work/heatpulse-rajasthan/heatpulse-rajasthan/data/raw/api_daily_weather_20260515.csv
Shape: (46, 10)
         date  district  rain_mm  ...  sunrise_local  sunset_local tavg_c
0  2026-05-15     Ajmer      0.0  ...       05:44 AM      07:11 PM  32.10
1  2026-05-16     Ajmer      0.0  ...       05:44 AM      07:11 PM  32.80
2  2026-05-15     Alwar      0.1  ...       05:34 AM      07:05 PM  31.85
3  2026-05-16     Alwar      0.0  ...       05:34 AM      07:05 PM  33.30
4  2026-05-15  Banswara      0.0  ...       05:50 AM      07:06 PM  33.60

[5 rows x 10 columns]
",/home/runner/work/heatpulse-rajasthan/heatpulse-rajasthan/outputs/api_daily_top10_guarded.csv,/home/runner/work/heatpulse-rajasthan/heatpulse-rajasthan/docs/step10_data_reliability_report.csv,legacy_v1,baseline_logistic_step4
2026-05-15 15:15:24,success,75555,2025-12-30,0.85,/home/runner/work/heatpulse-rajasthan/heatpulse-rajasthan/outputs/daily_alerts_auto.csv,/home/runner/work/heatpulse-rajasthan/heatpulse-rajasthan/outputs/daily_top10_auto.csv,/home/runner/work/heatpulse-rajasthan/heatpulse-rajasthan/outputs/latest_day_top10_auto.csv,success,/home/runner/work/heatpulse-rajasthan/heatpulse-rajasthan/data/raw/api_daily_weather_20260515.csv,/home/runner/work/heatpulse-rajasthan/heatpulse-rajasthan/outputs/api_forecast_alerts_step9_guarded.csv,/home/runner/work/heatpulse-rajasthan/heatpulse-rajasthan/outputs/api_latest_top10_guarded.csv,"quality_mode=live_valid; selected_file=/home/runner/work/heatpulse-rajasthan/heatpulse-rajasthan/data/raw/api_daily_weather_20260515.csv
Batch API fetch rows: 46
Saved API daily weather file: /home/runner/work/heatpulse-rajasthan/heatpulse-rajasthan/data/raw/api_daily_weather_20260515.csv
Shape: (46, 10)
         date  district  rain_mm  ...  sunrise_local  sunset_local tavg_c
0  2026-05-15     Ajmer      0.0  ...       05:44 AM      07:11 PM  32.10
1  2026-05-16     Ajmer      0.0  ...       05:44 AM      07:11 PM  33.30
2  2026-05-15     Alwar      0.1  ...       05:34 AM      07:05 PM  31.80
3  2026-05-16     Alwar      0.0  ...       05:34 AM      07:05 PM  32.15
4  2026-05-15  Banswara      0.0  ...       05:50 AM      07:06 PM  33.60

[5 rows x 10 columns]
",/home/runner/work/heatpulse-rajasthan/heatpulse-rajasthan/outputs/api_daily_top10_guarded.csv,/home/runner/work/heatpulse-rajasthan/heatpulse-rajasthan/docs/step10_data_reliability_report.csv,legacy_v1,baseline_logistic_step4
2026-05-15 18:23:56,success,75555,2025-12-30,0.85,/home/runner/work/heatpulse-rajasthan/heatpulse-rajasthan/outputs/daily_alerts_auto.csv,/home/runner/work/heatpulse-rajasthan/heatpulse-rajasthan/outputs/daily_top10_auto.csv,/home/runner/work/heatpulse-rajasthan/heatpulse-rajasthan/outputs/latest_day_top10_auto.csv,success,/home/runner/work/heatpulse-rajasthan/heatpulse-rajasthan/data/raw/api_daily_weather_20260515.csv,/home/runner/work/heatpulse-rajasthan/heatpulse-rajasthan/outputs/api_forecast_alerts_step9_guarded.csv,/home/runner/work/heatpulse-rajasthan/heatpulse-rajasthan/outputs/api_latest_top10_guarded.csv,"quality_mode=live_valid; selected_file=/home/runner/work/heatpulse-rajasthan/heatpulse-rajasthan/data/raw/api_daily_weather_20260515.csv
Batch API fetch rows: 46
Saved API daily weather file: /home/runner/work/heatpulse-rajasthan/heatpulse-rajasthan/data/raw/api_daily_weather_20260515.csv
Shape: (46, 10)
         date  district  rain_mm  ...  sunrise_local  sunset_local tavg_c
0  2026-05-15     Ajmer      0.0  ...       05:44 AM      07:11 PM  32.10
1  2026-05-16     Ajmer      0.0  ...       05:44 AM      07:11 PM  33.30
2  2026-05-15     Alwar      0.1  ...       05:34 AM      07:05 PM  31.80
3  2026-05-16     Alwar      0.0  ...       05:34 AM      07:05 PM  32.15
4  2026-05-15  Banswara      0.0  ...       05:50 AM      07:06 PM  33.60

[5 rows x 10 columns]
",/home/runner/work/heatpulse-rajasthan/heatpulse-rajasthan/outputs/api_daily_top10_guarded.csv,/home/runner/work/heatpulse-rajasthan/heatpulse-rajasthan/docs/step10_data_reliability_report.csv,legacy_v1,baseline_logistic_step4
2026-05-16 04:29:20,success,75555,2025-12-30,0.85,/home/runner/work/heatpulse-rajasthan/heatpulse-rajasthan/outputs/daily_alerts_auto.csv,/home/runner/work/heatpulse-rajasthan/heatpulse-rajasthan/outputs/daily_top10_auto.csv,/home/runner/work/heatpulse-rajasthan/heatpulse-rajasthan/outputs/latest_day_top10_auto.csv,success,/home/runner/work/heatpulse-rajasthan/heatpulse-rajasthan/data/raw/api_daily_weather_20260516.csv,/home/runner/work/heatpulse-rajasthan/heatpulse-rajasthan/outputs/api_forecast_alerts_step9_guarded.csv,/home/runner/work/heatpulse-rajasthan/heatpulse-rajasthan/outputs/api_latest_top10_guarded.csv,"quality_mode=live_valid; selected_file=/home/runner/work/heatpulse-rajasthan/heatpulse-rajasthan/data/raw/api_daily_weather_20260516.csv
Batch API fetch rows: 46
Saved API daily weather file: /home/runner/work/heatpulse-rajasthan/heatpulse-rajasthan/data/raw/api_daily_weather_20260516.csv
Shape: (46, 10)
         date  district  rain_mm  ...  sunrise_local  sunset_local tavg_c
0  2026-05-16     Ajmer      0.0  ...       05:44 AM      07:11 PM  33.25
1  2026-05-17     Ajmer      0.0  ...       05:43 AM      07:12 PM  34.25
2  2026-05-16     Alwar      0.0  ...       05:34 AM      07:05 PM  32.30
3  2026-05-17     Alwar      0.0  ...       05:33 AM      07:06 PM  33.10
4  2026-05-16  Banswara      0.0  ...       05:49 AM      07:07 PM  33.00

[5 rows x 10 columns]
",/home/runner/work/heatpulse-rajasthan/heatpulse-rajasthan/outputs/api_daily_top10_guarded.csv,/home/runner/work/heatpulse-rajasthan/heatpulse-rajasthan/docs/step10_data_reliability_report.csv,legacy_v1,baseline_logistic_step4
2026-05-16 07:15:31,success,75555,2025-12-30,0.85,/home/runner/work/heatpulse-rajasthan/heatpulse-rajasthan/outputs/daily_alerts_auto.csv,/home/runner/work/heatpulse-rajasthan/heatpulse-rajasthan/outputs/daily_top10_auto.csv,/home/runner/work/heatpulse-rajasthan/heatpulse-rajasthan/outputs/latest_day_top10_auto.csv,success,/home/runner/work/heatpulse-rajasthan/heatpulse-rajasthan/data/raw/api_daily_weather_20260516.csv,/home/runner/work/heatpulse-rajasthan/heatpulse-rajasthan/outputs/api_forecast_alerts_step9_guarded.csv,/home/runner/work/heatpulse-rajasthan/heatpulse-rajasthan/outputs/api_latest_top10_guarded.csv,"quality_mode=live_valid; selected_file=/home/runner/work/heatpulse-rajasthan/heatpulse-rajasthan/data/raw/api_daily_weather_20260516.csv
Batch API fetch rows: 46
Saved API daily weather file: /home/runner/work/heatpulse-rajasthan/heatpulse-rajasthan/data/raw/api_daily_weather_20260516.csv
Shape: (46, 10)
         date  district  rain_mm  ...  sunrise_local  sunset_local tavg_c
0  2026-05-16     Ajmer      0.0  ...       05:44 AM      07:11 PM  33.25
1  2026-05-17     Ajmer      0.0  ...       05:43 AM      07:12 PM  34.25
2  2026-05-16     Alwar      0.0  ...       05:34 AM      07:05 PM  32.30
3  2026-05-17     Alwar      0.0  ...       05:33 AM      07:06 PM  33.10
4  2026-05-16  Banswara      0.0  ...       05:49 AM      07:07 PM  33.00

[5 rows x 10 columns]
",/home/runner/work/heatpulse-rajasthan/heatpulse-rajasthan/outputs/api_daily_top10_guarded.csv,/home/runner/work/heatpulse-rajasthan/heatpulse-rajasthan/docs/step10_data_reliability_report.csv,legacy_v1,baseline_logistic_step4
2026-05-16 10:16:56,success,75555,2025-12-30,0.85,/home/runner/work/heatpulse-rajasthan/heatpulse-rajasthan/outputs/daily_alerts_auto.csv,/home/runner/work/heatpulse-rajasthan/heatpulse-rajasthan/outputs/daily_top10_auto.csv,/home/runner/work/heatpulse-rajasthan/heatpulse-rajasthan/outputs/latest_day_top10_auto.csv,success,/home/runner/work/heatpulse-rajasthan/heatpulse-rajasthan/data/raw/api_daily_weather_20260516.csv,/home/runner/work/heatpulse-rajasthan/heatpulse-rajasthan/outputs/api_forecast_alerts_step9_guarded.csv,/home/runner/work/heatpulse-rajasthan/heatpulse-rajasthan/outputs/api_latest_top10_guarded.csv,"quality_mode=live_valid; selected_file=/home/runner/work/heatpulse-rajasthan/heatpulse-rajasthan/data/raw/api_daily_weather_20260516.csv
Batch API fetch rows: 46
Saved API daily weather file: /home/runner/work/heatpulse-rajasthan/heatpulse-rajasthan/data/raw/api_daily_weather_20260516.csv
Shape: (46, 10)
         date  district  rain_mm  ...  sunrise_local  sunset_local tavg_c
0  2026-05-16     Ajmer      0.0  ...       05:44 AM      07:11 PM  33.25
1  2026-05-17     Ajmer      0.0  ...       05:43 AM      07:12 PM  34.25
2  2026-05-16     Alwar      0.0  ...       05:34 AM      07:05 PM  32.30
3  2026-05-17     Alwar      0.0  ...       05:33 AM      07:06 PM  33.10
4  2026-05-16  Banswara      0.0  ...       05:49 AM      07:07 PM  33.00

[5 rows x 10 columns]
",/home/runner/work/heatpulse-rajasthan/heatpulse-rajasthan/outputs/api_daily_top10_guarded.csv,/home/runner/work/heatpulse-rajasthan/heatpulse-rajasthan/docs/step10_data_reliability_report.csv,legacy_v1,baseline_logistic_step4
2026-05-16 14:22:28,success,75555,2025-12-30,0.85,/home/runner/work/heatpulse-rajasthan/heatpulse-rajasthan/outputs/daily_alerts_auto.csv,/home/runner/work/heatpulse-rajasthan/heatpulse-rajasthan/outputs/daily_top10_auto.csv,/home/runner/work/heatpulse-rajasthan/heatpulse-rajasthan/outputs/latest_day_top10_auto.csv,success,/home/runner/work/heatpulse-rajasthan/heatpulse-rajasthan/data/raw/api_daily_weather_20260516.csv,/home/runner/work/heatpulse-rajasthan/heatpulse-rajasthan/outputs/api_forecast_alerts_step9_guarded.csv,/home/runner/work/heatpulse-rajasthan/heatpulse-rajasthan/outputs/api_latest_top10_guarded.csv,"quality_mode=live_valid; selected_file=/home/runner/work/heatpulse-rajasthan/heatpulse-rajasthan/data/raw/api_daily_weather_20260516.csv
Batch API fetch rows: 46
Saved API daily weather file: /home/runner/work/heatpulse-rajasthan/heatpulse-rajasthan/data/raw/api_daily_weather_20260516.csv
Shape: (46, 10)
         date  district  rain_mm  ...  sunrise_local  sunset_local tavg_c
0  2026-05-16     Ajmer      0.0  ...       05:44 AM      07:11 PM  33.10
1  2026-05-17     Ajmer      0.0  ...       05:43 AM      07:12 PM  34.40
2  2026-05-16     Alwar      0.0  ...       05:34 AM      07:05 PM  32.50
3  2026-05-17     Alwar      0.0  ...       05:33 AM      07:06 PM  33.45
4  2026-05-16  Banswara      0.0  ...       05:49 AM      07:07 PM  33.00

[5 rows x 10 columns]
",/home/runner/work/heatpulse-rajasthan/heatpulse-rajasthan/outputs/api_daily_top10_guarded.csv,/home/runner/work/heatpulse-rajasthan/heatpulse-rajasthan/docs/step10_data_reliability_report.csv,legacy_v1,baseline_logistic_step4
2026-05-16 17:56:11,success,75555,2025-12-30,0.85,/home/runner/work/heatpulse-rajasthan/heatpulse-rajasthan/outputs/daily_alerts_auto.csv,/home/runner/work/heatpulse-rajasthan/heatpulse-rajasthan/outputs/daily_top10_auto.csv,/home/runner/work/heatpulse-rajasthan/heatpulse-rajasthan/outputs/latest_day_top10_auto.csv,success,/home/runner/work/heatpulse-rajasthan/heatpulse-rajasthan/data/raw/api_daily_weather_20260516.csv,/home/runner/work/heatpulse-rajasthan/heatpulse-rajasthan/outputs/api_forecast_alerts_step9_guarded.csv,/home/runner/work/heatpulse-rajasthan/heatpulse-rajasthan/outputs/api_latest_top10_guarded.csv,"quality_mode=live_valid; selected_file=/home/runner/work/heatpulse-rajasthan/heatpulse-rajasthan/data/raw/api_daily_weather_20260516.csv
Batch API fetch rows: 46
Saved API daily weather file: /home/runner/work/heatpulse-rajasthan/heatpulse-rajasthan/data/raw/api_daily_weather_20260516.csv
Shape: (46, 10)
         date  district  rain_mm  ...  sunrise_local  sunset_local tavg_c
0  2026-05-16     Ajmer      0.0  ...       05:44 AM      07:11 PM  33.10
1  2026-05-17     Ajmer      0.0  ...       05:43 AM      07:12 PM  34.40
2  2026-05-16     Alwar      0.0  ...       05:34 AM      07:05 PM  32.50
3  2026-05-17     Alwar      0.0  ...       05:33 AM      07:06 PM  33.45
4  2026-05-16  Banswara      0.0  ...       05:49 AM      07:07 PM  33.00

[5 rows x 10 columns]
",/home/runner/work/heatpulse-rajasthan/heatpulse-rajasthan/outputs/api_daily_top10_guarded.csv,/home/runner/work/heatpulse-rajasthan/heatpulse-rajasthan/docs/step10_data_reliability_report.csv,legacy_v1,baseline_logistic_step4
2026-05-17 04:53:40,success,75555,2025-12-30,0.85,/home/runner/work/heatpulse-rajasthan/heatpulse-rajasthan/outputs/daily_alerts_auto.csv,/home/runner/work/heatpulse-rajasthan/heatpulse-rajasthan/outputs/daily_top10_auto.csv,/home/runner/work/heatpulse-rajasthan/heatpulse-rajasthan/outputs/latest_day_top10_auto.csv,success,/home/runner/work/heatpulse-rajasthan/heatpulse-rajasthan/data/raw/api_daily_weather_20260517.csv,/home/runner/work/heatpulse-rajasthan/heatpulse-rajasthan/outputs/api_forecast_alerts_step9_guarded.csv,/home/runner/work/heatpulse-rajasthan/heatpulse-rajasthan/outputs/api_latest_top10_guarded.csv,"quality_mode=live_valid; selected_file=/home/runner/work/heatpulse-rajasthan/heatpulse-rajasthan/data/raw/api_daily_weather_20260517.csv
Batch API fetch rows: 46
Saved API daily weather file: /home/runner/work/heatpulse-rajasthan/heatpulse-rajasthan/data/raw/api_daily_weather_20260517.csv
Shape: (46, 10)
         date  district  rain_mm  ...  sunrise_local  sunset_local tavg_c
0  2026-05-17     Ajmer      0.0  ...       05:43 AM      07:12 PM  34.60
1  2026-05-18     Ajmer      0.0  ...       05:43 AM      07:12 PM  34.55
2  2026-05-17     Alwar      0.0  ...       05:33 AM      07:06 PM  33.30
3  2026-05-18     Alwar      0.0  ...       05:33 AM      07:06 PM  35.45
4  2026-05-17  Banswara      0.0  ...       05:49 AM      07:07 PM  35.25

[5 rows x 10 columns]
",/home/runner/work/heatpulse-rajasthan/heatpulse-rajasthan/outputs/api_daily_top10_guarded.csv,/home/runner/work/heatpulse-rajasthan/heatpulse-rajasthan/docs/step10_data_reliability_report.csv,legacy_v1,baseline_logistic_step4
2026-05-17 07:33:20,success,75555,2025-12-30,0.85,/home/runner/work/heatpulse-rajasthan/heatpulse-rajasthan/outputs/daily_alerts_auto.csv,/home/runner/work/heatpulse-rajasthan/heatpulse-rajasthan/outputs/daily_top10_auto.csv,/home/runner/work/heatpulse-rajasthan/heatpulse-rajasthan/outputs/latest_day_top10_auto.csv,success,/home/runner/work/heatpulse-rajasthan/heatpulse-rajasthan/data/raw/api_daily_weather_20260517.csv,/home/runner/work/heatpulse-rajasthan/heatpulse-rajasthan/outputs/api_forecast_alerts_step9_guarded.csv,/home/runner/work/heatpulse-rajasthan/heatpulse-rajasthan/outputs/api_latest_top10_guarded.csv,"quality_mode=live_valid; selected_file=/home/runner/work/heatpulse-rajasthan/heatpulse-rajasthan/data/raw/api_daily_weather_20260517.csv
Batch API fetch rows: 46
Saved API daily weather file: /home/runner/work/heatpulse-rajasthan/heatpulse-rajasthan/data/raw/api_daily_weather_20260517.csv
Shape: (46, 10)
         date  district  rain_mm  ...  sunrise_local  sunset_local tavg_c
0  2026-05-17     Ajmer      0.0  ...       05:43 AM      07:12 PM  34.60
1  2026-05-18     Ajmer      0.0  ...       05:43 AM      07:12 PM  34.55
2  2026-05-17     Alwar      0.0  ...       05:33 AM      07:06 PM  33.30
3  2026-05-18     Alwar      0.0  ...       05:33 AM      07:06 PM  35.45
4  2026-05-17  Banswara      0.0  ...       05:49 AM      07:07 PM  35.25

[5 rows x 10 columns]
",/home/runner/work/heatpulse-rajasthan/heatpulse-rajasthan/outputs/api_daily_top10_guarded.csv,/home/runner/work/heatpulse-rajasthan/heatpulse-rajasthan/docs/step10_data_reliability_report.csv,legacy_v1,baseline_logistic_step4
2026-05-17 10:23:32,success,75555,2025-12-30,0.85,/home/runner/work/heatpulse-rajasthan/heatpulse-rajasthan/outputs/daily_alerts_auto.csv,/home/runner/work/heatpulse-rajasthan/heatpulse-rajasthan/outputs/daily_top10_auto.csv,/home/runner/work/heatpulse-rajasthan/heatpulse-rajasthan/outputs/latest_day_top10_auto.csv,success,/home/runner/work/heatpulse-rajasthan/heatpulse-rajasthan/data/raw/api_daily_weather_20260517.csv,/home/runner/work/heatpulse-rajasthan/heatpulse-rajasthan/outputs/api_forecast_alerts_step9_guarded.csv,/home/runner/work/heatpulse-rajasthan/heatpulse-rajasthan/outputs/api_latest_top10_guarded.csv,"quality_mode=live_valid; selected_file=/home/runner/work/heatpulse-rajasthan/heatpulse-rajasthan/data/raw/api_daily_weather_20260517.csv
Batch API fetch rows: 46
Saved API daily weather file: /home/runner/work/heatpulse-rajasthan/heatpulse-rajasthan/data/raw/api_daily_weather_20260517.csv
Shape: (46, 10)
         date  district  rain_mm  ...  sunrise_local  sunset_local tavg_c
0  2026-05-17     Ajmer      0.0  ...       05:43 AM      07:12 PM  34.70
1  2026-05-18     Ajmer      0.0  ...       05:43 AM      07:12 PM  34.75
2  2026-05-17     Alwar      0.0  ...       05:33 AM      07:06 PM  33.20
3  2026-05-18     Alwar      0.0  ...       05:33 AM      07:06 PM  35.25
4  2026-05-17  Banswara      0.0  ...       05:49 AM      07:07 PM  35.10

[5 rows x 10 columns]
",/home/runner/work/heatpulse-rajasthan/heatpulse-rajasthan/outputs/api_daily_top10_guarded.csv,/home/runner/work/heatpulse-rajasthan/heatpulse-rajasthan/docs/step10_data_reliability_report.csv,legacy_v1,baseline_logistic_step4
2026-05-17 14:26:17,success,75555,2025-12-30,0.85,/home/runner/work/heatpulse-rajasthan/heatpulse-rajasthan/outputs/daily_alerts_auto.csv,/home/runner/work/heatpulse-rajasthan/heatpulse-rajasthan/outputs/daily_top10_auto.csv,/home/runner/work/heatpulse-rajasthan/heatpulse-rajasthan/outputs/latest_day_top10_auto.csv,success,/home/runner/work/heatpulse-rajasthan/heatpulse-rajasthan/data/raw/api_daily_weather_20260517.csv,/home/runner/work/heatpulse-rajasthan/heatpulse-rajasthan/outputs/api_forecast_alerts_step9_guarded.csv,/home/runner/work/heatpulse-rajasthan/heatpulse-rajasthan/outputs/api_latest_top10_guarded.csv,"quality_mode=live_valid; selected_file=/home/runner/work/heatpulse-rajasthan/heatpulse-rajasthan/data/raw/api_daily_weather_20260517.csv
Batch API fetch rows: 46
Saved API daily weather file: /home/runner/work/heatpulse-rajasthan/heatpulse-rajasthan/data/raw/api_daily_weather_20260517.csv
Shape: (46, 10)
         date  district  rain_mm  ...  sunrise_local  sunset_local tavg_c
0  2026-05-17     Ajmer      0.0  ...       05:43 AM      07:12 PM  34.70
1  2026-05-18     Ajmer      0.0  ...       05:43 AM      07:12 PM  34.75
2  2026-05-17     Alwar      0.0  ...       05:33 AM      07:06 PM  33.30
3  2026-05-18     Alwar      0.0  ...       05:33 AM      07:06 PM  34.80
4  2026-05-17  Banswara      0.0  ...       05:49 AM      07:07 PM  35.30

[5 rows x 10 columns]
",/home/runner/work/heatpulse-rajasthan/heatpulse-rajasthan/outputs/api_daily_top10_guarded.csv,/home/runner/work/heatpulse-rajasthan/heatpulse-rajasthan/docs/step10_data_reliability_report.csv,legacy_v1,baseline_logistic_step4
2026-05-17 17:58:39,success,75555,2025-12-30,0.85,/home/runner/work/heatpulse-rajasthan/heatpulse-rajasthan/outputs/daily_alerts_auto.csv,/home/runner/work/heatpulse-rajasthan/heatpulse-rajasthan/outputs/daily_top10_auto.csv,/home/runner/work/heatpulse-rajasthan/heatpulse-rajasthan/outputs/latest_day_top10_auto.csv,success,/home/runner/work/heatpulse-rajasthan/heatpulse-rajasthan/data/raw/api_daily_weather_20260517.csv,/home/runner/work/heatpulse-rajasthan/heatpulse-rajasthan/outputs/api_forecast_alerts_step9_guarded.csv,/home/runner/work/heatpulse-rajasthan/heatpulse-rajasthan/outputs/api_latest_top10_guarded.csv,"quality_mode=live_valid; selected_file=/home/runner/work/heatpulse-rajasthan/heatpulse-rajasthan/data/raw/api_daily_weather_20260517.csv
Batch API fetch rows: 46
Saved API daily weather file: /home/runner/work/heatpulse-rajasthan/heatpulse-rajasthan/data/raw/api_daily_weather_20260517.csv
Shape: (46, 10)
         date  district  rain_mm  ...  sunrise_local  sunset_local tavg_c
0  2026-05-17     Ajmer      0.0  ...       05:43 AM      07:12 PM  34.70
1  2026-05-18     Ajmer      0.0  ...       05:43 AM      07:12 PM  34.75
2  2026-05-17     Alwar      0.0  ...       05:33 AM      07:06 PM  33.30
3  2026-05-18     Alwar      0.0  ...       05:33 AM      07:06 PM  34.80
4  2026-05-17  Banswara      0.0  ...       05:49 AM      07:07 PM  35.30

[5 rows x 10 columns]
",/home/runner/work/heatpulse-rajasthan/heatpulse-rajasthan/outputs/api_daily_top10_guarded.csv,/home/runner/work/heatpulse-rajasthan/heatpulse-rajasthan/docs/step10_data_reliability_report.csv,legacy_v1,baseline_logistic_step4
2026-05-18 05:06:56,success,75555,2025-12-30,0.85,/home/runner/work/heatpulse-rajasthan/heatpulse-rajasthan/outputs/daily_alerts_auto.csv,/home/runner/work/heatpulse-rajasthan/heatpulse-rajasthan/outputs/daily_top10_auto.csv,/home/runner/work/heatpulse-rajasthan/heatpulse-rajasthan/outputs/latest_day_top10_auto.csv,success,/home/runner/work/heatpulse-rajasthan/heatpulse-rajasthan/data/raw/api_daily_weather_20260518.csv,/home/runner/work/heatpulse-rajasthan/heatpulse-rajasthan/outputs/api_forecast_alerts_step9_guarded.csv,/home/runner/work/heatpulse-rajasthan/heatpulse-rajasthan/outputs/api_latest_top10_guarded.csv,"quality_mode=live_valid; selected_file=/home/runner/work/heatpulse-rajasthan/heatpulse-rajasthan/data/raw/api_daily_weather_20260518.csv
Batch API fetch rows: 46
Saved API daily weather file: /home/runner/work/heatpulse-rajasthan/heatpulse-rajasthan/data/raw/api_daily_weather_20260518.csv
Shape: (46, 10)
         date  district  rain_mm  ...  sunrise_local  sunset_local tavg_c
0  2026-05-18     Ajmer      0.0  ...       05:43 AM      07:12 PM   35.0
1  2026-05-19     Ajmer      0.0  ...       05:42 AM      07:13 PM   33.3
2  2026-05-18     Alwar      0.0  ...       05:33 AM      07:06 PM   34.4
3  2026-05-19     Alwar      0.0  ...       05:32 AM      07:07 PM   36.4
4  2026-05-18  Banswara      0.0  ...       05:49 AM      07:08 PM   36.3

[5 rows x 10 columns]
",/home/runner/work/heatpulse-rajasthan/heatpulse-rajasthan/outputs/api_daily_top10_guarded.csv,/home/runner/work/heatpulse-rajasthan/heatpulse-rajasthan/docs/step10_data_reliability_report.csv,legacy_v1,baseline_logistic_step4
2026-05-18 12:33:12,success,75555,2025-12-30,0.85,/home/runner/work/heatpulse-rajasthan/heatpulse-rajasthan/outputs/daily_alerts_auto.csv,/home/runner/work/heatpulse-rajasthan/heatpulse-rajasthan/outputs/daily_top10_auto.csv,/home/runner/work/heatpulse-rajasthan/heatpulse-rajasthan/outputs/latest_day_top10_auto.csv,success,/home/runner/work/heatpulse-rajasthan/heatpulse-rajasthan/data/raw/api_daily_weather_20260518.csv,/home/runner/work/heatpulse-rajasthan/heatpulse-rajasthan/outputs/api_forecast_alerts_step9_guarded.csv,/home/runner/work/heatpulse-rajasthan/heatpulse-rajasthan/outputs/api_latest_top10_guarded.csv,"quality_mode=live_valid; selected_file=/home/runner/work/heatpulse-rajasthan/heatpulse-rajasthan/data/raw/api_daily_weather_20260518.csv
Batch API fetch rows: 46
Saved API daily weather file: /home/runner/work/heatpulse-rajasthan/heatpulse-rajasthan/data/raw/api_daily_weather_20260518.csv
Shape: (46, 10)
         date  district  rain_mm  ...  sunrise_local  sunset_local tavg_c
0  2026-05-18     Ajmer      0.0  ...       05:43 AM      07:12 PM   35.0
1  2026-05-19     Ajmer      0.0  ...       05:42 AM      07:13 PM   33.5
2  2026-05-18     Alwar      0.0  ...       05:33 AM      07:06 PM   34.5
3  2026-05-19     Alwar      0.0  ...       05:32 AM      07:07 PM   36.5
4  2026-05-18  Banswara      0.0  ...       05:49 AM      07:08 PM   36.0

[5 rows x 10 columns]
",/home/runner/work/heatpulse-rajasthan/heatpulse-rajasthan/outputs/api_daily_top10_guarded.csv,/home/runner/work/heatpulse-rajasthan/heatpulse-rajasthan/docs/step10_data_reliability_report.csv,legacy_v1,baseline_logistic_step4
2026-05-18 16:25:03,success,75555,2025-12-30,0.85,/home/runner/work/heatpulse-rajasthan/heatpulse-rajasthan/outputs/daily_alerts_auto.csv,/home/runner/work/heatpulse-rajasthan/heatpulse-rajasthan/outputs/daily_top10_auto.csv,/home/runner/work/heatpulse-rajasthan/heatpulse-rajasthan/outputs/latest_day_top10_auto.csv,success,/home/runner/work/heatpulse-rajasthan/heatpulse-rajasthan/data/raw/api_daily_weather_20260518.csv,/home/runner/work/heatpulse-rajasthan/heatpulse-rajasthan/outputs/api_forecast_alerts_step9_guarded.csv,/home/runner/work/heatpulse-rajasthan/heatpulse-rajasthan/outputs/api_latest_top10_guarded.csv,"quality_mode=live_valid; selected_file=/home/runner/work/heatpulse-rajasthan/heatpulse-rajasthan/data/raw/api_daily_weather_20260518.csv
Batch API fetch rows: 46
Saved API daily weather file: /home/runner/work/heatpulse-rajasthan/heatpulse-rajasthan/data/raw/api_daily_weather_20260518.csv
Shape: (46, 10)
         date  district  rain_mm  ...  sunrise_local  sunset_local tavg_c
0  2026-05-18     Ajmer      0.0  ...       05:43 AM      07:12 PM  35.10
1  2026-05-19     Ajmer      0.0  ...       05:42 AM      07:13 PM  33.75
2  2026-05-18     Alwar      0.0  ...       05:33 AM      07:06 PM  34.70
3  2026-05-19     Alwar      0.0  ...       05:32 AM      07:07 PM  36.55
4  2026-05-18  Banswara      0.0  ...       05:49 AM      07:08 PM  36.10

[5 rows x 10 columns]
",/home/runner/work/heatpulse-rajasthan/heatpulse-rajasthan/outputs/api_daily_top10_guarded.csv,/home/runner/work/heatpulse-rajasthan/heatpulse-rajasthan/docs/step10_data_reliability_report.csv,legacy_v1,baseline_logistic_step4
2026-05-18 18:52:54,success,75555,2025-12-30,0.85,/home/runner/work/heatpulse-rajasthan/heatpulse-rajasthan/outputs/daily_alerts_auto.csv,/home/runner/work/heatpulse-rajasthan/heatpulse-rajasthan/outputs/daily_top10_auto.csv,/home/runner/work/heatpulse-rajasthan/heatpulse-rajasthan/outputs/latest_day_top10_auto.csv,success,/home/runner/work/heatpulse-rajasthan/heatpulse-rajasthan/data/raw/api_daily_weather_20260518.csv,/home/runner/work/heatpulse-rajasthan/heatpulse-rajasthan/outputs/api_forecast_alerts_step9_guarded.csv,/home/runner/work/heatpulse-rajasthan/heatpulse-rajasthan/outputs/api_latest_top10_guarded.csv,"quality_mode=live_valid; selected_file=/home/runner/work/heatpulse-rajasthan/heatpulse-rajasthan/data/raw/api_daily_weather_20260518.csv
Batch API fetch rows: 46
Saved API daily weather file: /home/runner/work/heatpulse-rajasthan/heatpulse-rajasthan/data/raw/api_daily_weather_20260518.csv
Shape: (46, 10)
         date  district  rain_mm  ...  sunrise_local  sunset_local tavg_c
0  2026-05-18     Ajmer      0.0  ...       05:43 AM      07:12 PM  35.10
1  2026-05-19     Ajmer      0.0  ...       05:42 AM      07:13 PM  33.75
2  2026-05-18     Alwar      0.0  ...       05:33 AM      07:06 PM  34.70
3  2026-05-19     Alwar      0.0  ...       05:32 AM      07:07 PM  36.55
4  2026-05-18  Banswara      0.0  ...       05:49 AM      07:08 PM  36.10

[5 rows x 10 columns]
",/home/runner/work/heatpulse-rajasthan/heatpulse-rajasthan/outputs/api_daily_top10_guarded.csv,/home/runner/work/heatpulse-rajasthan/heatpulse-rajasthan/docs/step10_data_reliability_report.csv,legacy_v1,baseline_logistic_step4
2026-05-19 05:02:38,success,75555,2025-12-30,0.85,/home/runner/work/heatpulse-rajasthan/heatpulse-rajasthan/outputs/daily_alerts_auto.csv,/home/runner/work/heatpulse-rajasthan/heatpulse-rajasthan/outputs/daily_top10_auto.csv,/home/runner/work/heatpulse-rajasthan/heatpulse-rajasthan/outputs/latest_day_top10_auto.csv,success,/home/runner/work/heatpulse-rajasthan/heatpulse-rajasthan/data/raw/api_daily_weather_20260519.csv,/home/runner/work/heatpulse-rajasthan/heatpulse-rajasthan/outputs/api_forecast_alerts_step9_guarded.csv,/home/runner/work/heatpulse-rajasthan/heatpulse-rajasthan/outputs/api_latest_top10_guarded.csv,"quality_mode=live_valid; selected_file=/home/runner/work/heatpulse-rajasthan/heatpulse-rajasthan/data/raw/api_daily_weather_20260519.csv
Batch API fetch rows: 46
Saved API daily weather file: /home/runner/work/heatpulse-rajasthan/heatpulse-rajasthan/data/raw/api_daily_weather_20260519.csv
Shape: (46, 10)
         date  district  rain_mm  ...  sunrise_local  sunset_local tavg_c
0  2026-05-19     Ajmer      0.0  ...       05:42 AM      07:13 PM  34.25
1  2026-05-20     Ajmer      0.0  ...       05:42 AM      07:13 PM  33.10
2  2026-05-19     Alwar      0.0  ...       05:32 AM      07:07 PM  36.05
3  2026-05-20     Alwar      0.0  ...       05:32 AM      07:07 PM  35.25
4  2026-05-19  Banswara      0.0  ...       05:48 AM      07:08 PM  35.10

[5 rows x 10 columns]
",/home/runner/work/heatpulse-rajasthan/heatpulse-rajasthan/outputs/api_daily_top10_guarded.csv,/home/runner/work/heatpulse-rajasthan/heatpulse-rajasthan/docs/step10_data_reliability_report.csv,legacy_v1,baseline_logistic_step4
2026-05-19 12:12:41,success,75555,2025-12-30,0.85,/home/runner/work/heatpulse-rajasthan/heatpulse-rajasthan/outputs/daily_alerts_auto.csv,/home/runner/work/heatpulse-rajasthan/heatpulse-rajasthan/outputs/daily_top10_auto.csv,/home/runner/work/heatpulse-rajasthan/heatpulse-rajasthan/outputs/latest_day_top10_auto.csv,success,/home/runner/work/heatpulse-rajasthan/heatpulse-rajasthan/data/raw/api_daily_weather_20260519.csv,/home/runner/work/heatpulse-rajasthan/heatpulse-rajasthan/outputs/api_forecast_alerts_step9_guarded.csv,/home/runner/work/heatpulse-rajasthan/heatpulse-rajasthan/outputs/api_latest_top10_guarded.csv,"quality_mode=live_valid; selected_file=/home/runner/work/heatpulse-rajasthan/heatpulse-rajasthan/data/raw/api_daily_weather_20260519.csv
Batch API fetch rows: 46
Saved API daily weather file: /home/runner/work/heatpulse-rajasthan/heatpulse-rajasthan/data/raw/api_daily_weather_20260519.csv
Shape: (46, 10)
         date  district  rain_mm  ...  sunrise_local  sunset_local tavg_c
0  2026-05-19     Ajmer      0.0  ...       05:42 AM      07:13 PM  34.15
1  2026-05-20     Ajmer      0.0  ...       05:42 AM      07:13 PM  33.30
2  2026-05-19     Alwar      0.0  ...       05:32 AM      07:07 PM  35.75
3  2026-05-20     Alwar      0.0  ...       05:32 AM      07:07 PM  35.00
4  2026-05-19  Banswara      0.0  ...       05:48 AM      07:08 PM  34.90

[5 rows x 10 columns]
",/home/runner/work/heatpulse-rajasthan/heatpulse-rajasthan/outputs/api_daily_top10_guarded.csv,/home/runner/work/heatpulse-rajasthan/heatpulse-rajasthan/docs/step10_data_reliability_report.csv,legacy_v1,baseline_logistic_step4
2026-05-19 16:22:02,success,75555,2025-12-30,0.85,/home/runner/work/heatpulse-rajasthan/heatpulse-rajasthan/outputs/daily_alerts_auto.csv,/home/runner/work/heatpulse-rajasthan/heatpulse-rajasthan/outputs/daily_top10_auto.csv,/home/runner/work/heatpulse-rajasthan/heatpulse-rajasthan/outputs/latest_day_top10_auto.csv,success,/home/runner/work/heatpulse-rajasthan/heatpulse-rajasthan/data/raw/api_daily_weather_20260519.csv,/home/runner/work/heatpulse-rajasthan/heatpulse-rajasthan/outputs/api_forecast_alerts_step9_guarded.csv,/home/runner/work/heatpulse-rajasthan/heatpulse-rajasthan/outputs/api_latest_top10_guarded.csv,"quality_mode=live_valid; selected_file=/home/runner/work/heatpulse-rajasthan/heatpulse-rajasthan/data/raw/api_daily_weather_20260519.csv
Batch API fetch rows: 46
Saved API daily weather file: /home/runner/work/heatpulse-rajasthan/heatpulse-rajasthan/data/raw/api_daily_weather_20260519.csv
Shape: (46, 10)
         date  district  rain_mm  ...  sunrise_local  sunset_local tavg_c
0  2026-05-19     Ajmer      0.0  ...       05:42 AM      07:13 PM  34.20
1  2026-05-20     Ajmer      0.0  ...       05:42 AM      07:13 PM  33.00
2  2026-05-19     Alwar      0.0  ...       05:32 AM      07:07 PM  35.90
3  2026-05-20     Alwar      0.0  ...       05:32 AM      07:07 PM  34.85
4  2026-05-19  Banswara      0.0  ...       05:48 AM      07:08 PM  34.95

[5 rows x 10 columns]
",/home/runner/work/heatpulse-rajasthan/heatpulse-rajasthan/outputs/api_daily_top10_guarded.csv,/home/runner/work/heatpulse-rajasthan/heatpulse-rajasthan/docs/step10_data_reliability_report.csv,legacy_v1,baseline_logistic_step4
2026-05-19 19:01:48,success,75555,2025-12-30,0.85,/home/runner/work/heatpulse-rajasthan/heatpulse-rajasthan/outputs/daily_alerts_auto.csv,/home/runner/work/heatpulse-rajasthan/heatpulse-rajasthan/outputs/daily_top10_auto.csv,/home/runner/work/heatpulse-rajasthan/heatpulse-rajasthan/outputs/latest_day_top10_auto.csv,success,/home/runner/work/heatpulse-rajasthan/heatpulse-rajasthan/data/raw/api_daily_weather_20260519.csv,/home/runner/work/heatpulse-rajasthan/heatpulse-rajasthan/outputs/api_forecast_alerts_step9_guarded.csv,/home/runner/work/heatpulse-rajasthan/heatpulse-rajasthan/outputs/api_latest_top10_guarded.csv,"quality_mode=live_valid; selected_file=/home/runner/work/heatpulse-rajasthan/heatpulse-rajasthan/data/raw/api_daily_weather_20260519.csv
Batch API fetch rows: 46
Saved API daily weather file: /home/runner/work/heatpulse-rajasthan/heatpulse-rajasthan/data/raw/api_daily_weather_20260519.csv
Shape: (46, 10)
         date  district  rain_mm  ...  sunrise_local  sunset_local tavg_c
0  2026-05-20     Ajmer      0.0  ...       05:42 AM      07:13 PM  33.00
1  2026-05-21     Ajmer      0.0  ...       05:41 AM      07:14 PM  33.35
2  2026-05-20     Alwar      0.0  ...       05:32 AM      07:07 PM  34.85
3  2026-05-21     Alwar      0.0  ...       05:31 AM      07:08 PM  36.00
4  2026-05-20  Banswara      0.0  ...       05:48 AM      07:09 PM  33.70

[5 rows x 10 columns]
",/home/runner/work/heatpulse-rajasthan/heatpulse-rajasthan/outputs/api_daily_top10_guarded.csv,/home/runner/work/heatpulse-rajasthan/heatpulse-rajasthan/docs/step10_data_reliability_report.csv,legacy_v1,baseline_logistic_step4
2026-05-20 05:05:43,success,75555,2025-12-30,0.85,/home/runner/work/heatpulse-rajasthan/heatpulse-rajasthan/outputs/daily_alerts_auto.csv,/home/runner/work/heatpulse-rajasthan/heatpulse-rajasthan/outputs/daily_top10_auto.csv,/home/runner/work/heatpulse-rajasthan/heatpulse-rajasthan/outputs/latest_day_top10_auto.csv,success,/home/runner/work/heatpulse-rajasthan/heatpulse-rajasthan/data/raw/api_daily_weather_20260520.csv,/home/runner/work/heatpulse-rajasthan/heatpulse-rajasthan/outputs/api_forecast_alerts_step9_guarded.csv,/home/runner/work/heatpulse-rajasthan/heatpulse-rajasthan/outputs/api_latest_top10_guarded.csv,"quality_mode=live_valid; selected_file=/home/runner/work/heatpulse-rajasthan/heatpulse-rajasthan/data/raw/api_daily_weather_20260520.csv
Batch API fetch rows: 46
Saved API daily weather file: /home/runner/work/heatpulse-rajasthan/heatpulse-rajasthan/data/raw/api_daily_weather_20260520.csv
Shape: (46, 10)
         date  district  rain_mm  ...  sunrise_local  sunset_local tavg_c
0  2026-05-20     Ajmer      0.0  ...       05:42 AM      07:13 PM   33.2
1  2026-05-21     Ajmer      0.0  ...       05:41 AM      07:14 PM   33.4
2  2026-05-20     Alwar      0.0  ...       05:32 AM      07:07 PM   36.1
3  2026-05-21     Alwar      0.0  ...       05:31 AM      07:08 PM   36.0
4  2026-05-20  Banswara      0.0  ...       05:48 AM      07:09 PM   33.8

[5 rows x 10 columns]
",/home/runner/work/heatpulse-rajasthan/heatpulse-rajasthan/outputs/api_daily_top10_guarded.csv,/home/runner/work/heatpulse-rajasthan/heatpulse-rajasthan/docs/step10_data_reliability_report.csv,legacy_v1,baseline_logistic_step4
2026-05-20 11:50:06,success,75555,2025-12-30,0.85,/home/runner/work/heatpulse-rajasthan/heatpulse-rajasthan/outputs/daily_alerts_auto.csv,/home/runner/work/heatpulse-rajasthan/heatpulse-rajasthan/outputs/daily_top10_auto.csv,/home/runner/work/heatpulse-rajasthan/heatpulse-rajasthan/outputs/latest_day_top10_auto.csv,success,/home/runner/work/heatpulse-rajasthan/heatpulse-rajasthan/data/raw/api_daily_weather_20260520.csv,/home/runner/work/heatpulse-rajasthan/heatpulse-rajasthan/outputs/api_forecast_alerts_step9_guarded.csv,/home/runner/work/heatpulse-rajasthan/heatpulse-rajasthan/outputs/api_latest_top10_guarded.csv,"quality_mode=live_valid; selected_file=/home/runner/work/heatpulse-rajasthan/heatpulse-rajasthan/data/raw/api_daily_weather_20260520.csv
Batch API fetch rows: 46
Saved API daily weather file: /home/runner/work/heatpulse-rajasthan/heatpulse-rajasthan/data/raw/api_daily_weather_20260520.csv
Shape: (46, 10)
         date  district  rain_mm  ...  sunrise_local  sunset_local tavg_c
0  2026-05-20     Ajmer      0.0  ...       05:42 AM      07:13 PM  33.20
1  2026-05-21     Ajmer      0.0  ...       05:41 AM      07:14 PM  33.35
2  2026-05-20     Alwar      0.0  ...       05:32 AM      07:07 PM  35.90
3  2026-05-21     Alwar      0.0  ...       05:31 AM      07:08 PM  35.95
4  2026-05-20  Banswara      0.0  ...       05:48 AM      07:09 PM  33.95

[5 rows x 10 columns]
",/home/runner/work/heatpulse-rajasthan/heatpulse-rajasthan/outputs/api_daily_top10_guarded.csv,/home/runner/work/heatpulse-rajasthan/heatpulse-rajasthan/docs/step10_data_reliability_report.csv,legacy_v1,baseline_logistic_step4
2026-05-20 16:30:32,success,75555,2025-12-30,0.85,/home/runner/work/heatpulse-rajasthan/heatpulse-rajasthan/outputs/daily_alerts_auto.csv,/home/runner/work/heatpulse-rajasthan/heatpulse-rajasthan/outputs/daily_top10_auto.csv,/home/runner/work/heatpulse-rajasthan/heatpulse-rajasthan/outputs/latest_day_top10_auto.csv,success,/home/runner/work/heatpulse-rajasthan/heatpulse-rajasthan/data/raw/api_daily_weather_20260520.csv,/home/runner/work/heatpulse-rajasthan/heatpulse-rajasthan/outputs/api_forecast_alerts_step9_guarded.csv,/home/runner/work/heatpulse-rajasthan/heatpulse-rajasthan/outputs/api_latest_top10_guarded.csv,"quality_mode=live_valid; selected_file=/home/runner/work/heatpulse-rajasthan/heatpulse-rajasthan/data/raw/api_daily_weather_20260520.csv
Batch API fetch rows: 46
Saved API daily weather file: /home/runner/work/heatpulse-rajasthan/heatpulse-rajasthan/data/raw/api_daily_weather_20260520.csv
Shape: (46, 10)
         date  district  rain_mm  ...  sunrise_local  sunset_local tavg_c
0  2026-05-20     Ajmer      0.0  ...       05:42 AM      07:13 PM  33.20
1  2026-05-21     Ajmer      0.0  ...       05:41 AM      07:14 PM  33.35
2  2026-05-20     Alwar      0.0  ...       05:32 AM      07:07 PM  36.00
3  2026-05-21     Alwar      0.0  ...       05:31 AM      07:08 PM  35.95
4  2026-05-20  Banswara      0.0  ...       05:48 AM      07:09 PM  34.00

[5 rows x 10 columns]
",/home/runner/work/heatpulse-rajasthan/heatpulse-rajasthan/outputs/api_daily_top10_guarded.csv,/home/runner/work/heatpulse-rajasthan/heatpulse-rajasthan/docs/step10_data_reliability_report.csv,legacy_v1,baseline_logistic_step4
2026-05-20 19:26:15,success,75555,2025-12-30,0.85,/home/runner/work/heatpulse-rajasthan/heatpulse-rajasthan/outputs/daily_alerts_auto.csv,/home/runner/work/heatpulse-rajasthan/heatpulse-rajasthan/outputs/daily_top10_auto.csv,/home/runner/work/heatpulse-rajasthan/heatpulse-rajasthan/outputs/latest_day_top10_auto.csv,success,/home/runner/work/heatpulse-rajasthan/heatpulse-rajasthan/data/raw/api_daily_weather_20260520.csv,/home/runner/work/heatpulse-rajasthan/heatpulse-rajasthan/outputs/api_forecast_alerts_step9_guarded.csv,/home/runner/work/heatpulse-rajasthan/heatpulse-rajasthan/outputs/api_latest_top10_guarded.csv,"quality_mode=live_valid; selected_file=/home/runner/work/heatpulse-rajasthan/heatpulse-rajasthan/data/raw/api_daily_weather_20260520.csv
Batch API fetch rows: 46
Saved API daily weather file: /home/runner/work/heatpulse-rajasthan/heatpulse-rajasthan/data/raw/api_daily_weather_20260520.csv
Shape: (46, 10)
         date  district  rain_mm  ...  sunrise_local  sunset_local tavg_c
0  2026-05-21     Ajmer      0.0  ...       05:41 AM      07:14 PM  33.40
1  2026-05-22     Ajmer      0.0  ...       05:41 AM      07:14 PM  32.95
2  2026-05-21     Alwar      0.0  ...       05:31 AM      07:08 PM  36.25
3  2026-05-22     Alwar      0.0  ...       05:31 AM      07:09 PM  36.10
4  2026-05-21  Banswara      0.0  ...       05:47 AM      07:09 PM  33.75

[5 rows x 10 columns]
",/home/runner/work/heatpulse-rajasthan/heatpulse-rajasthan/outputs/api_daily_top10_guarded.csv,/home/runner/work/heatpulse-rajasthan/heatpulse-rajasthan/docs/step10_data_reliability_report.csv,legacy_v1,baseline_logistic_step4
2026-05-21 05:10:01,success,75555,2025-12-30,0.85,/home/runner/work/heatpulse-rajasthan/heatpulse-rajasthan/outputs/daily_alerts_auto.csv,/home/runner/work/heatpulse-rajasthan/heatpulse-rajasthan/outputs/daily_top10_auto.csv,/home/runner/work/heatpulse-rajasthan/heatpulse-rajasthan/outputs/latest_day_top10_auto.csv,success,/home/runner/work/heatpulse-rajasthan/heatpulse-rajasthan/data/raw/api_daily_weather_20260521.csv,/home/runner/work/heatpulse-rajasthan/heatpulse-rajasthan/outputs/api_forecast_alerts_step9_guarded.csv,/home/runner/work/heatpulse-rajasthan/heatpulse-rajasthan/outputs/api_latest_top10_guarded.csv,"quality_mode=live_valid; selected_file=/home/runner/work/heatpulse-rajasthan/heatpulse-rajasthan/data/raw/api_daily_weather_20260521.csv
Batch API fetch rows: 46
Saved API daily weather file: /home/runner/work/heatpulse-rajasthan/heatpulse-rajasthan/data/raw/api_daily_weather_20260521.csv
Shape: (46, 10)
         date  district  rain_mm  ...  sunrise_local  sunset_local tavg_c
0  2026-05-21     Ajmer      0.0  ...       05:41 AM      07:14 PM  33.20
1  2026-05-22     Ajmer      0.0  ...       05:41 AM      07:14 PM  33.10
2  2026-05-21     Alwar      0.0  ...       05:31 AM      07:08 PM  35.95
3  2026-05-22     Alwar      0.0  ...       05:31 AM      07:09 PM  36.10
4  2026-05-21  Banswara      0.0  ...       05:47 AM      07:09 PM  33.70

[5 rows x 10 columns]
",/home/runner/work/heatpulse-rajasthan/heatpulse-rajasthan/outputs/api_daily_top10_guarded.csv,/home/runner/work/heatpulse-rajasthan/heatpulse-rajasthan/docs/step10_data_reliability_report.csv,legacy_v1,baseline_logistic_step4
2026-05-21 12:15:38,success,75555,2025-12-30,0.85,/home/runner/work/heatpulse-rajasthan/heatpulse-rajasthan/outputs/daily_alerts_auto.csv,/home/runner/work/heatpulse-rajasthan/heatpulse-rajasthan/outputs/daily_top10_auto.csv,/home/runner/work/heatpulse-rajasthan/heatpulse-rajasthan/outputs/latest_day_top10_auto.csv,success,/home/runner/work/heatpulse-rajasthan/heatpulse-rajasthan/data/raw/api_daily_weather_20260521.csv,/home/runner/work/heatpulse-rajasthan/heatpulse-rajasthan/outputs/api_forecast_alerts_step9_guarded.csv,/home/runner/work/heatpulse-rajasthan/heatpulse-rajasthan/outputs/api_latest_top10_guarded.csv,"quality_mode=live_valid; selected_file=/home/runner/work/heatpulse-rajasthan/heatpulse-rajasthan/data/raw/api_daily_weather_20260521.csv
Batch API fetch rows: 46
Saved API daily weather file: /home/runner/work/heatpulse-rajasthan/heatpulse-rajasthan/data/raw/api_daily_weather_20260521.csv
Shape: (46, 10)
         date  district  rain_mm  ...  sunrise_local  sunset_local tavg_c
0  2026-05-21     Ajmer      0.0  ...       05:41 AM      07:14 PM  33.20
1  2026-05-22     Ajmer      0.0  ...       05:41 AM      07:14 PM  33.15
2  2026-05-21     Alwar      0.0  ...       05:31 AM      07:08 PM  36.10
3  2026-05-22     Alwar      0.0  ...       05:31 AM      07:09 PM  35.95
4  2026-05-21  Banswara      0.0  ...       05:47 AM      07:09 PM  33.70

[5 rows x 10 columns]
",/home/runner/work/heatpulse-rajasthan/heatpulse-rajasthan/outputs/api_daily_top10_guarded.csv,/home/runner/work/heatpulse-rajasthan/heatpulse-rajasthan/docs/step10_data_reliability_report.csv,legacy_v1,baseline_logistic_step4
2026-05-21 16:16:08,success,75555,2025-12-30,0.85,/home/runner/work/heatpulse-rajasthan/heatpulse-rajasthan/outputs/daily_alerts_auto.csv,/home/runner/work/heatpulse-rajasthan/heatpulse-rajasthan/outputs/daily_top10_auto.csv,/home/runner/work/heatpulse-rajasthan/heatpulse-rajasthan/outputs/latest_day_top10_auto.csv,success,/home/runner/work/heatpulse-rajasthan/heatpulse-rajasthan/data/raw/api_daily_weather_20260521.csv,/home/runner/work/heatpulse-rajasthan/heatpulse-rajasthan/outputs/api_forecast_alerts_step9_guarded.csv,/home/runner/work/heatpulse-rajasthan/heatpulse-rajasthan/outputs/api_latest_top10_guarded.csv,"quality_mode=live_valid; selected_file=/home/runner/work/heatpulse-rajasthan/heatpulse-rajasthan/data/raw/api_daily_weather_20260521.csv
Batch API fetch rows: 46
Saved API daily weather file: /home/runner/work/heatpulse-rajasthan/heatpulse-rajasthan/data/raw/api_daily_weather_20260521.csv
Shape: (46, 10)
         date  district  rain_mm  ...  sunrise_local  sunset_local tavg_c
0  2026-05-21     Ajmer      0.0  ...       05:41 AM      07:14 PM  33.15
1  2026-05-22     Ajmer      0.0  ...       05:41 AM      07:14 PM  33.25
2  2026-05-21     Alwar      0.0  ...       05:31 AM      07:08 PM  36.10
3  2026-05-22     Alwar      0.0  ...       05:31 AM      07:09 PM  35.70
4  2026-05-21  Banswara      0.0  ...       05:47 AM      07:09 PM  33.70

[5 rows x 10 columns]
",/home/runner/work/heatpulse-rajasthan/heatpulse-rajasthan/outputs/api_daily_top10_guarded.csv,/home/runner/work/heatpulse-rajasthan/heatpulse-rajasthan/docs/step10_data_reliability_report.csv,legacy_v1,baseline_logistic_step4
2026-05-21 19:02:15,success,75555,2025-12-30,0.85,/home/runner/work/heatpulse-rajasthan/heatpulse-rajasthan/outputs/daily_alerts_auto.csv,/home/runner/work/heatpulse-rajasthan/heatpulse-rajasthan/outputs/daily_top10_auto.csv,/home/runner/work/heatpulse-rajasthan/heatpulse-rajasthan/outputs/latest_day_top10_auto.csv,success,/home/runner/work/heatpulse-rajasthan/heatpulse-rajasthan/data/raw/api_daily_weather_20260521.csv,/home/runner/work/heatpulse-rajasthan/heatpulse-rajasthan/outputs/api_forecast_alerts_step9_guarded.csv,/home/runner/work/heatpulse-rajasthan/heatpulse-rajasthan/outputs/api_latest_top10_guarded.csv,"quality_mode=live_valid; selected_file=/home/runner/work/heatpulse-rajasthan/heatpulse-rajasthan/data/raw/api_daily_weather_20260521.csv
Batch API fetch rows: 46
Saved API daily weather file: /home/runner/work/heatpulse-rajasthan/heatpulse-rajasthan/data/raw/api_daily_weather_20260521.csv
Shape: (46, 10)
         date  district  rain_mm  ...  sunrise_local  sunset_local tavg_c
0  2026-05-22     Ajmer      0.0  ...       05:41 AM      07:14 PM  33.50
1  2026-05-23     Ajmer      0.0  ...       05:40 AM      07:15 PM  34.10
2  2026-05-22     Alwar      0.0  ...       05:31 AM      07:09 PM  35.75
3  2026-05-23     Alwar      0.0  ...       05:31 AM      07:09 PM  35.45
4  2026-05-22  Banswara      0.0  ...       05:47 AM      07:10 PM  34.90

[5 rows x 10 columns]
",/home/runner/work/heatpulse-rajasthan/heatpulse-rajasthan/outputs/api_daily_top10_guarded.csv,/home/runner/work/heatpulse-rajasthan/heatpulse-rajasthan/docs/step10_data_reliability_report.csv,legacy_v1,baseline_logistic_step4
2026-05-22 05:01:47,success,75555,2025-12-30,0.85,/home/runner/work/heatpulse-rajasthan/heatpulse-rajasthan/outputs/daily_alerts_auto.csv,/home/runner/work/heatpulse-rajasthan/heatpulse-rajasthan/outputs/daily_top10_auto.csv,/home/runner/work/heatpulse-rajasthan/heatpulse-rajasthan/outputs/latest_day_top10_auto.csv,success,/home/runner/work/heatpulse-rajasthan/heatpulse-rajasthan/data/raw/api_daily_weather_20260522.csv,/home/runner/work/heatpulse-rajasthan/heatpulse-rajasthan/outputs/api_forecast_alerts_step9_guarded.csv,/home/runner/work/heatpulse-rajasthan/heatpulse-rajasthan/outputs/api_latest_top10_guarded.csv,"quality_mode=live_valid; selected_file=/home/runner/work/heatpulse-rajasthan/heatpulse-rajasthan/data/raw/api_daily_weather_20260522.csv
Batch API fetch rows: 46
Saved API daily weather file: /home/runner/work/heatpulse-rajasthan/heatpulse-rajasthan/data/raw/api_daily_weather_20260522.csv
Shape: (46, 10)
         date  district  rain_mm  ...  sunrise_local  sunset_local tavg_c
0  2026-05-22     Ajmer      0.0  ...       05:41 AM      07:14 PM  33.40
1  2026-05-23     Ajmer      0.0  ...       05:40 AM      07:15 PM  33.90
2  2026-05-22     Alwar      0.0  ...       05:31 AM      07:09 PM  36.20
3  2026-05-23     Alwar      0.0  ...       05:31 AM      07:09 PM  34.80
4  2026-05-22  Banswara      0.0  ...       05:47 AM      07:10 PM  34.75

[5 rows x 10 columns]
",/home/runner/work/heatpulse-rajasthan/heatpulse-rajasthan/outputs/api_daily_top10_guarded.csv,/home/runner/work/heatpulse-rajasthan/heatpulse-rajasthan/docs/step10_data_reliability_report.csv,legacy_v1,baseline_logistic_step4
2026-05-22 11:46:32,success,75555,2025-12-30,0.85,/home/runner/work/heatpulse-rajasthan/heatpulse-rajasthan/outputs/daily_alerts_auto.csv,/home/runner/work/heatpulse-rajasthan/heatpulse-rajasthan/outputs/daily_top10_auto.csv,/home/runner/work/heatpulse-rajasthan/heatpulse-rajasthan/outputs/latest_day_top10_auto.csv,success,/home/runner/work/heatpulse-rajasthan/heatpulse-rajasthan/data/raw/api_daily_weather_20260522.csv,/home/runner/work/heatpulse-rajasthan/heatpulse-rajasthan/outputs/api_forecast_alerts_step9_guarded.csv,/home/runner/work/heatpulse-rajasthan/heatpulse-rajasthan/outputs/api_latest_top10_guarded.csv,"quality_mode=live_valid; selected_file=/home/runner/work/heatpulse-rajasthan/heatpulse-rajasthan/data/raw/api_daily_weather_20260522.csv
Batch API fetch rows: 46
Saved API daily weather file: /home/runner/work/heatpulse-rajasthan/heatpulse-rajasthan/data/raw/api_daily_weather_20260522.csv
Shape: (46, 10)
         date  district  rain_mm  ...  sunrise_local  sunset_local tavg_c
0  2026-05-22     Ajmer      0.0  ...       05:41 AM      07:14 PM  33.35
1  2026-05-23     Ajmer      0.0  ...       05:40 AM      07:15 PM  33.90
2  2026-05-22     Alwar      0.0  ...       05:31 AM      07:09 PM  35.75
3  2026-05-23     Alwar      0.0  ...       05:31 AM      07:09 PM  34.35
4  2026-05-22  Banswara      0.0  ...       05:47 AM      07:10 PM  34.55

[5 rows x 10 columns]
",/home/runner/work/heatpulse-rajasthan/heatpulse-rajasthan/outputs/api_daily_top10_guarded.csv,/home/runner/work/heatpulse-rajasthan/heatpulse-rajasthan/docs/step10_data_reliability_report.csv,legacy_v1,baseline_logistic_step4
2026-05-22 15:48:57,success,75555,2025-12-30,0.85,/home/runner/work/heatpulse-rajasthan/heatpulse-rajasthan/outputs/daily_alerts_auto.csv,/home/runner/work/heatpulse-rajasthan/heatpulse-rajasthan/outputs/daily_top10_auto.csv,/home/runner/work/heatpulse-rajasthan/heatpulse-rajasthan/outputs/latest_day_top10_auto.csv,success,/home/runner/work/heatpulse-rajasthan/heatpulse-rajasthan/data/raw/api_daily_weather_20260522.csv,/home/runner/work/heatpulse-rajasthan/heatpulse-rajasthan/outputs/api_forecast_alerts_step9_guarded.csv,/home/runner/work/heatpulse-rajasthan/heatpulse-rajasthan/outputs/api_latest_top10_guarded.csv,"quality_mode=live_valid; selected_file=/home/runner/work/heatpulse-rajasthan/heatpulse-rajasthan/data/raw/api_daily_weather_20260522.csv
Batch API fetch rows: 46
Saved API daily weather file: /home/runner/work/heatpulse-rajasthan/heatpulse-rajasthan/data/raw/api_daily_weather_20260522.csv
Shape: (46, 10)
         date  district  rain_mm  ...  sunrise_local  sunset_local tavg_c
0  2026-05-22     Ajmer      0.0  ...       05:41 AM      07:14 PM  33.35
1  2026-05-23     Ajmer      0.0  ...       05:40 AM      07:15 PM  33.80
2  2026-05-22     Alwar      0.0  ...       05:31 AM      07:09 PM  35.75
3  2026-05-23     Alwar      0.0  ...       05:31 AM      07:09 PM  34.70
4  2026-05-22  Banswara      0.0  ...       05:47 AM      07:10 PM  34.50

[5 rows x 10 columns]
",/home/runner/work/heatpulse-rajasthan/heatpulse-rajasthan/outputs/api_daily_top10_guarded.csv,/home/runner/work/heatpulse-rajasthan/heatpulse-rajasthan/docs/step10_data_reliability_report.csv,legacy_v1,baseline_logistic_step4
2026-05-22 18:55:59,success,75555,2025-12-30,0.85,/home/runner/work/heatpulse-rajasthan/heatpulse-rajasthan/outputs/daily_alerts_auto.csv,/home/runner/work/heatpulse-rajasthan/heatpulse-rajasthan/outputs/daily_top10_auto.csv,/home/runner/work/heatpulse-rajasthan/heatpulse-rajasthan/outputs/latest_day_top10_auto.csv,success,/home/runner/work/heatpulse-rajasthan/heatpulse-rajasthan/data/raw/api_daily_weather_20260522.csv,/home/runner/work/heatpulse-rajasthan/heatpulse-rajasthan/outputs/api_forecast_alerts_step9_guarded.csv,/home/runner/work/heatpulse-rajasthan/heatpulse-rajasthan/outputs/api_latest_top10_guarded.csv,"quality_mode=live_valid; selected_file=/home/runner/work/heatpulse-rajasthan/heatpulse-rajasthan/data/raw/api_daily_weather_20260522.csv
Batch API fetch rows: 46
Saved API daily weather file: /home/runner/work/heatpulse-rajasthan/heatpulse-rajasthan/data/raw/api_daily_weather_20260522.csv
Shape: (46, 10)
         date  district  rain_mm  ...  sunrise_local  sunset_local tavg_c
0  2026-05-22     Ajmer      0.0  ...       05:41 AM      07:14 PM  33.35
1  2026-05-23     Ajmer      0.0  ...       05:40 AM      07:15 PM  33.80
2  2026-05-22     Alwar      0.0  ...       05:31 AM      07:09 PM  35.75
3  2026-05-23     Alwar      0.0  ...       05:31 AM      07:09 PM  34.70
4  2026-05-22  Banswara      0.0  ...       05:47 AM      07:10 PM  34.50

[5 rows x 10 columns]
",/home/runner/work/heatpulse-rajasthan/heatpulse-rajasthan/outputs/api_daily_top10_guarded.csv,/home/runner/work/heatpulse-rajasthan/heatpulse-rajasthan/docs/step10_data_reliability_report.csv,legacy_v1,baseline_logistic_step4
2026-05-23 04:42:37,success,75555,2025-12-30,0.85,/home/runner/work/heatpulse-rajasthan/heatpulse-rajasthan/outputs/daily_alerts_auto.csv,/home/runner/work/heatpulse-rajasthan/heatpulse-rajasthan/outputs/daily_top10_auto.csv,/home/runner/work/heatpulse-rajasthan/heatpulse-rajasthan/outputs/latest_day_top10_auto.csv,success,/home/runner/work/heatpulse-rajasthan/heatpulse-rajasthan/data/raw/api_daily_weather_20260523.csv,/home/runner/work/heatpulse-rajasthan/heatpulse-rajasthan/outputs/api_forecast_alerts_step9_guarded.csv,/home/runner/work/heatpulse-rajasthan/heatpulse-rajasthan/outputs/api_latest_top10_guarded.csv,"quality_mode=live_valid; selected_file=/home/runner/work/heatpulse-rajasthan/heatpulse-rajasthan/data/raw/api_daily_weather_20260523.csv
Batch API fetch rows: 46
Saved API daily weather file: /home/runner/work/heatpulse-rajasthan/heatpulse-rajasthan/data/raw/api_daily_weather_20260523.csv
Shape: (46, 10)
         date  district  rain_mm  ...  sunrise_local  sunset_local tavg_c
0  2026-05-23     Ajmer      0.0  ...       05:40 AM      07:15 PM  33.95
1  2026-05-24     Ajmer      0.0  ...       05:40 AM      07:15 PM  34.20
2  2026-05-23     Alwar      0.0  ...       05:31 AM      07:09 PM  34.75
3  2026-05-24     Alwar      0.0  ...       05:30 AM      07:10 PM  35.75
4  2026-05-23  Banswara      0.0  ...       05:47 AM      07:10 PM  34.45

[5 rows x 10 columns]
",/home/runner/work/heatpulse-rajasthan/heatpulse-rajasthan/outputs/api_daily_top10_guarded.csv,/home/runner/work/heatpulse-rajasthan/heatpulse-rajasthan/docs/step10_data_reliability_report.csv,legacy_v1,baseline_logistic_step4
2026-05-23 07:33:08,success,75555,2025-12-30,0.85,/home/runner/work/heatpulse-rajasthan/heatpulse-rajasthan/outputs/daily_alerts_auto.csv,/home/runner/work/heatpulse-rajasthan/heatpulse-rajasthan/outputs/daily_top10_auto.csv,/home/runner/work/heatpulse-rajasthan/heatpulse-rajasthan/outputs/latest_day_top10_auto.csv,success,/home/runner/work/heatpulse-rajasthan/heatpulse-rajasthan/data/raw/api_daily_weather_20260523.csv,/home/runner/work/heatpulse-rajasthan/heatpulse-rajasthan/outputs/api_forecast_alerts_step9_guarded.csv,/home/runner/work/heatpulse-rajasthan/heatpulse-rajasthan/outputs/api_latest_top10_guarded.csv,"quality_mode=live_valid; selected_file=/home/runner/work/heatpulse-rajasthan/heatpulse-rajasthan/data/raw/api_daily_weather_20260523.csv
Batch API fetch rows: 46
Saved API daily weather file: /home/runner/work/heatpulse-rajasthan/heatpulse-rajasthan/data/raw/api_daily_weather_20260523.csv
Shape: (46, 10)
         date  district  rain_mm  ...  sunrise_local  sunset_local tavg_c
0  2026-05-23     Ajmer      0.0  ...       05:40 AM      07:15 PM  34.30
1  2026-05-24     Ajmer      0.0  ...       05:40 AM      07:15 PM  34.30
2  2026-05-23     Alwar      0.0  ...       05:31 AM      07:09 PM  34.95
3  2026-05-24     Alwar      0.0  ...       05:30 AM      07:10 PM  35.05
4  2026-05-23  Banswara      0.0  ...       05:47 AM      07:10 PM  34.65

[5 rows x 10 columns]
",/home/runner/work/heatpulse-rajasthan/heatpulse-rajasthan/outputs/api_daily_top10_guarded.csv,/home/runner/work/heatpulse-rajasthan/heatpulse-rajasthan/docs/step10_data_reliability_report.csv,legacy_v1,baseline_logistic_step4
2026-05-23 10:27:06,success,75555,2025-12-30,0.85,/home/runner/work/heatpulse-rajasthan/heatpulse-rajasthan/outputs/daily_alerts_auto.csv,/home/runner/work/heatpulse-rajasthan/heatpulse-rajasthan/outputs/daily_top10_auto.csv,/home/runner/work/heatpulse-rajasthan/heatpulse-rajasthan/outputs/latest_day_top10_auto.csv,success,/home/runner/work/heatpulse-rajasthan/heatpulse-rajasthan/data/raw/api_daily_weather_20260523.csv,/home/runner/work/heatpulse-rajasthan/heatpulse-rajasthan/outputs/api_forecast_alerts_step9_guarded.csv,/home/runner/work/heatpulse-rajasthan/heatpulse-rajasthan/outputs/api_latest_top10_guarded.csv,"quality_mode=live_valid; selected_file=/home/runner/work/heatpulse-rajasthan/heatpulse-rajasthan/data/raw/api_daily_weather_20260523.csv
Batch API fetch rows: 46
Saved API daily weather file: /home/runner/work/heatpulse-rajasthan/heatpulse-rajasthan/data/raw/api_daily_weather_20260523.csv
Shape: (46, 10)
         date  district  rain_mm  ...  sunrise_local  sunset_local tavg_c
0  2026-05-23     Ajmer      0.0  ...       05:40 AM      07:15 PM  34.30
1  2026-05-24     Ajmer      0.0  ...       05:40 AM      07:15 PM  34.30
2  2026-05-23     Alwar      0.0  ...       05:31 AM      07:09 PM  34.95
3  2026-05-24     Alwar      0.0  ...       05:30 AM      07:10 PM  35.05
4  2026-05-23  Banswara      0.0  ...       05:47 AM      07:10 PM  34.65

[5 rows x 10 columns]
",/home/runner/work/heatpulse-rajasthan/heatpulse-rajasthan/outputs/api_daily_top10_guarded.csv,/home/runner/work/heatpulse-rajasthan/heatpulse-rajasthan/docs/step10_data_reliability_report.csv,legacy_v1,baseline_logistic_step4
2026-05-23 14:40:26,success,75555,2025-12-30,0.85,/home/runner/work/heatpulse-rajasthan/heatpulse-rajasthan/outputs/daily_alerts_auto.csv,/home/runner/work/heatpulse-rajasthan/heatpulse-rajasthan/outputs/daily_top10_auto.csv,/home/runner/work/heatpulse-rajasthan/heatpulse-rajasthan/outputs/latest_day_top10_auto.csv,success,/home/runner/work/heatpulse-rajasthan/heatpulse-rajasthan/data/raw/api_daily_weather_20260523.csv,/home/runner/work/heatpulse-rajasthan/heatpulse-rajasthan/outputs/api_forecast_alerts_step9_guarded.csv,/home/runner/work/heatpulse-rajasthan/heatpulse-rajasthan/outputs/api_latest_top10_guarded.csv,"quality_mode=live_valid; selected_file=/home/runner/work/heatpulse-rajasthan/heatpulse-rajasthan/data/raw/api_daily_weather_20260523.csv
Batch API fetch rows: 46
Saved API daily weather file: /home/runner/work/heatpulse-rajasthan/heatpulse-rajasthan/data/raw/api_daily_weather_20260523.csv
Shape: (46, 10)
         date  district  rain_mm  ...  sunrise_local  sunset_local tavg_c
0  2026-05-23     Ajmer      0.0  ...       05:40 AM      07:15 PM  34.30
1  2026-05-24     Ajmer      0.0  ...       05:40 AM      07:15 PM  34.15
2  2026-05-23     Alwar      0.0  ...       05:31 AM      07:09 PM  34.80
3  2026-05-24     Alwar      0.0  ...       05:30 AM      07:10 PM  35.15
4  2026-05-23  Banswara      0.0  ...       05:47 AM      07:10 PM  34.55

[5 rows x 10 columns]
",/home/runner/work/heatpulse-rajasthan/heatpulse-rajasthan/outputs/api_daily_top10_guarded.csv,/home/runner/work/heatpulse-rajasthan/heatpulse-rajasthan/docs/step10_data_reliability_report.csv,legacy_v1,baseline_logistic_step4
2026-05-23 18:02:30,success,75555,2025-12-30,0.85,/home/runner/work/heatpulse-rajasthan/heatpulse-rajasthan/outputs/daily_alerts_auto.csv,/home/runner/work/heatpulse-rajasthan/heatpulse-rajasthan/outputs/daily_top10_auto.csv,/home/runner/work/heatpulse-rajasthan/heatpulse-rajasthan/outputs/latest_day_top10_auto.csv,success,/home/runner/work/heatpulse-rajasthan/heatpulse-rajasthan/data/raw/api_daily_weather_20260523.csv,/home/runner/work/heatpulse-rajasthan/heatpulse-rajasthan/outputs/api_forecast_alerts_step9_guarded.csv,/home/runner/work/heatpulse-rajasthan/heatpulse-rajasthan/outputs/api_latest_top10_guarded.csv,"quality_mode=live_valid; selected_file=/home/runner/work/heatpulse-rajasthan/heatpulse-rajasthan/data/raw/api_daily_weather_20260523.csv
Batch API fetch rows: 46
Saved API daily weather file: /home/runner/work/heatpulse-rajasthan/heatpulse-rajasthan/data/raw/api_daily_weather_20260523.csv
Shape: (46, 10)
         date  district  rain_mm  ...  sunrise_local  sunset_local tavg_c
0  2026-05-23     Ajmer      0.0  ...       05:40 AM      07:15 PM  34.30
1  2026-05-24     Ajmer      0.0  ...       05:40 AM      07:15 PM  34.15
2  2026-05-23     Alwar      0.0  ...       05:31 AM      07:09 PM  34.80
3  2026-05-24     Alwar      0.0  ...       05:30 AM      07:10 PM  35.15
4  2026-05-23  Banswara      0.0  ...       05:47 AM      07:10 PM  34.55

[5 rows x 10 columns]
",/home/runner/work/heatpulse-rajasthan/heatpulse-rajasthan/outputs/api_daily_top10_guarded.csv,/home/runner/work/heatpulse-rajasthan/heatpulse-rajasthan/docs/step10_data_reliability_report.csv,legacy_v1,baseline_logistic_step4
2026-05-24 05:02:04,success,75555,2025-12-30,0.85,/home/runner/work/heatpulse-rajasthan/heatpulse-rajasthan/outputs/daily_alerts_auto.csv,/home/runner/work/heatpulse-rajasthan/heatpulse-rajasthan/outputs/daily_top10_auto.csv,/home/runner/work/heatpulse-rajasthan/heatpulse-rajasthan/outputs/latest_day_top10_auto.csv,success,/home/runner/work/heatpulse-rajasthan/heatpulse-rajasthan/data/raw/api_daily_weather_20260524.csv,/home/runner/work/heatpulse-rajasthan/heatpulse-rajasthan/outputs/api_forecast_alerts_step9_guarded.csv,/home/runner/work/heatpulse-rajasthan/heatpulse-rajasthan/outputs/api_latest_top10_guarded.csv,"quality_mode=live_valid; selected_file=/home/runner/work/heatpulse-rajasthan/heatpulse-rajasthan/data/raw/api_daily_weather_20260524.csv
Batch API fetch rows: 46
Saved API daily weather file: /home/runner/work/heatpulse-rajasthan/heatpulse-rajasthan/data/raw/api_daily_weather_20260524.csv
Shape: (46, 10)
         date  district  rain_mm  ...  sunrise_local  sunset_local tavg_c
0  2026-05-24     Ajmer      0.0  ...       05:40 AM      07:15 PM  34.55
1  2026-05-25     Ajmer      0.0  ...       05:40 AM      07:16 PM  33.00
2  2026-05-24     Alwar      0.0  ...       05:30 AM      07:10 PM  35.05
3  2026-05-25     Alwar      0.0  ...       05:30 AM      07:10 PM  36.80
4  2026-05-24  Banswara      0.2  ...       05:46 AM      07:11 PM  34.65

[5 rows x 10 columns]
",/home/runner/work/heatpulse-rajasthan/heatpulse-rajasthan/outputs/api_daily_top10_guarded.csv,/home/runner/work/heatpulse-rajasthan/heatpulse-rajasthan/docs/step10_data_reliability_report.csv,legacy_v1,baseline_logistic_step4
2026-05-24 10:42:22,success,75555,2025-12-30,0.85,/home/runner/work/heatpulse-rajasthan/heatpulse-rajasthan/outputs/daily_alerts_auto.csv,/home/runner/work/heatpulse-rajasthan/heatpulse-rajasthan/outputs/daily_top10_auto.csv,/home/runner/work/heatpulse-rajasthan/heatpulse-rajasthan/outputs/latest_day_top10_auto.csv,success,/home/runner/work/heatpulse-rajasthan/heatpulse-rajasthan/data/raw/api_daily_weather_20260524.csv,/home/runner/work/heatpulse-rajasthan/heatpulse-rajasthan/outputs/api_forecast_alerts_step9_guarded.csv,/home/runner/work/heatpulse-rajasthan/heatpulse-rajasthan/outputs/api_latest_top10_guarded.csv,"quality_mode=live_valid; selected_file=/home/runner/work/heatpulse-rajasthan/heatpulse-rajasthan/data/raw/api_daily_weather_20260524.csv
Batch API fetch rows: 46
Saved API daily weather file: /home/runner/work/heatpulse-rajasthan/heatpulse-rajasthan/data/raw/api_daily_weather_20260524.csv
Shape: (46, 10)
         date  district  rain_mm  ...  sunrise_local  sunset_local tavg_c
0  2026-05-24     Ajmer      0.0  ...       05:40 AM      07:15 PM  34.50
1  2026-05-25     Ajmer      0.0  ...       05:40 AM      07:16 PM  33.00
2  2026-05-24     Alwar      0.0  ...       05:30 AM      07:10 PM  34.95
3  2026-05-25     Alwar      0.0  ...       05:30 AM      07:10 PM  36.80
4  2026-05-24  Banswara      0.0  ...       05:46 AM      07:11 PM  34.60

[5 rows x 10 columns]
",/home/runner/work/heatpulse-rajasthan/heatpulse-rajasthan/outputs/api_daily_top10_guarded.csv,/home/runner/work/heatpulse-rajasthan/heatpulse-rajasthan/docs/step10_data_reliability_report.csv,legacy_v1,baseline_logistic_step4
2026-05-24 14:24:59,success,75555,2025-12-30,0.85,/home/runner/work/heatpulse-rajasthan/heatpulse-rajasthan/outputs/daily_alerts_auto.csv,/home/runner/work/heatpulse-rajasthan/heatpulse-rajasthan/outputs/daily_top10_auto.csv,/home/runner/work/heatpulse-rajasthan/heatpulse-rajasthan/outputs/latest_day_top10_auto.csv,success,/home/runner/work/heatpulse-rajasthan/heatpulse-rajasthan/data/raw/api_daily_weather_20260524.csv,/home/runner/work/heatpulse-rajasthan/heatpulse-rajasthan/outputs/api_forecast_alerts_step9_guarded.csv,/home/runner/work/heatpulse-rajasthan/heatpulse-rajasthan/outputs/api_latest_top10_guarded.csv,"quality_mode=live_valid; selected_file=/home/runner/work/heatpulse-rajasthan/heatpulse-rajasthan/data/raw/api_daily_weather_20260524.csv
Batch API fetch rows: 46
Saved API daily weather file: /home/runner/work/heatpulse-rajasthan/heatpulse-rajasthan/data/raw/api_daily_weather_20260524.csv
Shape: (46, 10)
         date  district  rain_mm  ...  sunrise_local  sunset_local tavg_c
0  2026-05-24     Ajmer      0.0  ...       05:40 AM      07:15 PM  34.50
1  2026-05-25     Ajmer      0.0  ...       05:40 AM      07:16 PM  33.40
2  2026-05-24     Alwar      0.0  ...       05:30 AM      07:10 PM  35.15
3  2026-05-25     Alwar      0.0  ...       05:30 AM      07:10 PM  36.95
4  2026-05-24  Banswara      0.0  ...       05:46 AM      07:11 PM  34.50

[5 rows x 10 columns]
",/home/runner/work/heatpulse-rajasthan/heatpulse-rajasthan/outputs/api_daily_top10_guarded.csv,/home/runner/work/heatpulse-rajasthan/heatpulse-rajasthan/docs/step10_data_reliability_report.csv,legacy_v1,baseline_logistic_step4
2026-05-24 17:58:56,success,75555,2025-12-30,0.85,/home/runner/work/heatpulse-rajasthan/heatpulse-rajasthan/outputs/daily_alerts_auto.csv,/home/runner/work/heatpulse-rajasthan/heatpulse-rajasthan/outputs/daily_top10_auto.csv,/home/runner/work/heatpulse-rajasthan/heatpulse-rajasthan/outputs/latest_day_top10_auto.csv,success,/home/runner/work/heatpulse-rajasthan/heatpulse-rajasthan/data/raw/api_daily_weather_20260524.csv,/home/runner/work/heatpulse-rajasthan/heatpulse-rajasthan/outputs/api_forecast_alerts_step9_guarded.csv,/home/runner/work/heatpulse-rajasthan/heatpulse-rajasthan/outputs/api_latest_top10_guarded.csv,"quality_mode=live_valid; selected_file=/home/runner/work/heatpulse-rajasthan/heatpulse-rajasthan/data/raw/api_daily_weather_20260524.csv
Batch API fetch rows: 46
Saved API daily weather file: /home/runner/work/heatpulse-rajasthan/heatpulse-rajasthan/data/raw/api_daily_weather_20260524.csv
Shape: (46, 10)
         date  district  rain_mm  ...  sunrise_local  sunset_local tavg_c
0  2026-05-24     Ajmer      0.0  ...       05:40 AM      07:15 PM  34.50
1  2026-05-25     Ajmer      0.0  ...       05:40 AM      07:16 PM  33.40
2  2026-05-24     Alwar      0.0  ...       05:30 AM      07:10 PM  35.15
3  2026-05-25     Alwar      0.0  ...       05:30 AM      07:10 PM  36.95
4  2026-05-24  Banswara      0.0  ...       05:46 AM      07:11 PM  34.50

[5 rows x 10 columns]
",/home/runner/work/heatpulse-rajasthan/heatpulse-rajasthan/outputs/api_daily_top10_guarded.csv,/home/runner/work/heatpulse-rajasthan/heatpulse-rajasthan/docs/step10_data_reliability_report.csv,legacy_v1,baseline_logistic_step4
2026-05-25 05:20:56,success,75555,2025-12-30,0.85,/home/runner/work/heatpulse-rajasthan/heatpulse-rajasthan/outputs/daily_alerts_auto.csv,/home/runner/work/heatpulse-rajasthan/heatpulse-rajasthan/outputs/daily_top10_auto.csv,/home/runner/work/heatpulse-rajasthan/heatpulse-rajasthan/outputs/latest_day_top10_auto.csv,success,/home/runner/work/heatpulse-rajasthan/heatpulse-rajasthan/data/raw/api_daily_weather_20260525.csv,/home/runner/work/heatpulse-rajasthan/heatpulse-rajasthan/outputs/api_forecast_alerts_step9_guarded.csv,/home/runner/work/heatpulse-rajasthan/heatpulse-rajasthan/outputs/api_latest_top10_guarded.csv,"quality_mode=live_valid; selected_file=/home/runner/work/heatpulse-rajasthan/heatpulse-rajasthan/data/raw/api_daily_weather_20260525.csv
Batch API fetch rows: 46
Saved API daily weather file: /home/runner/work/heatpulse-rajasthan/heatpulse-rajasthan/data/raw/api_daily_weather_20260525.csv
Shape: (46, 10)
         date  district  rain_mm  ...  sunrise_local  sunset_local tavg_c
0  2026-05-25     Ajmer      0.0  ...       05:40 AM      07:16 PM  33.25
1  2026-05-26     Ajmer      0.0  ...       05:40 AM      07:16 PM  34.35
2  2026-05-25     Alwar      0.0  ...       05:30 AM      07:10 PM  37.10
3  2026-05-26     Alwar      0.0  ...       05:30 AM      07:11 PM  36.55
4  2026-05-25  Banswara      0.0  ...       05:46 AM      07:11 PM  34.40

[5 rows x 10 columns]
",/home/runner/work/heatpulse-rajasthan/heatpulse-rajasthan/outputs/api_daily_top10_guarded.csv,/home/runner/work/heatpulse-rajasthan/heatpulse-rajasthan/docs/step10_data_reliability_report.csv,legacy_v1,baseline_logistic_step4
2026-05-25 12:33:00,success,75555,2025-12-30,0.85,/home/runner/work/heatpulse-rajasthan/heatpulse-rajasthan/outputs/daily_alerts_auto.csv,/home/runner/work/heatpulse-rajasthan/heatpulse-rajasthan/outputs/daily_top10_auto.csv,/home/runner/work/heatpulse-rajasthan/heatpulse-rajasthan/outputs/latest_day_top10_auto.csv,success,/home/runner/work/heatpulse-rajasthan/heatpulse-rajasthan/data/raw/api_daily_weather_20260525.csv,/home/runner/work/heatpulse-rajasthan/heatpulse-rajasthan/outputs/api_forecast_alerts_step9_guarded.csv,/home/runner/work/heatpulse-rajasthan/heatpulse-rajasthan/outputs/api_latest_top10_guarded.csv,"quality_mode=live_valid; selected_file=/home/runner/work/heatpulse-rajasthan/heatpulse-rajasthan/data/raw/api_daily_weather_20260525.csv
Batch API fetch rows: 46
Saved API daily weather file: /home/runner/work/heatpulse-rajasthan/heatpulse-rajasthan/data/raw/api_daily_weather_20260525.csv
Shape: (46, 10)
         date  district  rain_mm  ...  sunrise_local  sunset_local tavg_c
0  2026-05-25     Ajmer      0.0  ...       05:40 AM      07:16 PM  33.50
1  2026-05-26     Ajmer      0.0  ...       05:40 AM      07:16 PM  34.40
2  2026-05-25     Alwar      0.0  ...       05:30 AM      07:10 PM  37.25
3  2026-05-26     Alwar      0.0  ...       05:30 AM      07:11 PM  36.90
4  2026-05-25  Banswara      0.0  ...       05:46 AM      07:11 PM  34.35

[5 rows x 10 columns]
",/home/runner/work/heatpulse-rajasthan/heatpulse-rajasthan/outputs/api_daily_top10_guarded.csv,/home/runner/work/heatpulse-rajasthan/heatpulse-rajasthan/docs/step10_data_reliability_report.csv,legacy_v1,baseline_logistic_step4
2026-05-25 15:51:51,success,75555,2025-12-30,0.85,/home/runner/work/heatpulse-rajasthan/heatpulse-rajasthan/outputs/daily_alerts_auto.csv,/home/runner/work/heatpulse-rajasthan/heatpulse-rajasthan/outputs/daily_top10_auto.csv,/home/runner/work/heatpulse-rajasthan/heatpulse-rajasthan/outputs/latest_day_top10_auto.csv,success,/home/runner/work/heatpulse-rajasthan/heatpulse-rajasthan/data/raw/api_daily_weather_20260525.csv,/home/runner/work/heatpulse-rajasthan/heatpulse-rajasthan/outputs/api_forecast_alerts_step9_guarded.csv,/home/runner/work/heatpulse-rajasthan/heatpulse-rajasthan/outputs/api_latest_top10_guarded.csv,"quality_mode=live_valid; selected_file=/home/runner/work/heatpulse-rajasthan/heatpulse-rajasthan/data/raw/api_daily_weather_20260525.csv
Batch API fetch rows: 46
Saved API daily weather file: /home/runner/work/heatpulse-rajasthan/heatpulse-rajasthan/data/raw/api_daily_weather_20260525.csv
Shape: (46, 10)
         date  district  rain_mm  ...  sunrise_local  sunset_local tavg_c
0  2026-05-25     Ajmer      0.0  ...       05:40 AM      07:16 PM  33.45
1  2026-05-26     Ajmer      0.0  ...       05:40 AM      07:16 PM  34.60
2  2026-05-25     Alwar      0.3  ...       05:30 AM      07:10 PM  37.45
3  2026-05-26     Alwar      0.0  ...       05:30 AM      07:11 PM  36.10
4  2026-05-25  Banswara      0.0  ...       05:46 AM      07:11 PM  34.35

[5 rows x 10 columns]
",/home/runner/work/heatpulse-rajasthan/heatpulse-rajasthan/outputs/api_daily_top10_guarded.csv,/home/runner/work/heatpulse-rajasthan/heatpulse-rajasthan/docs/step10_data_reliability_report.csv,legacy_v1,baseline_logistic_step4
2026-05-25 18:25:44,success,75555,2025-12-30,0.85,/home/runner/work/heatpulse-rajasthan/heatpulse-rajasthan/outputs/daily_alerts_auto.csv,/home/runner/work/heatpulse-rajasthan/heatpulse-rajasthan/outputs/daily_top10_auto.csv,/home/runner/work/heatpulse-rajasthan/heatpulse-rajasthan/outputs/latest_day_top10_auto.csv,success,/home/runner/work/heatpulse-rajasthan/heatpulse-rajasthan/data/raw/api_daily_weather_20260525.csv,/home/runner/work/heatpulse-rajasthan/heatpulse-rajasthan/outputs/api_forecast_alerts_step9_guarded.csv,/home/runner/work/heatpulse-rajasthan/heatpulse-rajasthan/outputs/api_latest_top10_guarded.csv,"quality_mode=live_valid; selected_file=/home/runner/work/heatpulse-rajasthan/heatpulse-rajasthan/data/raw/api_daily_weather_20260525.csv
Batch API fetch rows: 46
Saved API daily weather file: /home/runner/work/heatpulse-rajasthan/heatpulse-rajasthan/data/raw/api_daily_weather_20260525.csv
Shape: (46, 10)
         date  district  rain_mm  ...  sunrise_local  sunset_local tavg_c
0  2026-05-25     Ajmer      0.0  ...       05:40 AM      07:16 PM  33.45
1  2026-05-26     Ajmer      0.0  ...       05:40 AM      07:16 PM  34.60
2  2026-05-25     Alwar      0.3  ...       05:30 AM      07:10 PM  37.45
3  2026-05-26     Alwar      0.0  ...       05:30 AM      07:11 PM  36.10
4  2026-05-25  Banswara      0.0  ...       05:46 AM      07:11 PM  34.35

[5 rows x 10 columns]
",/home/runner/work/heatpulse-rajasthan/heatpulse-rajasthan/outputs/api_daily_top10_guarded.csv,/home/runner/work/heatpulse-rajasthan/heatpulse-rajasthan/docs/step10_data_reliability_report.csv,legacy_v1,baseline_logistic_step4
2026-05-26 05:04:23,success,75555,2025-12-30,0.85,/home/runner/work/heatpulse-rajasthan/heatpulse-rajasthan/outputs/daily_alerts_auto.csv,/home/runner/work/heatpulse-rajasthan/heatpulse-rajasthan/outputs/daily_top10_auto.csv,/home/runner/work/heatpulse-rajasthan/heatpulse-rajasthan/outputs/latest_day_top10_auto.csv,success,/home/runner/work/heatpulse-rajasthan/heatpulse-rajasthan/data/raw/api_daily_weather_20260526.csv,/home/runner/work/heatpulse-rajasthan/heatpulse-rajasthan/outputs/api_forecast_alerts_step9_guarded.csv,/home/runner/work/heatpulse-rajasthan/heatpulse-rajasthan/outputs/api_latest_top10_guarded.csv,"quality_mode=live_valid; selected_file=/home/runner/work/heatpulse-rajasthan/heatpulse-rajasthan/data/raw/api_daily_weather_20260526.csv
Batch API fetch rows: 46
Saved API daily weather file: /home/runner/work/heatpulse-rajasthan/heatpulse-rajasthan/data/raw/api_daily_weather_20260526.csv
Shape: (46, 10)
         date  district  rain_mm  ...  sunrise_local  sunset_local tavg_c
0  2026-05-26     Ajmer      0.0  ...       05:40 AM      07:16 PM  34.85
1  2026-05-27     Ajmer      0.0  ...       05:39 AM      07:17 PM  35.10
2  2026-05-26     Alwar      0.1  ...       05:30 AM      07:11 PM  36.30
3  2026-05-27     Alwar      0.0  ...       05:29 AM      07:11 PM  36.75
4  2026-05-26  Banswara      0.0  ...       05:46 AM      07:12 PM  34.05

[5 rows x 10 columns]
",/home/runner/work/heatpulse-rajasthan/heatpulse-rajasthan/outputs/api_daily_top10_guarded.csv,/home/runner/work/heatpulse-rajasthan/heatpulse-rajasthan/docs/step10_data_reliability_report.csv,legacy_v1,baseline_logistic_step4
2026-05-26 16:43:57,success,75555,2025-12-30,0.85,/home/runner/work/heatpulse-rajasthan/heatpulse-rajasthan/outputs/daily_alerts_auto.csv,/home/runner/work/heatpulse-rajasthan/heatpulse-rajasthan/outputs/daily_top10_auto.csv,/home/runner/work/heatpulse-rajasthan/heatpulse-rajasthan/outputs/latest_day_top10_auto.csv,success,/home/runner/work/heatpulse-rajasthan/heatpulse-rajasthan/data/raw/api_daily_weather_20260526.csv,/home/runner/work/heatpulse-rajasthan/heatpulse-rajasthan/outputs/api_forecast_alerts_step9_guarded.csv,/home/runner/work/heatpulse-rajasthan/heatpulse-rajasthan/outputs/api_latest_top10_guarded.csv,"quality_mode=live_valid; selected_file=/home/runner/work/heatpulse-rajasthan/heatpulse-rajasthan/data/raw/api_daily_weather_20260526.csv
Batch API fetch rows: 46
Saved API daily weather file: /home/runner/work/heatpulse-rajasthan/heatpulse-rajasthan/data/raw/api_daily_weather_20260526.csv
Shape: (46, 10)
         date  district  rain_mm  ...  sunrise_local  sunset_local tavg_c
0  2026-05-26     Ajmer      0.0  ...       05:40 AM      07:16 PM  34.60
1  2026-05-27     Ajmer      0.0  ...       05:39 AM      07:17 PM  35.00
2  2026-05-26     Alwar      0.0  ...       05:30 AM      07:11 PM  36.30
3  2026-05-27     Alwar      0.0  ...       05:29 AM      07:11 PM  36.60
4  2026-05-26  Banswara      0.0  ...       05:46 AM      07:12 PM  33.85

[5 rows x 10 columns]
",/home/runner/work/heatpulse-rajasthan/heatpulse-rajasthan/outputs/api_daily_top10_guarded.csv,/home/runner/work/heatpulse-rajasthan/heatpulse-rajasthan/docs/step10_data_reliability_report.csv,legacy_v1,baseline_logistic_step4
2026-05-26 19:21:51,success,75555,2025-12-30,0.85,/home/runner/work/heatpulse-rajasthan/heatpulse-rajasthan/outputs/daily_alerts_auto.csv,/home/runner/work/heatpulse-rajasthan/heatpulse-rajasthan/outputs/daily_top10_auto.csv,/home/runner/work/heatpulse-rajasthan/heatpulse-rajasthan/outputs/latest_day_top10_auto.csv,success,/home/runner/work/heatpulse-rajasthan/heatpulse-rajasthan/data/raw/api_daily_weather_20260526.csv,/home/runner/work/heatpulse-rajasthan/heatpulse-rajasthan/outputs/api_forecast_alerts_step9_guarded.csv,/home/runner/work/heatpulse-rajasthan/heatpulse-rajasthan/outputs/api_latest_top10_guarded.csv,"quality_mode=live_valid; selected_file=/home/runner/work/heatpulse-rajasthan/heatpulse-rajasthan/data/raw/api_daily_weather_20260526.csv
Batch API fetch rows: 46
Saved API daily weather file: /home/runner/work/heatpulse-rajasthan/heatpulse-rajasthan/data/raw/api_daily_weather_20260526.csv
Shape: (46, 10)
         date  district  rain_mm  ...  sunrise_local  sunset_local tavg_c
0  2026-05-27     Ajmer      0.0  ...       05:39 AM      07:17 PM  35.00
1  2026-05-28     Ajmer      0.0  ...       05:39 AM      07:17 PM  34.70
2  2026-05-27     Alwar      0.0  ...       05:29 AM      07:11 PM  36.60
3  2026-05-28     Alwar      0.5  ...       05:29 AM      07:12 PM  34.90
4  2026-05-27  Banswara      0.0  ...       05:46 AM      07:12 PM  34.35

[5 rows x 10 columns]
",/home/runner/work/heatpulse-rajasthan/heatpulse-rajasthan/outputs/api_daily_top10_guarded.csv,/home/runner/work/heatpulse-rajasthan/heatpulse-rajasthan/docs/step10_data_reliability_report.csv,legacy_v1,baseline_logistic_step4
2026-05-27 05:16:44,success,75555,2025-12-30,0.85,/home/runner/work/heatpulse-rajasthan/heatpulse-rajasthan/outputs/daily_alerts_auto.csv,/home/runner/work/heatpulse-rajasthan/heatpulse-rajasthan/outputs/daily_top10_auto.csv,/home/runner/work/heatpulse-rajasthan/heatpulse-rajasthan/outputs/latest_day_top10_auto.csv,success,/home/runner/work/heatpulse-rajasthan/heatpulse-rajasthan/data/raw/api_daily_weather_20260527.csv,/home/runner/work/heatpulse-rajasthan/heatpulse-rajasthan/outputs/api_forecast_alerts_step9_guarded.csv,/home/runner/work/heatpulse-rajasthan/heatpulse-rajasthan/outputs/api_latest_top10_guarded.csv,"quality_mode=live_valid; selected_file=/home/runner/work/heatpulse-rajasthan/heatpulse-rajasthan/data/raw/api_daily_weather_20260527.csv
Batch API fetch rows: 46
Saved API daily weather file: /home/runner/work/heatpulse-rajasthan/heatpulse-rajasthan/data/raw/api_daily_weather_20260527.csv
Shape: (46, 10)
         date  district  rain_mm  ...  sunrise_local  sunset_local tavg_c
0  2026-05-27     Ajmer      0.0  ...       05:39 AM      07:17 PM  35.35
1  2026-05-28     Ajmer      0.0  ...       05:39 AM      07:17 PM  34.00
2  2026-05-27     Alwar      0.0  ...       05:29 AM      07:11 PM  36.90
3  2026-05-28     Alwar      0.2  ...       05:29 AM      07:12 PM  34.75
4  2026-05-27  Banswara      0.0  ...       05:46 AM      07:12 PM  34.35

[5 rows x 10 columns]
",/home/runner/work/heatpulse-rajasthan/heatpulse-rajasthan/outputs/api_daily_top10_guarded.csv,/home/runner/work/heatpulse-rajasthan/heatpulse-rajasthan/docs/step10_data_reliability_report.csv,legacy_v1,baseline_logistic_step4
2026-05-27 12:22:05,success,75555,2025-12-30,0.85,/home/runner/work/heatpulse-rajasthan/heatpulse-rajasthan/outputs/daily_alerts_auto.csv,/home/runner/work/heatpulse-rajasthan/heatpulse-rajasthan/outputs/daily_top10_auto.csv,/home/runner/work/heatpulse-rajasthan/heatpulse-rajasthan/outputs/latest_day_top10_auto.csv,success,/home/runner/work/heatpulse-rajasthan/heatpulse-rajasthan/data/raw/api_daily_weather_20260527.csv,/home/runner/work/heatpulse-rajasthan/heatpulse-rajasthan/outputs/api_forecast_alerts_step9_guarded.csv,/home/runner/work/heatpulse-rajasthan/heatpulse-rajasthan/outputs/api_latest_top10_guarded.csv,"quality_mode=live_valid; selected_file=/home/runner/work/heatpulse-rajasthan/heatpulse-rajasthan/data/raw/api_daily_weather_20260527.csv
Batch API fetch rows: 46
Saved API daily weather file: /home/runner/work/heatpulse-rajasthan/heatpulse-rajasthan/data/raw/api_daily_weather_20260527.csv
Shape: (46, 10)
         date  district  rain_mm  ...  sunrise_local  sunset_local tavg_c
0  2026-05-27     Ajmer      0.0  ...       05:39 AM      07:17 PM  35.35
1  2026-05-28     Ajmer      0.0  ...       05:39 AM      07:17 PM  34.60
2  2026-05-27     Alwar      0.0  ...       05:29 AM      07:11 PM  37.10
3  2026-05-28     Alwar      0.3  ...       05:29 AM      07:12 PM  35.95
4  2026-05-27  Banswara      0.0  ...       05:46 AM      07:12 PM  34.30

[5 rows x 10 columns]
",/home/runner/work/heatpulse-rajasthan/heatpulse-rajasthan/outputs/api_daily_top10_guarded.csv,/home/runner/work/heatpulse-rajasthan/heatpulse-rajasthan/docs/step10_data_reliability_report.csv,legacy_v1,baseline_logistic_step4
2026-05-27 16:38:42,success,75555,2025-12-30,0.85,/home/runner/work/heatpulse-rajasthan/heatpulse-rajasthan/outputs/daily_alerts_auto.csv,/home/runner/work/heatpulse-rajasthan/heatpulse-rajasthan/outputs/daily_top10_auto.csv,/home/runner/work/heatpulse-rajasthan/heatpulse-rajasthan/outputs/latest_day_top10_auto.csv,success,/home/runner/work/heatpulse-rajasthan/heatpulse-rajasthan/data/raw/api_daily_weather_20260527.csv,/home/runner/work/heatpulse-rajasthan/heatpulse-rajasthan/outputs/api_forecast_alerts_step9_guarded.csv,/home/runner/work/heatpulse-rajasthan/heatpulse-rajasthan/outputs/api_latest_top10_guarded.csv,"quality_mode=live_valid; selected_file=/home/runner/work/heatpulse-rajasthan/heatpulse-rajasthan/data/raw/api_daily_weather_20260527.csv
Batch API fetch rows: 46
Saved API daily weather file: /home/runner/work/heatpulse-rajasthan/heatpulse-rajasthan/data/raw/api_daily_weather_20260527.csv
Shape: (46, 10)
         date  district  rain_mm  ...  sunrise_local  sunset_local tavg_c
0  2026-05-27     Ajmer      0.0  ...       05:39 AM      07:17 PM  35.40
1  2026-05-28     Ajmer      0.0  ...       05:39 AM      07:17 PM  34.80
2  2026-05-27     Alwar      0.0  ...       05:29 AM      07:11 PM  37.35
3  2026-05-28     Alwar      0.0  ...       05:29 AM      07:12 PM  35.30
4  2026-05-27  Banswara      0.0  ...       05:46 AM      07:12 PM  34.15

[5 rows x 10 columns]
",/home/runner/work/heatpulse-rajasthan/heatpulse-rajasthan/outputs/api_daily_top10_guarded.csv,/home/runner/work/heatpulse-rajasthan/heatpulse-rajasthan/docs/step10_data_reliability_report.csv,legacy_v1,baseline_logistic_step4
2026-05-27 19:26:03,success,75555,2025-12-30,0.85,/home/runner/work/heatpulse-rajasthan/heatpulse-rajasthan/outputs/daily_alerts_auto.csv,/home/runner/work/heatpulse-rajasthan/heatpulse-rajasthan/outputs/daily_top10_auto.csv,/home/runner/work/heatpulse-rajasthan/heatpulse-rajasthan/outputs/latest_day_top10_auto.csv,success,/home/runner/work/heatpulse-rajasthan/heatpulse-rajasthan/data/raw/api_daily_weather_20260527.csv,/home/runner/work/heatpulse-rajasthan/heatpulse-rajasthan/outputs/api_forecast_alerts_step9_guarded.csv,/home/runner/work/heatpulse-rajasthan/heatpulse-rajasthan/outputs/api_latest_top10_guarded.csv,"quality_mode=live_valid; selected_file=/home/runner/work/heatpulse-rajasthan/heatpulse-rajasthan/data/raw/api_daily_weather_20260527.csv
Batch API fetch rows: 46
Saved API daily weather file: /home/runner/work/heatpulse-rajasthan/heatpulse-rajasthan/data/raw/api_daily_weather_20260527.csv
Shape: (46, 10)
         date  district  rain_mm  ...  sunrise_local  sunset_local tavg_c
0  2026-05-28     Ajmer      0.0  ...       05:39 AM      07:17 PM  34.80
1  2026-05-29     Ajmer      0.1  ...       05:39 AM      07:18 PM  31.35
2  2026-05-28     Alwar      0.1  ...       05:29 AM      07:12 PM  35.30
3  2026-05-29     Alwar     10.6  ...       05:29 AM      07:12 PM  29.75
4  2026-05-28  Banswara      0.0  ...       05:45 AM      07:12 PM  33.95

[5 rows x 10 columns]
",/home/runner/work/heatpulse-rajasthan/heatpulse-rajasthan/outputs/api_daily_top10_guarded.csv,/home/runner/work/heatpulse-rajasthan/heatpulse-rajasthan/docs/step10_data_reliability_report.csv,legacy_v1,baseline_logistic_step4
2026-05-28 05:09:27,success,75555,2025-12-30,0.85,/home/runner/work/heatpulse-rajasthan/heatpulse-rajasthan/outputs/daily_alerts_auto.csv,/home/runner/work/heatpulse-rajasthan/heatpulse-rajasthan/outputs/daily_top10_auto.csv,/home/runner/work/heatpulse-rajasthan/heatpulse-rajasthan/outputs/latest_day_top10_auto.csv,success,/home/runner/work/heatpulse-rajasthan/heatpulse-rajasthan/data/raw/api_daily_weather_20260528.csv,/home/runner/work/heatpulse-rajasthan/heatpulse-rajasthan/outputs/api_forecast_alerts_step9_guarded.csv,/home/runner/work/heatpulse-rajasthan/heatpulse-rajasthan/outputs/api_latest_top10_guarded.csv,"quality_mode=live_valid; selected_file=/home/runner/work/heatpulse-rajasthan/heatpulse-rajasthan/data/raw/api_daily_weather_20260528.csv
Batch API fetch rows: 46
Saved API daily weather file: /home/runner/work/heatpulse-rajasthan/heatpulse-rajasthan/data/raw/api_daily_weather_20260528.csv
Shape: (46, 10)
         date  district  rain_mm  ...  sunrise_local  sunset_local tavg_c
0  2026-05-28     Ajmer      0.0  ...       05:39 AM      07:17 PM  34.75
1  2026-05-29     Ajmer      0.1  ...       05:39 AM      07:18 PM  30.50
2  2026-05-28     Alwar      0.1  ...       05:29 AM      07:12 PM  35.45
3  2026-05-29     Alwar     13.7  ...       05:29 AM      07:12 PM  29.20
4  2026-05-28  Banswara      0.0  ...       05:45 AM      07:12 PM  34.10

[5 rows x 10 columns]
",/home/runner/work/heatpulse-rajasthan/heatpulse-rajasthan/outputs/api_daily_top10_guarded.csv,/home/runner/work/heatpulse-rajasthan/heatpulse-rajasthan/docs/step10_data_reliability_report.csv,legacy_v1,baseline_logistic_step4
2026-05-28 12:28:06,success,75555,2025-12-30,0.85,/home/runner/work/heatpulse-rajasthan/heatpulse-rajasthan/outputs/daily_alerts_auto.csv,/home/runner/work/heatpulse-rajasthan/heatpulse-rajasthan/outputs/daily_top10_auto.csv,/home/runner/work/heatpulse-rajasthan/heatpulse-rajasthan/outputs/latest_day_top10_auto.csv,success,/home/runner/work/heatpulse-rajasthan/heatpulse-rajasthan/data/raw/api_daily_weather_20260528.csv,/home/runner/work/heatpulse-rajasthan/heatpulse-rajasthan/outputs/api_forecast_alerts_step9_guarded.csv,/home/runner/work/heatpulse-rajasthan/heatpulse-rajasthan/outputs/api_latest_top10_guarded.csv,"quality_mode=live_valid; selected_file=/home/runner/work/heatpulse-rajasthan/heatpulse-rajasthan/data/raw/api_daily_weather_20260528.csv
Batch API fetch rows: 46
Saved API daily weather file: /home/runner/work/heatpulse-rajasthan/heatpulse-rajasthan/data/raw/api_daily_weather_20260528.csv
Shape: (46, 10)
         date  district  rain_mm  ...  sunrise_local  sunset_local tavg_c
0  2026-05-28     Ajmer      0.0  ...       05:39 AM      07:17 PM  34.60
1  2026-05-29     Ajmer      0.6  ...       05:39 AM      07:18 PM  31.85
2  2026-05-28     Alwar      0.3  ...       05:29 AM      07:12 PM  36.15
3  2026-05-29     Alwar     12.8  ...       05:29 AM      07:12 PM  29.70
4  2026-05-28  Banswara      0.0  ...       05:45 AM      07:12 PM  34.05

[5 rows x 10 columns]
",/home/runner/work/heatpulse-rajasthan/heatpulse-rajasthan/outputs/api_daily_top10_guarded.csv,/home/runner/work/heatpulse-rajasthan/heatpulse-rajasthan/docs/step10_data_reliability_report.csv,legacy_v1,baseline_logistic_step4
2026-05-28 16:54:18,success,75555,2025-12-30,0.85,/home/runner/work/heatpulse-rajasthan/heatpulse-rajasthan/outputs/daily_alerts_auto.csv,/home/runner/work/heatpulse-rajasthan/heatpulse-rajasthan/outputs/daily_top10_auto.csv,/home/runner/work/heatpulse-rajasthan/heatpulse-rajasthan/outputs/latest_day_top10_auto.csv,success,/home/runner/work/heatpulse-rajasthan/heatpulse-rajasthan/data/raw/api_daily_weather_20260528.csv,/home/runner/work/heatpulse-rajasthan/heatpulse-rajasthan/outputs/api_forecast_alerts_step9_guarded.csv,/home/runner/work/heatpulse-rajasthan/heatpulse-rajasthan/outputs/api_latest_top10_guarded.csv,"quality_mode=live_valid; selected_file=/home/runner/work/heatpulse-rajasthan/heatpulse-rajasthan/data/raw/api_daily_weather_20260528.csv
Batch API fetch rows: 46
Saved API daily weather file: /home/runner/work/heatpulse-rajasthan/heatpulse-rajasthan/data/raw/api_daily_weather_20260528.csv
Shape: (46, 10)
         date  district  rain_mm  ...  sunrise_local  sunset_local tavg_c
0  2026-05-28     Ajmer      0.0  ...       05:39 AM      07:17 PM  34.70
1  2026-05-29     Ajmer      0.6  ...       05:39 AM      07:18 PM  31.85
2  2026-05-28     Alwar      0.3  ...       05:29 AM      07:12 PM  37.20
3  2026-05-29     Alwar     12.8  ...       05:29 AM      07:12 PM  28.55
4  2026-05-28  Banswara      0.0  ...       05:45 AM      07:12 PM  34.00

[5 rows x 10 columns]
",/home/runner/work/heatpulse-rajasthan/heatpulse-rajasthan/outputs/api_daily_top10_guarded.csv,/home/runner/work/heatpulse-rajasthan/heatpulse-rajasthan/docs/step10_data_reliability_report.csv,legacy_v1,baseline_logistic_step4
2026-05-28 19:35:52,success,75555,2025-12-30,0.85,/home/runner/work/heatpulse-rajasthan/heatpulse-rajasthan/outputs/daily_alerts_auto.csv,/home/runner/work/heatpulse-rajasthan/heatpulse-rajasthan/outputs/daily_top10_auto.csv,/home/runner/work/heatpulse-rajasthan/heatpulse-rajasthan/outputs/latest_day_top10_auto.csv,success,/home/runner/work/heatpulse-rajasthan/heatpulse-rajasthan/data/raw/api_daily_weather_20260528.csv,/home/runner/work/heatpulse-rajasthan/heatpulse-rajasthan/outputs/api_forecast_alerts_step9_guarded.csv,/home/runner/work/heatpulse-rajasthan/heatpulse-rajasthan/outputs/api_latest_top10_guarded.csv,"quality_mode=live_valid; selected_file=/home/runner/work/heatpulse-rajasthan/heatpulse-rajasthan/data/raw/api_daily_weather_20260528.csv
Batch API fetch rows: 46
Saved API daily weather file: /home/runner/work/heatpulse-rajasthan/heatpulse-rajasthan/data/raw/api_daily_weather_20260528.csv
Shape: (46, 10)
         date  district  rain_mm  ...  sunrise_local  sunset_local tavg_c
0  2026-05-29     Ajmer      0.0  ...       05:39 AM      07:18 PM  31.60
1  2026-05-30     Ajmer      7.2  ...       05:39 AM      07:18 PM  31.00
2  2026-05-29     Alwar     25.2  ...       05:29 AM      07:12 PM  30.65
3  2026-05-30     Alwar      0.1  ...       05:28 AM      07:13 PM  29.55
4  2026-05-29  Banswara      0.0  ...       05:45 AM      07:13 PM  33.35

[5 rows x 10 columns]
",/home/runner/work/heatpulse-rajasthan/heatpulse-rajasthan/outputs/api_daily_top10_guarded.csv,/home/runner/work/heatpulse-rajasthan/heatpulse-rajasthan/docs/step10_data_reliability_report.csv,legacy_v1,baseline_logistic_step4
2026-05-29 05:14:16,success,75555,2025-12-30,0.85,/home/runner/work/heatpulse-rajasthan/heatpulse-rajasthan/outputs/daily_alerts_auto.csv,/home/runner/work/heatpulse-rajasthan/heatpulse-rajasthan/outputs/daily_top10_auto.csv,/home/runner/work/heatpulse-rajasthan/heatpulse-rajasthan/outputs/latest_day_top10_auto.csv,success,/home/runner/work/heatpulse-rajasthan/heatpulse-rajasthan/data/raw/api_daily_weather_20260529.csv,/home/runner/work/heatpulse-rajasthan/heatpulse-rajasthan/outputs/api_forecast_alerts_step9_guarded.csv,/home/runner/work/heatpulse-rajasthan/heatpulse-rajasthan/outputs/api_latest_top10_guarded.csv,"quality_mode=live_valid; selected_file=/home/runner/work/heatpulse-rajasthan/heatpulse-rajasthan/data/raw/api_daily_weather_20260529.csv
Batch API fetch rows: 46
Saved API daily weather file: /home/runner/work/heatpulse-rajasthan/heatpulse-rajasthan/data/raw/api_daily_weather_20260529.csv
Shape: (46, 10)
         date  district  rain_mm  ...  sunrise_local  sunset_local tavg_c
0  2026-05-29     Ajmer      0.6  ...       05:39 AM      07:18 PM  30.15
1  2026-05-30     Ajmer      6.3  ...       05:39 AM      07:18 PM  29.80
2  2026-05-29     Alwar      5.5  ...       05:29 AM      07:12 PM  31.05
3  2026-05-30     Alwar     11.6  ...       05:28 AM      07:13 PM  29.80
4  2026-05-29  Banswara      0.1  ...       05:45 AM      07:13 PM  33.10

[5 rows x 10 columns]
",/home/runner/work/heatpulse-rajasthan/heatpulse-rajasthan/outputs/api_daily_top10_guarded.csv,/home/runner/work/heatpulse-rajasthan/heatpulse-rajasthan/docs/step10_data_reliability_report.csv,legacy_v1,baseline_logistic_step4
2026-05-29 12:16:40,success,75555,2025-12-30,0.85,/home/runner/work/heatpulse-rajasthan/heatpulse-rajasthan/outputs/daily_alerts_auto.csv,/home/runner/work/heatpulse-rajasthan/heatpulse-rajasthan/outputs/daily_top10_auto.csv,/home/runner/work/heatpulse-rajasthan/heatpulse-rajasthan/outputs/latest_day_top10_auto.csv,success,/home/runner/work/heatpulse-rajasthan/heatpulse-rajasthan/data/raw/api_daily_weather_20260529.csv,/home/runner/work/heatpulse-rajasthan/heatpulse-rajasthan/outputs/api_forecast_alerts_step9_guarded.csv,/home/runner/work/heatpulse-rajasthan/heatpulse-rajasthan/outputs/api_latest_top10_guarded.csv,"quality_mode=live_valid; selected_file=/home/runner/work/heatpulse-rajasthan/heatpulse-rajasthan/data/raw/api_daily_weather_20260529.csv
Batch API fetch rows: 46
Saved API daily weather file: /home/runner/work/heatpulse-rajasthan/heatpulse-rajasthan/data/raw/api_daily_weather_20260529.csv
Shape: (46, 10)
         date  district  rain_mm  ...  sunrise_local  sunset_local tavg_c
0  2026-05-29     Ajmer      0.4  ...       05:39 AM      07:18 PM  31.70
1  2026-05-30     Ajmer      5.5  ...       05:39 AM      07:18 PM  30.00
2  2026-05-29     Alwar      4.0  ...       05:29 AM      07:12 PM  30.75
3  2026-05-30     Alwar      4.1  ...       05:28 AM      07:13 PM  29.75
4  2026-05-29  Banswara      0.0  ...       05:45 AM      07:13 PM  33.40

[5 rows x 10 columns]
",/home/runner/work/heatpulse-rajasthan/heatpulse-rajasthan/outputs/api_daily_top10_guarded.csv,/home/runner/work/heatpulse-rajasthan/heatpulse-rajasthan/docs/step10_data_reliability_report.csv,legacy_v1,baseline_logistic_step4
2026-05-29 16:42:19,success,75555,2025-12-30,0.85,/home/runner/work/heatpulse-rajasthan/heatpulse-rajasthan/outputs/daily_alerts_auto.csv,/home/runner/work/heatpulse-rajasthan/heatpulse-rajasthan/outputs/daily_top10_auto.csv,/home/runner/work/heatpulse-rajasthan/heatpulse-rajasthan/outputs/latest_day_top10_auto.csv,success,/home/runner/work/heatpulse-rajasthan/heatpulse-rajasthan/data/raw/api_daily_weather_20260529.csv,/home/runner/work/heatpulse-rajasthan/heatpulse-rajasthan/outputs/api_forecast_alerts_step9_guarded.csv,/home/runner/work/heatpulse-rajasthan/heatpulse-rajasthan/outputs/api_latest_top10_guarded.csv,"quality_mode=live_valid; selected_file=/home/runner/work/heatpulse-rajasthan/heatpulse-rajasthan/data/raw/api_daily_weather_20260529.csv
Batch API fetch rows: 46
Saved API daily weather file: /home/runner/work/heatpulse-rajasthan/heatpulse-rajasthan/data/raw/api_daily_weather_20260529.csv
Shape: (46, 10)
         date  district  rain_mm  ...  sunrise_local  sunset_local tavg_c
0  2026-05-29     Ajmer      0.1  ...       05:39 AM      07:18 PM  32.85
1  2026-05-30     Ajmer      6.0  ...       05:39 AM      07:18 PM  29.50
2  2026-05-29     Alwar      5.2  ...       05:29 AM      07:12 PM  30.65
3  2026-05-30     Alwar      6.3  ...       05:28 AM      07:13 PM  29.05
4  2026-05-29  Banswara      0.0  ...       05:45 AM      07:13 PM  33.40

[5 rows x 10 columns]
",/home/runner/work/heatpulse-rajasthan/heatpulse-rajasthan/outputs/api_daily_top10_guarded.csv,/home/runner/work/heatpulse-rajasthan/heatpulse-rajasthan/docs/step10_data_reliability_report.csv,legacy_v1,baseline_logistic_step4
2026-05-29 19:32:05,success,75555,2025-12-30,0.85,/home/runner/work/heatpulse-rajasthan/heatpulse-rajasthan/outputs/daily_alerts_auto.csv,/home/runner/work/heatpulse-rajasthan/heatpulse-rajasthan/outputs/daily_top10_auto.csv,/home/runner/work/heatpulse-rajasthan/heatpulse-rajasthan/outputs/latest_day_top10_auto.csv,success,/home/runner/work/heatpulse-rajasthan/heatpulse-rajasthan/data/raw/api_daily_weather_20260529.csv,/home/runner/work/heatpulse-rajasthan/heatpulse-rajasthan/outputs/api_forecast_alerts_step9_guarded.csv,/home/runner/work/heatpulse-rajasthan/heatpulse-rajasthan/outputs/api_latest_top10_guarded.csv,"quality_mode=live_valid; selected_file=/home/runner/work/heatpulse-rajasthan/heatpulse-rajasthan/data/raw/api_daily_weather_20260529.csv
Batch API fetch rows: 46
Saved API daily weather file: /home/runner/work/heatpulse-rajasthan/heatpulse-rajasthan/data/raw/api_daily_weather_20260529.csv
Shape: (46, 10)
         date  district  rain_mm  ...  sunrise_local  sunset_local tavg_c
0  2026-05-30     Ajmer      3.6  ...       05:39 AM      07:18 PM  30.75
1  2026-05-31     Ajmer      0.0  ...       05:38 AM      07:19 PM  30.15
2  2026-05-30     Alwar      5.7  ...       05:28 AM      07:13 PM  30.20
3  2026-05-31     Alwar      0.2  ...       05:28 AM      07:13 PM  29.10
4  2026-05-30  Banswara      0.9  ...       05:45 AM      07:13 PM  33.50

[5 rows x 10 columns]
",/home/runner/work/heatpulse-rajasthan/heatpulse-rajasthan/outputs/api_daily_top10_guarded.csv,/home/runner/work/heatpulse-rajasthan/heatpulse-rajasthan/docs/step10_data_reliability_report.csv,legacy_v1,baseline_logistic_step4
2026-05-30 04:53:21,success,75555,2025-12-30,0.85,/home/runner/work/heatpulse-rajasthan/heatpulse-rajasthan/outputs/daily_alerts_auto.csv,/home/runner/work/heatpulse-rajasthan/heatpulse-rajasthan/outputs/daily_top10_auto.csv,/home/runner/work/heatpulse-rajasthan/heatpulse-rajasthan/outputs/latest_day_top10_auto.csv,success,/home/runner/work/heatpulse-rajasthan/heatpulse-rajasthan/data/raw/api_daily_weather_20260530.csv,/home/runner/work/heatpulse-rajasthan/heatpulse-rajasthan/outputs/api_forecast_alerts_step9_guarded.csv,/home/runner/work/heatpulse-rajasthan/heatpulse-rajasthan/outputs/api_latest_top10_guarded.csv,"quality_mode=live_valid; selected_file=/home/runner/work/heatpulse-rajasthan/heatpulse-rajasthan/data/raw/api_daily_weather_20260530.csv
Batch API fetch rows: 46
Saved API daily weather file: /home/runner/work/heatpulse-rajasthan/heatpulse-rajasthan/data/raw/api_daily_weather_20260530.csv
Shape: (46, 10)
         date  district  rain_mm  ...  sunrise_local  sunset_local tavg_c
0  2026-05-30     Ajmer      1.8  ...       05:39 AM      07:18 PM  31.30
1  2026-05-31     Ajmer      0.1  ...       05:38 AM      07:19 PM  29.90
2  2026-05-30     Alwar      0.8  ...       05:28 AM      07:13 PM  29.40
3  2026-05-31     Alwar      0.5  ...       05:28 AM      07:13 PM  29.55
4  2026-05-30  Banswara      7.4  ...       05:45 AM      07:13 PM  31.65

[5 rows x 10 columns]
",/home/runner/work/heatpulse-rajasthan/heatpulse-rajasthan/outputs/api_daily_top10_guarded.csv,/home/runner/work/heatpulse-rajasthan/heatpulse-rajasthan/docs/step10_data_reliability_report.csv,legacy_v1,baseline_logistic_step4
2026-05-30 07:42:02,success,75555,2025-12-30,0.85,/home/runner/work/heatpulse-rajasthan/heatpulse-rajasthan/outputs/daily_alerts_auto.csv,/home/runner/work/heatpulse-rajasthan/heatpulse-rajasthan/outputs/daily_top10_auto.csv,/home/runner/work/heatpulse-rajasthan/heatpulse-rajasthan/outputs/latest_day_top10_auto.csv,success,/home/runner/work/heatpulse-rajasthan/heatpulse-rajasthan/data/raw/api_daily_weather_20260530.csv,/home/runner/work/heatpulse-rajasthan/heatpulse-rajasthan/outputs/api_forecast_alerts_step9_guarded.csv,/home/runner/work/heatpulse-rajasthan/heatpulse-rajasthan/outputs/api_latest_top10_guarded.csv,"quality_mode=live_valid; selected_file=/home/runner/work/heatpulse-rajasthan/heatpulse-rajasthan/data/raw/api_daily_weather_20260530.csv
Batch API fetch rows: 46
Saved API daily weather file: /home/runner/work/heatpulse-rajasthan/heatpulse-rajasthan/data/raw/api_daily_weather_20260530.csv
Shape: (46, 10)
         date  district  rain_mm  ...  sunrise_local  sunset_local tavg_c
0  2026-05-30     Ajmer      7.3  ...       05:39 AM      07:18 PM  30.45
1  2026-05-31     Ajmer      0.0  ...       05:38 AM      07:19 PM  29.20
2  2026-05-30     Alwar      0.8  ...       05:28 AM      07:13 PM  28.90
3  2026-05-31     Alwar      0.3  ...       05:28 AM      07:13 PM  30.05
4  2026-05-30  Banswara      4.3  ...       05:45 AM      07:13 PM  31.20

[5 rows x 10 columns]
",/home/runner/work/heatpulse-rajasthan/heatpulse-rajasthan/outputs/api_daily_top10_guarded.csv,/home/runner/work/heatpulse-rajasthan/heatpulse-rajasthan/docs/step10_data_reliability_report.csv,legacy_v1,baseline_logistic_step4
2026-05-30 10:11:37,success,75555,2025-12-30,0.85,/home/runner/work/heatpulse-rajasthan/heatpulse-rajasthan/outputs/daily_alerts_auto.csv,/home/runner/work/heatpulse-rajasthan/heatpulse-rajasthan/outputs/daily_top10_auto.csv,/home/runner/work/heatpulse-rajasthan/heatpulse-rajasthan/outputs/latest_day_top10_auto.csv,success,/home/runner/work/heatpulse-rajasthan/heatpulse-rajasthan/data/raw/api_daily_weather_20260530.csv,/home/runner/work/heatpulse-rajasthan/heatpulse-rajasthan/outputs/api_forecast_alerts_step9_guarded.csv,/home/runner/work/heatpulse-rajasthan/heatpulse-rajasthan/outputs/api_latest_top10_guarded.csv,"quality_mode=live_valid; selected_file=/home/runner/work/heatpulse-rajasthan/heatpulse-rajasthan/data/raw/api_daily_weather_20260530.csv
Batch API fetch rows: 46
Saved API daily weather file: /home/runner/work/heatpulse-rajasthan/heatpulse-rajasthan/data/raw/api_daily_weather_20260530.csv
Shape: (46, 10)
         date  district  rain_mm  ...  sunrise_local  sunset_local tavg_c
0  2026-05-30     Ajmer      7.3  ...       05:39 AM      07:18 PM  30.45
1  2026-05-31     Ajmer      0.0  ...       05:38 AM      07:19 PM  29.20
2  2026-05-30     Alwar      0.8  ...       05:28 AM      07:13 PM  28.90
3  2026-05-31     Alwar      0.3  ...       05:28 AM      07:13 PM  30.05
4  2026-05-30  Banswara      4.3  ...       05:45 AM      07:13 PM  31.20

[5 rows x 10 columns]
",/home/runner/work/heatpulse-rajasthan/heatpulse-rajasthan/outputs/api_daily_top10_guarded.csv,/home/runner/work/heatpulse-rajasthan/heatpulse-rajasthan/docs/step10_data_reliability_report.csv,legacy_v1,baseline_logistic_step4
2026-05-30 10:48:01,success,75555,2025-12-30,0.85,/home/runner/work/heatpulse-rajasthan/heatpulse-rajasthan/outputs/daily_alerts_auto.csv,/home/runner/work/heatpulse-rajasthan/heatpulse-rajasthan/outputs/daily_top10_auto.csv,/home/runner/work/heatpulse-rajasthan/heatpulse-rajasthan/outputs/latest_day_top10_auto.csv,success,/home/runner/work/heatpulse-rajasthan/heatpulse-rajasthan/data/raw/api_daily_weather_20260530.csv,/home/runner/work/heatpulse-rajasthan/heatpulse-rajasthan/outputs/api_forecast_alerts_step9_guarded.csv,/home/runner/work/heatpulse-rajasthan/heatpulse-rajasthan/outputs/api_latest_top10_guarded.csv,"quality_mode=live_valid; selected_file=/home/runner/work/heatpulse-rajasthan/heatpulse-rajasthan/data/raw/api_daily_weather_20260530.csv
Batch API fetch rows: 46
Saved API daily weather file: /home/runner/work/heatpulse-rajasthan/heatpulse-rajasthan/data/raw/api_daily_weather_20260530.csv
Shape: (46, 10)
         date  district  rain_mm  ...  sunrise_local  sunset_local tavg_c
0  2026-05-30     Ajmer      7.3  ...       05:39 AM      07:18 PM  30.45
1  2026-05-31     Ajmer      0.0  ...       05:38 AM      07:19 PM  29.20
2  2026-05-30     Alwar      0.8  ...       05:28 AM      07:13 PM  28.90
3  2026-05-31     Alwar      0.3  ...       05:28 AM      07:13 PM  30.05
4  2026-05-30  Banswara      4.3  ...       05:45 AM      07:13 PM  31.20

[5 rows x 10 columns]
",/home/runner/work/heatpulse-rajasthan/heatpulse-rajasthan/outputs/api_daily_top10_guarded.csv,/home/runner/work/heatpulse-rajasthan/heatpulse-rajasthan/docs/step10_data_reliability_report.csv,legacy_v1,baseline_logistic_step4
2026-05-30 14:41:40,success,75555,2025-12-30,0.85,/home/runner/work/heatpulse-rajasthan/heatpulse-rajasthan/outputs/daily_alerts_auto.csv,/home/runner/work/heatpulse-rajasthan/heatpulse-rajasthan/outputs/daily_top10_auto.csv,/home/runner/work/heatpulse-rajasthan/heatpulse-rajasthan/outputs/latest_day_top10_auto.csv,success,/home/runner/work/heatpulse-rajasthan/heatpulse-rajasthan/data/raw/api_daily_weather_20260530.csv,/home/runner/work/heatpulse-rajasthan/heatpulse-rajasthan/outputs/api_forecast_alerts_step9_guarded.csv,/home/runner/work/heatpulse-rajasthan/heatpulse-rajasthan/outputs/api_latest_top10_guarded.csv,"quality_mode=live_valid; selected_file=/home/runner/work/heatpulse-rajasthan/heatpulse-rajasthan/data/raw/api_daily_weather_20260530.csv
Batch API fetch rows: 46
Saved API daily weather file: /home/runner/work/heatpulse-rajasthan/heatpulse-rajasthan/data/raw/api_daily_weather_20260530.csv
Shape: (46, 10)
         date  district  rain_mm  ...  sunrise_local  sunset_local tavg_c
0  2026-05-30     Ajmer      1.0  ...       05:39 AM      07:18 PM  30.45
1  2026-05-31     Ajmer      0.1  ...       05:38 AM      07:19 PM  30.55
2  2026-05-30     Alwar      0.1  ...       05:28 AM      07:13 PM  29.30
3  2026-05-31     Alwar      3.9  ...       05:28 AM      07:13 PM  29.20
4  2026-05-30  Banswara      0.5  ...       05:45 AM      07:13 PM  32.05

[5 rows x 10 columns]
",/home/runner/work/heatpulse-rajasthan/heatpulse-rajasthan/outputs/api_daily_top10_guarded.csv,/home/runner/work/heatpulse-rajasthan/heatpulse-rajasthan/docs/step10_data_reliability_report.csv,legacy_v1,baseline_logistic_step4
2026-05-30 18:02:48,success,75555,2025-12-30,0.85,/home/runner/work/heatpulse-rajasthan/heatpulse-rajasthan/outputs/daily_alerts_auto.csv,/home/runner/work/heatpulse-rajasthan/heatpulse-rajasthan/outputs/daily_top10_auto.csv,/home/runner/work/heatpulse-rajasthan/heatpulse-rajasthan/outputs/latest_day_top10_auto.csv,success,/home/runner/work/heatpulse-rajasthan/heatpulse-rajasthan/data/raw/api_daily_weather_20260530.csv,/home/runner/work/heatpulse-rajasthan/heatpulse-rajasthan/outputs/api_forecast_alerts_step9_guarded.csv,/home/runner/work/heatpulse-rajasthan/heatpulse-rajasthan/outputs/api_latest_top10_guarded.csv,"quality_mode=live_valid; selected_file=/home/runner/work/heatpulse-rajasthan/heatpulse-rajasthan/data/raw/api_daily_weather_20260530.csv
Batch API fetch rows: 46
Saved API daily weather file: /home/runner/work/heatpulse-rajasthan/heatpulse-rajasthan/data/raw/api_daily_weather_20260530.csv
Shape: (46, 10)
         date  district  rain_mm  ...  sunrise_local  sunset_local tavg_c
0  2026-05-30     Ajmer      1.0  ...       05:39 AM      07:18 PM  30.45
1  2026-05-31     Ajmer      0.1  ...       05:38 AM      07:19 PM  30.55
2  2026-05-30     Alwar      0.1  ...       05:28 AM      07:13 PM  29.30
3  2026-05-31     Alwar      3.9  ...       05:28 AM      07:13 PM  29.20
4  2026-05-30  Banswara      0.5  ...       05:45 AM      07:13 PM  32.05

[5 rows x 10 columns]
",/home/runner/work/heatpulse-rajasthan/heatpulse-rajasthan/outputs/api_daily_top10_guarded.csv,/home/runner/work/heatpulse-rajasthan/heatpulse-rajasthan/docs/step10_data_reliability_report.csv,legacy_v1,baseline_logistic_step4
2026-05-31 05:19:06,success,75555,2025-12-30,0.85,/home/runner/work/heatpulse-rajasthan/heatpulse-rajasthan/outputs/daily_alerts_auto.csv,/home/runner/work/heatpulse-rajasthan/heatpulse-rajasthan/outputs/daily_top10_auto.csv,/home/runner/work/heatpulse-rajasthan/heatpulse-rajasthan/outputs/latest_day_top10_auto.csv,success,/home/runner/work/heatpulse-rajasthan/heatpulse-rajasthan/data/raw/api_daily_weather_20260531.csv,/home/runner/work/heatpulse-rajasthan/heatpulse-rajasthan/outputs/api_forecast_alerts_step9_guarded.csv,/home/runner/work/heatpulse-rajasthan/heatpulse-rajasthan/outputs/api_latest_top10_guarded.csv,"quality_mode=live_valid; selected_file=/home/runner/work/heatpulse-rajasthan/heatpulse-rajasthan/data/raw/api_daily_weather_20260531.csv
Batch API fetch rows: 46
Saved API daily weather file: /home/runner/work/heatpulse-rajasthan/heatpulse-rajasthan/data/raw/api_daily_weather_20260531.csv
Shape: (46, 10)
         date  district  rain_mm  ...  sunrise_local  sunset_local tavg_c
0  2026-05-31     Ajmer      0.4  ...       05:38 AM      07:19 PM  29.10
1  2026-06-01     Ajmer      1.2  ...       05:38 AM      07:19 PM  30.10
2  2026-05-31     Alwar      0.0  ...       05:28 AM      07:13 PM  29.80
3  2026-06-01     Alwar      0.1  ...       05:28 AM      07:14 PM  30.15
4  2026-05-31  Banswara      1.2  ...       05:45 AM      07:14 PM  30.50

[5 rows x 10 columns]
",/home/runner/work/heatpulse-rajasthan/heatpulse-rajasthan/outputs/api_daily_top10_guarded.csv,/home/runner/work/heatpulse-rajasthan/heatpulse-rajasthan/docs/step10_data_reliability_report.csv,legacy_v1,baseline_logistic_step4
2026-05-31 10:58:23,success,75555,2025-12-30,0.85,/home/runner/work/heatpulse-rajasthan/heatpulse-rajasthan/outputs/daily_alerts_auto.csv,/home/runner/work/heatpulse-rajasthan/heatpulse-rajasthan/outputs/daily_top10_auto.csv,/home/runner/work/heatpulse-rajasthan/heatpulse-rajasthan/outputs/latest_day_top10_auto.csv,success,/home/runner/work/heatpulse-rajasthan/heatpulse-rajasthan/data/raw/api_daily_weather_20260531.csv,/home/runner/work/heatpulse-rajasthan/heatpulse-rajasthan/outputs/api_forecast_alerts_step9_guarded.csv,/home/runner/work/heatpulse-rajasthan/heatpulse-rajasthan/outputs/api_latest_top10_guarded.csv,"quality_mode=live_valid; selected_file=/home/runner/work/heatpulse-rajasthan/heatpulse-rajasthan/data/raw/api_daily_weather_20260531.csv
Batch API fetch rows: 46
Saved API daily weather file: /home/runner/work/heatpulse-rajasthan/heatpulse-rajasthan/data/raw/api_daily_weather_20260531.csv
Shape: (46, 10)
         date  district  rain_mm  ...  sunrise_local  sunset_local tavg_c
0  2026-05-31     Ajmer      0.4  ...       05:38 AM      07:19 PM  28.40
1  2026-06-01     Ajmer      3.2  ...       05:38 AM      07:19 PM  30.30
2  2026-05-31     Alwar      0.0  ...       05:28 AM      07:13 PM  29.85
3  2026-06-01     Alwar      1.0  ...       05:28 AM      07:14 PM  29.95
4  2026-05-31  Banswara      1.2  ...       05:45 AM      07:14 PM  30.75

[5 rows x 10 columns]
",/home/runner/work/heatpulse-rajasthan/heatpulse-rajasthan/outputs/api_daily_top10_guarded.csv,/home/runner/work/heatpulse-rajasthan/heatpulse-rajasthan/docs/step10_data_reliability_report.csv,legacy_v1,baseline_logistic_step4
2026-05-31 14:46:28,success,75555,2025-12-30,0.85,/home/runner/work/heatpulse-rajasthan/heatpulse-rajasthan/outputs/daily_alerts_auto.csv,/home/runner/work/heatpulse-rajasthan/heatpulse-rajasthan/outputs/daily_top10_auto.csv,/home/runner/work/heatpulse-rajasthan/heatpulse-rajasthan/outputs/latest_day_top10_auto.csv,success,/home/runner/work/heatpulse-rajasthan/heatpulse-rajasthan/data/raw/api_daily_weather_20260531.csv,/home/runner/work/heatpulse-rajasthan/heatpulse-rajasthan/outputs/api_forecast_alerts_step9_guarded.csv,/home/runner/work/heatpulse-rajasthan/heatpulse-rajasthan/outputs/api_latest_top10_guarded.csv,"quality_mode=live_valid; selected_file=/home/runner/work/heatpulse-rajasthan/heatpulse-rajasthan/data/raw/api_daily_weather_20260531.csv
Batch API fetch rows: 46
Saved API daily weather file: /home/runner/work/heatpulse-rajasthan/heatpulse-rajasthan/data/raw/api_daily_weather_20260531.csv
Shape: (46, 10)
         date  district  rain_mm  ...  sunrise_local  sunset_local tavg_c
0  2026-05-31     Ajmer      2.3  ...       05:38 AM      07:19 PM  28.05
1  2026-06-01     Ajmer      4.2  ...       05:38 AM      07:19 PM  27.10
2  2026-05-31     Alwar      0.6  ...       05:28 AM      07:13 PM  29.50
3  2026-06-01     Alwar      0.6  ...       05:28 AM      07:14 PM  29.90
4  2026-05-31  Banswara      1.5  ...       05:45 AM      07:14 PM  30.50

[5 rows x 10 columns]
",/home/runner/work/heatpulse-rajasthan/heatpulse-rajasthan/outputs/api_daily_top10_guarded.csv,/home/runner/work/heatpulse-rajasthan/heatpulse-rajasthan/docs/step10_data_reliability_report.csv,legacy_v1,baseline_logistic_step4
2026-05-31 18:03:35,success,75555,2025-12-30,0.85,/home/runner/work/heatpulse-rajasthan/heatpulse-rajasthan/outputs/daily_alerts_auto.csv,/home/runner/work/heatpulse-rajasthan/heatpulse-rajasthan/outputs/daily_top10_auto.csv,/home/runner/work/heatpulse-rajasthan/heatpulse-rajasthan/outputs/latest_day_top10_auto.csv,success,/home/runner/work/heatpulse-rajasthan/heatpulse-rajasthan/data/raw/api_daily_weather_20260531.csv,/home/runner/work/heatpulse-rajasthan/heatpulse-rajasthan/outputs/api_forecast_alerts_step9_guarded.csv,/home/runner/work/heatpulse-rajasthan/heatpulse-rajasthan/outputs/api_latest_top10_guarded.csv,"quality_mode=live_valid; selected_file=/home/runner/work/heatpulse-rajasthan/heatpulse-rajasthan/data/raw/api_daily_weather_20260531.csv
Batch API fetch rows: 46
Saved API daily weather file: /home/runner/work/heatpulse-rajasthan/heatpulse-rajasthan/data/raw/api_daily_weather_20260531.csv
Shape: (46, 10)
         date  district  rain_mm  ...  sunrise_local  sunset_local tavg_c
0  2026-05-31     Ajmer      2.3  ...       05:38 AM      07:19 PM  28.05
1  2026-06-01     Ajmer      4.2  ...       05:38 AM      07:19 PM  27.10
2  2026-05-31     Alwar      0.6  ...       05:28 AM      07:13 PM  29.50
3  2026-06-01     Alwar      0.6  ...       05:28 AM      07:14 PM  29.90
4  2026-05-31  Banswara      1.5  ...       05:45 AM      07:14 PM  30.50

[5 rows x 10 columns]
",/home/runner/work/heatpulse-rajasthan/heatpulse-rajasthan/outputs/api_daily_top10_guarded.csv,/home/runner/work/heatpulse-rajasthan/heatpulse-rajasthan/docs/step10_data_reliability_report.csv,legacy_v1,baseline_logistic_step4
2026-06-01 06:03:29,success,75555,2025-12-30,0.85,/home/runner/work/heatpulse-rajasthan/heatpulse-rajasthan/outputs/daily_alerts_auto.csv,/home/runner/work/heatpulse-rajasthan/heatpulse-rajasthan/outputs/daily_top10_auto.csv,/home/runner/work/heatpulse-rajasthan/heatpulse-rajasthan/outputs/latest_day_top10_auto.csv,success,/home/runner/work/heatpulse-rajasthan/heatpulse-rajasthan/data/raw/api_daily_weather_20260601.csv,/home/runner/work/heatpulse-rajasthan/heatpulse-rajasthan/outputs/api_forecast_alerts_step9_guarded.csv,/home/runner/work/heatpulse-rajasthan/heatpulse-rajasthan/outputs/api_latest_top10_guarded.csv,"quality_mode=live_valid; selected_file=/home/runner/work/heatpulse-rajasthan/heatpulse-rajasthan/data/raw/api_daily_weather_20260601.csv
Batch API fetch rows: 46
Saved API daily weather file: /home/runner/work/heatpulse-rajasthan/heatpulse-rajasthan/data/raw/api_daily_weather_20260601.csv
Shape: (46, 10)
         date  district  rain_mm  ...  sunrise_local  sunset_local tavg_c
0  2026-06-01     Ajmer      1.0  ...       05:38 AM      07:19 PM  29.60
1  2026-06-02     Ajmer      2.1  ...       05:38 AM      07:20 PM  28.40
2  2026-06-01     Alwar      1.0  ...       05:28 AM      07:14 PM  30.40
3  2026-06-02     Alwar      0.1  ...       05:28 AM      07:14 PM  31.00
4  2026-06-01  Banswara      0.0  ...       05:45 AM      07:14 PM  32.95

[5 rows x 10 columns]
",/home/runner/work/heatpulse-rajasthan/heatpulse-rajasthan/outputs/api_daily_top10_guarded.csv,/home/runner/work/heatpulse-rajasthan/heatpulse-rajasthan/docs/step10_data_reliability_report.csv,legacy_v1,baseline_logistic_step4
2026-06-01 15:22:38,success,75555,2025-12-30,0.85,/home/runner/work/heatpulse-rajasthan/heatpulse-rajasthan/outputs/daily_alerts_auto.csv,/home/runner/work/heatpulse-rajasthan/heatpulse-rajasthan/outputs/daily_top10_auto.csv,/home/runner/work/heatpulse-rajasthan/heatpulse-rajasthan/outputs/latest_day_top10_auto.csv,success,/home/runner/work/heatpulse-rajasthan/heatpulse-rajasthan/data/raw/api_daily_weather_20260601.csv,/home/runner/work/heatpulse-rajasthan/heatpulse-rajasthan/outputs/api_forecast_alerts_step9_guarded.csv,/home/runner/work/heatpulse-rajasthan/heatpulse-rajasthan/outputs/api_latest_top10_guarded.csv,"quality_mode=live_valid; selected_file=/home/runner/work/heatpulse-rajasthan/heatpulse-rajasthan/data/raw/api_daily_weather_20260601.csv
Batch API fetch rows: 46
Saved API daily weather file: /home/runner/work/heatpulse-rajasthan/heatpulse-rajasthan/data/raw/api_daily_weather_20260601.csv
Shape: (46, 10)
         date  district  rain_mm  ...  sunrise_local  sunset_local tavg_c
0  2026-06-01     Ajmer      1.5  ...       05:38 AM      07:19 PM  29.30
1  2026-06-02     Ajmer      0.0  ...       05:38 AM      07:20 PM  31.10
2  2026-06-01     Alwar      2.1  ...       05:28 AM      07:14 PM  29.85
3  2026-06-02     Alwar      0.5  ...       05:28 AM      07:14 PM  29.70
4  2026-06-01  Banswara      0.4  ...       05:45 AM      07:14 PM  32.60

[5 rows x 10 columns]
",/home/runner/work/heatpulse-rajasthan/heatpulse-rajasthan/outputs/api_daily_top10_guarded.csv,/home/runner/work/heatpulse-rajasthan/heatpulse-rajasthan/docs/step10_data_reliability_report.csv,legacy_v1,baseline_logistic_step4
2026-06-01 20:56:06,success,75555,2025-12-30,0.85,/home/runner/work/heatpulse-rajasthan/heatpulse-rajasthan/outputs/daily_alerts_auto.csv,/home/runner/work/heatpulse-rajasthan/heatpulse-rajasthan/outputs/daily_top10_auto.csv,/home/runner/work/heatpulse-rajasthan/heatpulse-rajasthan/outputs/latest_day_top10_auto.csv,success,/home/runner/work/heatpulse-rajasthan/heatpulse-rajasthan/data/raw/api_daily_weather_20260601.csv,/home/runner/work/heatpulse-rajasthan/heatpulse-rajasthan/outputs/api_forecast_alerts_step9_guarded.csv,/home/runner/work/heatpulse-rajasthan/heatpulse-rajasthan/outputs/api_latest_top10_guarded.csv,"quality_mode=live_valid; selected_file=/home/runner/work/heatpulse-rajasthan/heatpulse-rajasthan/data/raw/api_daily_weather_20260601.csv
Batch API fetch rows: 46
Saved API daily weather file: /home/runner/work/heatpulse-rajasthan/heatpulse-rajasthan/data/raw/api_daily_weather_20260601.csv
Shape: (46, 10)
         date  district  rain_mm  ...  sunrise_local  sunset_local tavg_c
0  2026-06-02     Ajmer      0.8  ...       05:38 AM      07:20 PM  28.90
1  2026-06-03     Ajmer      0.3  ...       05:38 AM      07:20 PM  30.95
2  2026-06-02     Alwar      1.6  ...       05:28 AM      07:14 PM  30.55
3  2026-06-03     Alwar      0.0  ...       05:28 AM      07:15 PM  31.85
4  2026-06-02  Banswara      1.2  ...       05:45 AM      07:15 PM  30.35

[5 rows x 10 columns]
",/home/runner/work/heatpulse-rajasthan/heatpulse-rajasthan/outputs/api_daily_top10_guarded.csv,/home/runner/work/heatpulse-rajasthan/heatpulse-rajasthan/docs/step10_data_reliability_report.csv,legacy_v1,baseline_logistic_step4
2026-06-02 05:49:48,success,75555,2025-12-30,0.85,/home/runner/work/heatpulse-rajasthan/heatpulse-rajasthan/outputs/daily_alerts_auto.csv,/home/runner/work/heatpulse-rajasthan/heatpulse-rajasthan/outputs/daily_top10_auto.csv,/home/runner/work/heatpulse-rajasthan/heatpulse-rajasthan/outputs/latest_day_top10_auto.csv,success,/home/runner/work/heatpulse-rajasthan/heatpulse-rajasthan/data/raw/api_daily_weather_20260602.csv,/home/runner/work/heatpulse-rajasthan/heatpulse-rajasthan/outputs/api_forecast_alerts_step9_guarded.csv,/home/runner/work/heatpulse-rajasthan/heatpulse-rajasthan/outputs/api_latest_top10_guarded.csv,"quality_mode=live_valid; selected_file=/home/runner/work/heatpulse-rajasthan/heatpulse-rajasthan/data/raw/api_daily_weather_20260602.csv
Batch API fetch rows: 46
Saved API daily weather file: /home/runner/work/heatpulse-rajasthan/heatpulse-rajasthan/data/raw/api_daily_weather_20260602.csv
Shape: (46, 10)
         date  district  rain_mm  ...  sunrise_local  sunset_local tavg_c
0  2026-06-02     Ajmer      0.3  ...       05:38 AM      07:20 PM  29.65
1  2026-06-03     Ajmer      0.0  ...       05:38 AM      07:20 PM  31.30
2  2026-06-02     Alwar      0.7  ...       05:28 AM      07:14 PM  29.40
3  2026-06-03     Alwar      0.0  ...       05:28 AM      07:15 PM  31.55
4  2026-06-02  Banswara      0.0  ...       05:45 AM      07:15 PM  29.85

[5 rows x 10 columns]
",/home/runner/work/heatpulse-rajasthan/heatpulse-rajasthan/outputs/api_daily_top10_guarded.csv,/home/runner/work/heatpulse-rajasthan/heatpulse-rajasthan/docs/step10_data_reliability_report.csv,legacy_v1,baseline_logistic_step4
2026-06-02 12:43:16,success,75555,2025-12-30,0.85,/home/runner/work/heatpulse-rajasthan/heatpulse-rajasthan/outputs/daily_alerts_auto.csv,/home/runner/work/heatpulse-rajasthan/heatpulse-rajasthan/outputs/daily_top10_auto.csv,/home/runner/work/heatpulse-rajasthan/heatpulse-rajasthan/outputs/latest_day_top10_auto.csv,success,/home/runner/work/heatpulse-rajasthan/heatpulse-rajasthan/data/raw/api_daily_weather_20260602.csv,/home/runner/work/heatpulse-rajasthan/heatpulse-rajasthan/outputs/api_forecast_alerts_step9_guarded.csv,/home/runner/work/heatpulse-rajasthan/heatpulse-rajasthan/outputs/api_latest_top10_guarded.csv,"quality_mode=live_valid; selected_file=/home/runner/work/heatpulse-rajasthan/heatpulse-rajasthan/data/raw/api_daily_weather_20260602.csv
Batch API fetch rows: 46
Saved API daily weather file: /home/runner/work/heatpulse-rajasthan/heatpulse-rajasthan/data/raw/api_daily_weather_20260602.csv
Shape: (46, 10)
         date  district  rain_mm  ...  sunrise_local  sunset_local tavg_c
0  2026-06-02     Ajmer      0.6  ...       05:38 AM      07:20 PM  29.15
1  2026-06-03     Ajmer      0.0  ...       05:38 AM      07:20 PM  31.70
2  2026-06-02     Alwar      3.0  ...       05:28 AM      07:14 PM  28.65
3  2026-06-03     Alwar      0.0  ...       05:28 AM      07:15 PM  31.85
4  2026-06-02  Banswara      0.0  ...       05:45 AM      07:15 PM  29.90

[5 rows x 10 columns]
",/home/runner/work/heatpulse-rajasthan/heatpulse-rajasthan/outputs/api_daily_top10_guarded.csv,/home/runner/work/heatpulse-rajasthan/heatpulse-rajasthan/docs/step10_data_reliability_report.csv,legacy_v1,baseline_logistic_step4
2026-06-02 17:24:31,success,75555,2025-12-30,0.85,/home/runner/work/heatpulse-rajasthan/heatpulse-rajasthan/outputs/daily_alerts_auto.csv,/home/runner/work/heatpulse-rajasthan/heatpulse-rajasthan/outputs/daily_top10_auto.csv,/home/runner/work/heatpulse-rajasthan/heatpulse-rajasthan/outputs/latest_day_top10_auto.csv,success,/home/runner/work/heatpulse-rajasthan/heatpulse-rajasthan/data/raw/api_daily_weather_20260602.csv,/home/runner/work/heatpulse-rajasthan/heatpulse-rajasthan/outputs/api_forecast_alerts_step9_guarded.csv,/home/runner/work/heatpulse-rajasthan/heatpulse-rajasthan/outputs/api_latest_top10_guarded.csv,"quality_mode=live_valid; selected_file=/home/runner/work/heatpulse-rajasthan/heatpulse-rajasthan/data/raw/api_daily_weather_20260602.csv
Batch API fetch rows: 46
Saved API daily weather file: /home/runner/work/heatpulse-rajasthan/heatpulse-rajasthan/data/raw/api_daily_weather_20260602.csv
Shape: (46, 10)
         date  district  rain_mm  ...  sunrise_local  sunset_local tavg_c
0  2026-06-02     Ajmer      0.6  ...       05:38 AM      07:20 PM  28.80
1  2026-06-03     Ajmer      0.0  ...       05:38 AM      07:20 PM  31.70
2  2026-06-02     Alwar      3.0  ...       05:28 AM      07:14 PM  27.85
3  2026-06-03     Alwar      0.0  ...       05:28 AM      07:15 PM  31.50
4  2026-06-02  Banswara      0.0  ...       05:45 AM      07:15 PM  29.80

[5 rows x 10 columns]
",/home/runner/work/heatpulse-rajasthan/heatpulse-rajasthan/outputs/api_daily_top10_guarded.csv,/home/runner/work/heatpulse-rajasthan/heatpulse-rajasthan/docs/step10_data_reliability_report.csv,legacy_v1,baseline_logistic_step4
2026-06-03 06:04:48,success,75555,2025-12-30,0.85,/home/runner/work/heatpulse-rajasthan/heatpulse-rajasthan/outputs/daily_alerts_auto.csv,/home/runner/work/heatpulse-rajasthan/heatpulse-rajasthan/outputs/daily_top10_auto.csv,/home/runner/work/heatpulse-rajasthan/heatpulse-rajasthan/outputs/latest_day_top10_auto.csv,success,/home/runner/work/heatpulse-rajasthan/heatpulse-rajasthan/data/raw/api_daily_weather_20260603.csv,/home/runner/work/heatpulse-rajasthan/heatpulse-rajasthan/outputs/api_forecast_alerts_step9_guarded.csv,/home/runner/work/heatpulse-rajasthan/heatpulse-rajasthan/outputs/api_latest_top10_guarded.csv,"quality_mode=live_valid; selected_file=/home/runner/work/heatpulse-rajasthan/heatpulse-rajasthan/data/raw/api_daily_weather_20260603.csv
Batch API fetch rows: 46
Saved API daily weather file: /home/runner/work/heatpulse-rajasthan/heatpulse-rajasthan/data/raw/api_daily_weather_20260603.csv
Shape: (46, 10)
         date  district  rain_mm  ...  sunrise_local  sunset_local tavg_c
0  2026-06-03     Ajmer      0.0  ...       05:38 AM      07:20 PM  31.95
1  2026-06-04     Ajmer     11.3  ...       05:38 AM      07:21 PM  28.85
2  2026-06-03     Alwar      0.0  ...       05:28 AM      07:15 PM  32.40
3  2026-06-04     Alwar      4.0  ...       05:28 AM      07:15 PM  33.50
4  2026-06-03  Banswara      0.2  ...       05:45 AM      07:15 PM  32.35

[5 rows x 10 columns]
",/home/runner/work/heatpulse-rajasthan/heatpulse-rajasthan/outputs/api_daily_top10_guarded.csv,/home/runner/work/heatpulse-rajasthan/heatpulse-rajasthan/docs/step10_data_reliability_report.csv,legacy_v1,baseline_logistic_step4
2026-06-03 13:18:19,success,75555,2025-12-30,0.85,/home/runner/work/heatpulse-rajasthan/heatpulse-rajasthan/outputs/daily_alerts_auto.csv,/home/runner/work/heatpulse-rajasthan/heatpulse-rajasthan/outputs/daily_top10_auto.csv,/home/runner/work/heatpulse-rajasthan/heatpulse-rajasthan/outputs/latest_day_top10_auto.csv,success,/home/runner/work/heatpulse-rajasthan/heatpulse-rajasthan/data/raw/api_daily_weather_20260603.csv,/home/runner/work/heatpulse-rajasthan/heatpulse-rajasthan/outputs/api_forecast_alerts_step9_guarded.csv,/home/runner/work/heatpulse-rajasthan/heatpulse-rajasthan/outputs/api_latest_top10_guarded.csv,"quality_mode=live_valid; selected_file=/home/runner/work/heatpulse-rajasthan/heatpulse-rajasthan/data/raw/api_daily_weather_20260603.csv
Batch API fetch rows: 46
Saved API daily weather file: /home/runner/work/heatpulse-rajasthan/heatpulse-rajasthan/data/raw/api_daily_weather_20260603.csv
Shape: (46, 10)
         date  district  rain_mm  ...  sunrise_local  sunset_local tavg_c
0  2026-06-03     Ajmer      0.2  ...       05:38 AM      07:20 PM  32.35
1  2026-06-04     Ajmer     10.6  ...       05:38 AM      07:21 PM  29.10
2  2026-06-03     Alwar      0.0  ...       05:28 AM      07:15 PM  31.85
3  2026-06-04     Alwar      0.5  ...       05:28 AM      07:15 PM  33.30
4  2026-06-03  Banswara      0.0  ...       05:45 AM      07:15 PM  32.40

[5 rows x 10 columns]
",/home/runner/work/heatpulse-rajasthan/heatpulse-rajasthan/outputs/api_daily_top10_guarded.csv,/home/runner/work/heatpulse-rajasthan/heatpulse-rajasthan/docs/step10_data_reliability_report.csv,legacy_v1,baseline_logistic_step4
2026-06-03 20:18:55,success,75555,2025-12-30,0.85,/home/runner/work/heatpulse-rajasthan/heatpulse-rajasthan/outputs/daily_alerts_auto.csv,/home/runner/work/heatpulse-rajasthan/heatpulse-rajasthan/outputs/daily_top10_auto.csv,/home/runner/work/heatpulse-rajasthan/heatpulse-rajasthan/outputs/latest_day_top10_auto.csv,success,/home/runner/work/heatpulse-rajasthan/heatpulse-rajasthan/data/raw/api_daily_weather_20260603.csv,/home/runner/work/heatpulse-rajasthan/heatpulse-rajasthan/outputs/api_forecast_alerts_step9_guarded.csv,/home/runner/work/heatpulse-rajasthan/heatpulse-rajasthan/outputs/api_latest_top10_guarded.csv,"quality_mode=live_valid; selected_file=/home/runner/work/heatpulse-rajasthan/heatpulse-rajasthan/data/raw/api_daily_weather_20260603.csv
Batch API fetch rows: 46
Saved API daily weather file: /home/runner/work/heatpulse-rajasthan/heatpulse-rajasthan/data/raw/api_daily_weather_20260603.csv
Shape: (46, 10)
         date  district  rain_mm  ...  sunrise_local  sunset_local tavg_c
0  2026-06-04     Ajmer      1.0  ...       05:38 AM      07:21 PM  32.40
1  2026-06-05     Ajmer      8.3  ...       05:38 AM      07:21 PM  29.60
2  2026-06-04     Alwar      3.4  ...       05:28 AM      07:15 PM  32.35
3  2026-06-05     Alwar      2.4  ...       05:27 AM      07:16 PM  32.05
4  2026-06-04  Banswara      0.7  ...       05:45 AM      07:16 PM  32.40

[5 rows x 10 columns]
",/home/runner/work/heatpulse-rajasthan/heatpulse-rajasthan/outputs/api_daily_top10_guarded.csv,/home/runner/work/heatpulse-rajasthan/heatpulse-rajasthan/docs/step10_data_reliability_report.csv,legacy_v1,baseline_logistic_step4
2026-06-04 05:57:18,success,75555,2025-12-30,0.85,/home/runner/work/heatpulse-rajasthan/heatpulse-rajasthan/outputs/daily_alerts_auto.csv,/home/runner/work/heatpulse-rajasthan/heatpulse-rajasthan/outputs/daily_top10_auto.csv,/home/runner/work/heatpulse-rajasthan/heatpulse-rajasthan/outputs/latest_day_top10_auto.csv,success,/home/runner/work/heatpulse-rajasthan/heatpulse-rajasthan/data/raw/api_daily_weather_20260604.csv,/home/runner/work/heatpulse-rajasthan/heatpulse-rajasthan/outputs/api_forecast_alerts_step9_guarded.csv,/home/runner/work/heatpulse-rajasthan/heatpulse-rajasthan/outputs/api_latest_top10_guarded.csv,"quality_mode=live_valid; selected_file=/home/runner/work/heatpulse-rajasthan/heatpulse-rajasthan/data/raw/api_daily_weather_20260604.csv
Batch API fetch rows: 46
Saved API daily weather file: /home/runner/work/heatpulse-rajasthan/heatpulse-rajasthan/data/raw/api_daily_weather_20260604.csv
Shape: (46, 10)
         date  district  rain_mm  ...  sunrise_local  sunset_local tavg_c
0  2026-06-04     Ajmer      0.3  ...       05:38 AM      07:21 PM  32.80
1  2026-06-05     Ajmer      0.2  ...       05:38 AM      07:21 PM  30.75
2  2026-06-04     Alwar      4.4  ...       05:28 AM      07:15 PM  33.05
3  2026-06-05     Alwar      3.0  ...       05:27 AM      07:16 PM  31.60
4  2026-06-04  Banswara      0.4  ...       05:45 AM      07:16 PM  32.20

[5 rows x 10 columns]
",/home/runner/work/heatpulse-rajasthan/heatpulse-rajasthan/outputs/api_daily_top10_guarded.csv,/home/runner/work/heatpulse-rajasthan/heatpulse-rajasthan/docs/step10_data_reliability_report.csv,legacy_v1,baseline_logistic_step4
2026-06-04 11:55:41,success,75555,2025-12-30,0.85,/home/runner/work/heatpulse-rajasthan/heatpulse-rajasthan/outputs/daily_alerts_auto.csv,/home/runner/work/heatpulse-rajasthan/heatpulse-rajasthan/outputs/daily_top10_auto.csv,/home/runner/work/heatpulse-rajasthan/heatpulse-rajasthan/outputs/latest_day_top10_auto.csv,success,/home/runner/work/heatpulse-rajasthan/heatpulse-rajasthan/data/raw/api_daily_weather_20260604.csv,/home/runner/work/heatpulse-rajasthan/heatpulse-rajasthan/outputs/api_forecast_alerts_step9_guarded.csv,/home/runner/work/heatpulse-rajasthan/heatpulse-rajasthan/outputs/api_latest_top10_guarded.csv,"quality_mode=live_valid; selected_file=/home/runner/work/heatpulse-rajasthan/heatpulse-rajasthan/data/raw/api_daily_weather_20260604.csv
Batch fetch failed, falling back to per-district mode: HTTPSConnectionPool(host='api.open-meteo.com', port=443): Max retries exceeded with url: /v1/forecast?latitude=26.45%2C27.56%2C23.55%2C25.75%2C25.35%2C28.02%2C25.44%2C24.89%2C28.3%2C26.7%2C29.91%2C29.58%2C26.91%2C26.91%2C24.59%2C26.24%2C25.21%2C27.2%2C25.77%2C26.02%2C27.61%2C24.89%2C24.58&longitude=74.64%2C76.61%2C74.44%2C71.38%2C74.64%2C73.31%2C75.64%2C74.63%2C74.96%2C77.89%2C73.88%2C74.33%2C75.79%2C70.91%2C76.16%2C73.02%2C75.86%2C73.74%2C73.33%2C76.35%2C75.14%2C72.86%2C73.68&daily=temperature_2m_max%2Ctemperature_2m_min%2Cprecipitation_sum%2Csunrise%2Csunset&timezone=Asia%2FKolkata&forecast_days=2 (Caused by SSLError(SSLEOFError(8, '[SSL: UNEXPECTED_EOF_WHILE_READING] EOF occurred in violation of protocol (_ssl.c:1032)')))
Saved API daily weather file: /home/runner/work/heatpulse-rajasthan/heatpulse-rajasthan/data/raw/api_daily_weather_20260604.csv
Shape: (46, 10)
         date  district  rain_mm  ...  sunrise_local  sunset_local tavg_c
0  2026-06-04     Ajmer     22.3  ...       05:38 AM      07:21 PM  29.20
1  2026-06-05     Ajmer      1.4  ...       05:38 AM      07:21 PM  29.30
2  2026-06-04     Alwar      2.1  ...       05:28 AM      07:15 PM  32.55
3  2026-06-05     Alwar      1.2  ...       05:27 AM      07:16 PM  32.25
4  2026-06-04  Banswara      6.5  ...       05:45 AM      07:16 PM  30.40

[5 rows x 10 columns]
",/home/runner/work/heatpulse-rajasthan/heatpulse-rajasthan/outputs/api_daily_top10_guarded.csv,/home/runner/work/heatpulse-rajasthan/heatpulse-rajasthan/docs/step10_data_reliability_report.csv,legacy_v1,baseline_logistic_step4
2026-06-04 16:20:38,success,75555,2025-12-30,0.85,/home/runner/work/heatpulse-rajasthan/heatpulse-rajasthan/outputs/daily_alerts_auto.csv,/home/runner/work/heatpulse-rajasthan/heatpulse-rajasthan/outputs/daily_top10_auto.csv,/home/runner/work/heatpulse-rajasthan/heatpulse-rajasthan/outputs/latest_day_top10_auto.csv,success,/home/runner/work/heatpulse-rajasthan/heatpulse-rajasthan/data/raw/api_daily_weather_20260604.csv,/home/runner/work/heatpulse-rajasthan/heatpulse-rajasthan/outputs/api_forecast_alerts_step9_guarded.csv,/home/runner/work/heatpulse-rajasthan/heatpulse-rajasthan/outputs/api_latest_top10_guarded.csv,"quality_mode=live_valid; selected_file=/home/runner/work/heatpulse-rajasthan/heatpulse-rajasthan/data/raw/api_daily_weather_20260604.csv
Batch API fetch rows: 46
Saved API daily weather file: /home/runner/work/heatpulse-rajasthan/heatpulse-rajasthan/data/raw/api_daily_weather_20260604.csv
Shape: (46, 10)
         date  district  rain_mm  ...  sunrise_local  sunset_local tavg_c
0  2026-06-04     Ajmer      2.2  ...       05:38 AM      07:21 PM  31.55
1  2026-06-05     Ajmer      2.9  ...       05:38 AM      07:21 PM  28.75
2  2026-06-04     Alwar      1.7  ...       05:28 AM      07:15 PM  33.05
3  2026-06-05     Alwar     16.1  ...       05:27 AM      07:16 PM  32.10
4  2026-06-04  Banswara      1.6  ...       05:45 AM      07:16 PM  31.70

[5 rows x 10 columns]
",/home/runner/work/heatpulse-rajasthan/heatpulse-rajasthan/outputs/api_daily_top10_guarded.csv,/home/runner/work/heatpulse-rajasthan/heatpulse-rajasthan/docs/step10_data_reliability_report.csv,legacy_v1,baseline_logistic_step4
2026-06-04 19:23:52,success,75555,2025-12-30,0.85,/home/runner/work/heatpulse-rajasthan/heatpulse-rajasthan/outputs/daily_alerts_auto.csv,/home/runner/work/heatpulse-rajasthan/heatpulse-rajasthan/outputs/daily_top10_auto.csv,/home/runner/work/heatpulse-rajasthan/heatpulse-rajasthan/outputs/latest_day_top10_auto.csv,success,/home/runner/work/heatpulse-rajasthan/heatpulse-rajasthan/data/raw/api_daily_weather_20260604.csv,/home/runner/work/heatpulse-rajasthan/heatpulse-rajasthan/outputs/api_forecast_alerts_step9_guarded.csv,/home/runner/work/heatpulse-rajasthan/heatpulse-rajasthan/outputs/api_latest_top10_guarded.csv,"quality_mode=live_valid; selected_file=/home/runner/work/heatpulse-rajasthan/heatpulse-rajasthan/data/raw/api_daily_weather_20260604.csv
Batch API fetch rows: 46
Saved API daily weather file: /home/runner/work/heatpulse-rajasthan/heatpulse-rajasthan/data/raw/api_daily_weather_20260604.csv
Shape: (46, 10)
         date  district  rain_mm  ...  sunrise_local  sunset_local tavg_c
0  2026-06-05     Ajmer      0.9  ...       05:38 AM      07:21 PM  30.75
1  2026-06-06     Ajmer      1.7  ...       05:38 AM      07:22 PM  31.70
2  2026-06-05     Alwar      0.7  ...       05:27 AM      07:16 PM  31.35
3  2026-06-06     Alwar      5.9  ...       05:27 AM      07:16 PM  31.70
4  2026-06-05  Banswara      0.0  ...       05:44 AM      07:16 PM  32.50

[5 rows x 10 columns]
",/home/runner/work/heatpulse-rajasthan/heatpulse-rajasthan/outputs/api_daily_top10_guarded.csv,/home/runner/work/heatpulse-rajasthan/heatpulse-rajasthan/docs/step10_data_reliability_report.csv,legacy_v1,baseline_logistic_step4
