run_time,fetched_file,fetched_valid,selected_mode,selected_file,valid_archive_files,invalid_archive_files,fetched_reason
2026-05-02 00:00:11,,False,fallback_after_fetch_error,d:\Rajasthan Climate Risk Command System\data\raw\api_daily_weather_20260501.csv,3,0,"API fetch failed.
STDOUT:
Failed district: Ajmer | error: HTTPSConnectionPool(host='api.open-meteo.com', port=443): Max retries exceeded with url: /v1/forecast?latitude=26.45&longitude=74.64&daily=temperature_2m_max%2Ctemperature_2m_min%2Cprecipitation_sum&timezone=Asia%2FKolkata&forecast_days=2 (Caused by NewConnectionError(""HTTPSConnection(host='api.open-meteo.com', port=443): Failed to establish a new connection: [WinError 10013] An attempt was made to access a socket in a way forbidden by its access permissions""))
Failed district: Alwar | error: HTTPSConnectionPool(host='api.open-meteo.com', port=443): Max retries exceeded with url: /v1/forecast?latitude=27.56&longitude=76.61&daily=temperature_2m_max%2Ctemperature_2m_min%2Cprecipitation_sum&timezone=Asia%2FKolkata&forecast_days=2 (Caused by NewConnectionError(""HTTPSConnection(host='api.open-meteo.com', port=443): Failed to establish a new connection: [WinError 10013] An attempt was made to access a socket in a way forbidden by its access permissions""))
Failed district: Banswara | error: HTTPSConnectionPool(host='api.open-meteo.com', port=443): Max retries exceeded with url: /v1/forecast?latitude=23.55&longitude=74.44&daily=temperature_2m_max%2Ctemperature_2m_min%2Cprecipitation_sum&timezone=Asia%2FKolkata&forecast_days=2 (Caused by NewConnectionError(""HTTPSConnection(host='api.open-meteo.com', port=443): Failed to establish a new connection: [WinError 10013] An attempt was made to access a socket in a way forbidden by its access permissions""))
Failed district: Barmer | error: HTTPSConnectionPool(host='api.open-meteo.com', port=443): Max retries exceeded with url: /v1/forecast?latitude=25.75&longitude=71.38&daily=temperature_2m_max%2Ctemperature_2m_min%2Cprecipitation_sum&timezone=Asia%2FKolkata&forecast_days=2 (Caused by NewConnectionError(""HTTPSConnection(host='api.open-meteo.com', port=443): Failed to establish a new connection: [WinError 10013] An attempt was made to access a socket in a way forbidden by its access permissions""))
Failed district: Bhilwara | error: HTTPSConnectionPool(host='api.open-meteo.com', port=443): Max retries exceeded with url: /v1/forecast?latitude=25.35&longitude=74.64&daily=temperature_2m_max%2Ctemperature_2m_min%2Cprecipitation_sum&timezone=Asia%2FKolkata&forecast_days=2 (Caused by NewConnectionError(""HTTPSConnection(host='api.open-meteo.com', port=443): Failed to establish a new connection: [WinError 10013] An attempt was made to access a socket in a way forbidden by its access permissions""))
Failed district: Bikaner | error: HTTPSConnectionPool(host='api.open-meteo.com', port=443): Max retries exceeded with url: /v1/forecast?latitude=28.02&longitude=73.31&daily=temperature_2m_max%2Ctemperature_2m_min%2Cprecipitation_sum&timezone=Asia%2FKolkata&forecast_days=2 (Caused by NewConnectionError(""HTTPSConnection(host='api.open-meteo.com', port=443): Failed to establish a new connection: [WinError 10013] An attempt was made to access a socket in a way forbidden by its access permissions""))
Failed district: Bundi | error: HTTPSConnectionPool(host='api.open-meteo.com', port=443): Max retries exceeded with url: /v1/forecast?latitude=25.44&longitude=75.64&daily=temperature_2m_max%2Ctemperature_2m_min%2Cprecipitation_sum&timezone=Asia%2FKolkata&forecast_days=2 (Caused by NewConnectionError(""HTTPSConnection(host='api.open-meteo.com', port=443): Failed to establish a new connection: [WinError 10013] An attempt was made to access a socket in a way forbidden by its access permissions""))
Failed district: Chittaurgarh | error: HTTPSConnectionPool(host='api.open-meteo.com', port=443): Max retries exceeded with url: /v1/forecast?latitude=24.89&longitude=74.63&daily=temperature_2m_max%2Ctemperature_2m_min%2Cprecipitation_sum&timezone=Asia%2FKolkata&forecast_days=2 (Caused by NewConnectionError(""HTTPSConnection(host='api.open-meteo.com', port=443): Failed to establish a new connection: [WinError 10013] An attempt was made to access a socket in a way forbidden by its access permissions""))
Failed district: Churu | error: HTTPSConnectionPool(host='api.open-meteo.com', port=443): Max retries exceeded with url: /v1/forecast?latitude=28.3&longitude=74.96&daily=temperature_2m_max%2Ctemperature_2m_min%2Cprecipitation_sum&timezone=Asia%2FKolkata&forecast_days=2 (Caused by NewConnectionError(""HTTPSConnection(host='api.open-meteo.com', port=443): Failed to establish a new connection: [WinError 10013] An attempt was made to access a socket in a way forbidden by its access permissions""))
Failed district: Dhaulpur | error: HTTPSConnectionPool(host='api.open-meteo.com', port=443): Max retries exceeded with url: /v1/forecast?latitude=26.7&longitude=77.89&daily=temperature_2m_max%2Ctemperature_2m_min%2Cprecipitation_sum&timezone=Asia%2FKolkata&forecast_days=2 (Caused by NewConnectionError(""HTTPSConnection(host='api.open-meteo.com', port=443): Failed to establish a new connection: [WinError 10013] An attempt was made to access a socket in a way forbidden by its access permissions""))
Failed district: Ganganagar | error: HTTPSConnectionPool(host='api.open-meteo.com', port=443): Max retries exceeded with url: /v1/forecast?latitude=29.91&longitude=73.88&daily=temperature_2m_max%2Ctemperature_2m_min%2Cprecipitation_sum&timezone=Asia%2FKolkata&forecast_days=2 (Caused by NewConnectionError(""HTTPSConnection(host='api.open-meteo.com', port=443): Failed to establish a new connection: [WinError 10013] An attempt was made to access a socket in a way forbidden by its access permissions""))
Failed district: Hanumangarh | error: HTTPSConnectionPool(host='api.open-meteo.com', port=443): Max retries exceeded with url: /v1/forecast?latitude=29.58&longitude=74.33&daily=temperature_2m_max%2Ctemperature_2m_min%2Cprecipitation_sum&timezone=Asia%2FKolkata&forecast_days=2 (Caused by NewConnectionError(""HTTPSConnection(host='api.open-meteo.com', port=443): Failed to establish a new connection: [WinError 10013] An attempt was made to access a socket in a way forbidden by its access permissions""))
Failed district: Jaipur | error: HTTPSConnectionPool(host='api.open-meteo.com', port=443): Max retries exceeded with url: /v1/forecast?latitude=26.91&longitude=75.79&daily=temperature_2m_max%2Ctemperature_2m_min%2Cprecipitation_sum&timezone=Asia%2FKolkata&forecast_days=2 (Caused by NewConnectionError(""HTTPSConnection(host='api.open-meteo.com', port=443): Failed to establish a new connection: [WinError 10013] An attempt was made to access a socket in a way forbidden by its access permissions""))
Failed district: Jaisalmer | error: HTTPSConnectionPool(host='api.open-meteo.com', port=443): Max retries exceeded with url: /v1/forecast?latitude=26.91&longitude=70.91&daily=temperature_2m_max%2Ctemperature_2m_min%2Cprecipitation_sum&timezone=Asia%2FKolkata&forecast_days=2 (Caused by NewConnectionError(""HTTPSConnection(host='api.open-meteo.com', port=443): Failed to establish a new connection: [WinError 10013] An attempt was made to access a socket in a way forbidden by its access permissions""))
Failed district: Jhalawar | error: HTTPSConnectionPool(host='api.open-meteo.com', port=443): Max retries exceeded with url: /v1/forecast?latitude=24.59&longitude=76.16&daily=temperature_2m_max%2Ctemperature_2m_min%2Cprecipitation_sum&timezone=Asia%2FKolkata&forecast_days=2 (Caused by NewConnectionError(""HTTPSConnection(host='api.open-meteo.com', port=443): Failed to establish a new connection: [WinError 10013] An attempt was made to access a socket in a way forbidden by its access permissions""))
Failed district: Jodhpur | error: HTTPSConnectionPool(host='api.open-meteo.com', port=443): Max retries exceeded with url: /v1/forecast?latitude=26.24&longitude=73.02&daily=temperature_2m_max%2Ctemperature_2m_min%2Cprecipitation_sum&timezone=Asia%2FKolkata&forecast_days=2 (Caused by NewConnectionError(""HTTPSConnection(host='api.open-meteo.com', port=443): Failed to establish a new connection: [WinError 10013] An attempt was made to access a socket in a way forbidden by its access permissions""))
Failed district: Kota | error: HTTPSConnectionPool(host='api.open-meteo.com', port=443): Max retries exceeded with url: /v1/forecast?latitude=25.21&longitude=75.86&daily=temperature_2m_max%2Ctemperature_2m_min%2Cprecipitation_sum&timezone=Asia%2FKolkata&forecast_days=2 (Caused by NewConnectionError(""HTTPSConnection(host='api.open-meteo.com', port=443): Failed to establish a new connection: [WinError 10013] An attempt was made to access a socket in a way forbidden by its access permissions""))
Failed district: Nagaur | error: HTTPSConnectionPool(host='api.open-meteo.com', port=443): Max retries exceeded with url: /v1/forecast?latitude=27.2&longitude=73.74&daily=temperature_2m_max%2Ctemperature_2m_min%2Cprecipitation_sum&timezone=Asia%2FKolkata&forecast_days=2 (Caused by NewConnectionError(""HTTPSConnection(host='api.open-meteo.com', port=443): Failed to establish a new connection: [WinError 10013] An attempt was made to access a socket in a way forbidden by its access permissions""))
Failed district: Pali | error: HTTPSConnectionPool(host='api.open-meteo.com', port=443): Max retries exceeded with url: /v1/forecast?latitude=25.77&longitude=73.33&daily=temperature_2m_max%2Ctemperature_2m_min%2Cprecipitation_sum&timezone=Asia%2FKolkata&forecast_days=2 (Caused by NewConnectionError(""HTTPSConnection(host='api.open-meteo.com', port=443): Failed to establish a new connection: [WinError 10013] An attempt was made to access a socket in a way forbidden by its access permissions""))
Failed district: Sawai Madhopur | error: HTTPSConnectionPool(host='api.open-meteo.com', port=443): Max retries exceeded with url: /v1/forecast?latitude=26.02&longitude=76.35&daily=temperature_2m_max%2Ctemperature_2m_min%2Cprecipitation_sum&timezone=Asia%2FKolkata&forecast_days=2 (Caused by NewConnectionError(""HTTPSConnection(host='api.open-meteo.com', port=443): Failed to establish a new connection: [WinError 10013] An attempt was made to access a socket in a way forbidden by its access permissions""))
Failed district: Sikar | error: HTTPSConnectionPool(host='api.open-meteo.com', port=443): Max retries exceeded with url: /v1/forecast?latitude=27.61&longitude=75.14&daily=temperature_2m_max%2Ctemperature_2m_min%2Cprecipitation_sum&timezone=Asia%2FKolkata&forecast_days=2 (Caused by NewConnectionError(""HTTPSConnection(host='api.open-meteo.com', port=443): Failed to establish a new connection: [WinError 10013] An attempt was made to access a socket in a way forbidden by its access permissions""))
Failed district: Sirohi | error: HTTPSConnectionPool(host='api.open-meteo.com', port=443): Max retries exceeded with url: /v1/forecast?latitude=24.89&longitude=72.86&daily=temperature_2m_max%2Ctemperature_2m_min%2Cprecipitation_sum&timezone=Asia%2FKolkata&forecast_days=2 (Caused by NewConnectionError(""HTTPSConnection(host='api.open-meteo.com', port=443): Failed to establish a new connection: [WinError 10013] An attempt was made to access a socket in a way forbidden by its access permissions""))
Failed district: Udaipur | error: HTTPSConnectionPool(host='api.open-meteo.com', port=443): Max retries exceeded with url: /v1/forecast?latitude=24.58&longitude=73.68&daily=temperature_2m_max%2Ctemperature_2m_min%2Cprecipitation_sum&timezone=Asia%2FKolkata&forecast_days=2 (Caused by NewConnectionError(""HTTPSConnection(host='api.open-meteo.com', port=443): Failed to establish a new connection: [WinError 10013] An attempt was made to access a socket in a way forbidden by its access permissions""))

STDERR:
Traceback (most recent call last):
  File ""d:\Rajasthan Climate Risk Command System\scripts\fetch_daily_weather_api.py"", line 69, in <module>
    raise RuntimeError(""No API rows fetched. Check connectivity or config."")
RuntimeError: No API rows fetched. Check connectivity or config.
"
2026-05-02 00:50:52,,False,fallback_after_fetch_error,d:\Rajasthan Climate Risk Command System\data\raw\api_daily_weather_20260501.csv,3,0,"API fetch failed.
STDOUT:
Failed district: Ajmer | error: HTTPSConnectionPool(host='api.open-meteo.com', port=443): Max retries exceeded with url: /v1/forecast?latitude=26.45&longitude=74.64&daily=temperature_2m_max%2Ctemperature_2m_min%2Cprecipitation_sum&timezone=Asia%2FKolkata&forecast_days=2 (Caused by NewConnectionError(""HTTPSConnection(host='api.open-meteo.com', port=443): Failed to establish a new connection: [WinError 10013] An attempt was made to access a socket in a way forbidden by its access permissions""))
Failed district: Alwar | error: HTTPSConnectionPool(host='api.open-meteo.com', port=443): Max retries exceeded with url: /v1/forecast?latitude=27.56&longitude=76.61&daily=temperature_2m_max%2Ctemperature_2m_min%2Cprecipitation_sum&timezone=Asia%2FKolkata&forecast_days=2 (Caused by NewConnectionError(""HTTPSConnection(host='api.open-meteo.com', port=443): Failed to establish a new connection: [WinError 10013] An attempt was made to access a socket in a way forbidden by its access permissions""))
Failed district: Banswara | error: HTTPSConnectionPool(host='api.open-meteo.com', port=443): Max retries exceeded with url: /v1/forecast?latitude=23.55&longitude=74.44&daily=temperature_2m_max%2Ctemperature_2m_min%2Cprecipitation_sum&timezone=Asia%2FKolkata&forecast_days=2 (Caused by NewConnectionError(""HTTPSConnection(host='api.open-meteo.com', port=443): Failed to establish a new connection: [WinError 10013] An attempt was made to access a socket in a way forbidden by its access permissions""))
Failed district: Barmer | error: HTTPSConnectionPool(host='api.open-meteo.com', port=443): Max retries exceeded with url: /v1/forecast?latitude=25.75&longitude=71.38&daily=temperature_2m_max%2Ctemperature_2m_min%2Cprecipitation_sum&timezone=Asia%2FKolkata&forecast_days=2 (Caused by NewConnectionError(""HTTPSConnection(host='api.open-meteo.com', port=443): Failed to establish a new connection: [WinError 10013] An attempt was made to access a socket in a way forbidden by its access permissions""))
Failed district: Bhilwara | error: HTTPSConnectionPool(host='api.open-meteo.com', port=443): Max retries exceeded with url: /v1/forecast?latitude=25.35&longitude=74.64&daily=temperature_2m_max%2Ctemperature_2m_min%2Cprecipitation_sum&timezone=Asia%2FKolkata&forecast_days=2 (Caused by NewConnectionError(""HTTPSConnection(host='api.open-meteo.com', port=443): Failed to establish a new connection: [WinError 10013] An attempt was made to access a socket in a way forbidden by its access permissions""))
Failed district: Bikaner | error: HTTPSConnectionPool(host='api.open-meteo.com', port=443): Max retries exceeded with url: /v1/forecast?latitude=28.02&longitude=73.31&daily=temperature_2m_max%2Ctemperature_2m_min%2Cprecipitation_sum&timezone=Asia%2FKolkata&forecast_days=2 (Caused by NewConnectionError(""HTTPSConnection(host='api.open-meteo.com', port=443): Failed to establish a new connection: [WinError 10013] An attempt was made to access a socket in a way forbidden by its access permissions""))
Failed district: Bundi | error: HTTPSConnectionPool(host='api.open-meteo.com', port=443): Max retries exceeded with url: /v1/forecast?latitude=25.44&longitude=75.64&daily=temperature_2m_max%2Ctemperature_2m_min%2Cprecipitation_sum&timezone=Asia%2FKolkata&forecast_days=2 (Caused by NewConnectionError(""HTTPSConnection(host='api.open-meteo.com', port=443): Failed to establish a new connection: [WinError 10013] An attempt was made to access a socket in a way forbidden by its access permissions""))
Failed district: Chittaurgarh | error: HTTPSConnectionPool(host='api.open-meteo.com', port=443): Max retries exceeded with url: /v1/forecast?latitude=24.89&longitude=74.63&daily=temperature_2m_max%2Ctemperature_2m_min%2Cprecipitation_sum&timezone=Asia%2FKolkata&forecast_days=2 (Caused by NewConnectionError(""HTTPSConnection(host='api.open-meteo.com', port=443): Failed to establish a new connection: [WinError 10013] An attempt was made to access a socket in a way forbidden by its access permissions""))
Failed district: Churu | error: HTTPSConnectionPool(host='api.open-meteo.com', port=443): Max retries exceeded with url: /v1/forecast?latitude=28.3&longitude=74.96&daily=temperature_2m_max%2Ctemperature_2m_min%2Cprecipitation_sum&timezone=Asia%2FKolkata&forecast_days=2 (Caused by NewConnectionError(""HTTPSConnection(host='api.open-meteo.com', port=443): Failed to establish a new connection: [WinError 10013] An attempt was made to access a socket in a way forbidden by its access permissions""))
Failed district: Dhaulpur | error: HTTPSConnectionPool(host='api.open-meteo.com', port=443): Max retries exceeded with url: /v1/forecast?latitude=26.7&longitude=77.89&daily=temperature_2m_max%2Ctemperature_2m_min%2Cprecipitation_sum&timezone=Asia%2FKolkata&forecast_days=2 (Caused by NewConnectionError(""HTTPSConnection(host='api.open-meteo.com', port=443): Failed to establish a new connection: [WinError 10013] An attempt was made to access a socket in a way forbidden by its access permissions""))
Failed district: Ganganagar | error: HTTPSConnectionPool(host='api.open-meteo.com', port=443): Max retries exceeded with url: /v1/forecast?latitude=29.91&longitude=73.88&daily=temperature_2m_max%2Ctemperature_2m_min%2Cprecipitation_sum&timezone=Asia%2FKolkata&forecast_days=2 (Caused by NewConnectionError(""HTTPSConnection(host='api.open-meteo.com', port=443): Failed to establish a new connection: [WinError 10013] An attempt was made to access a socket in a way forbidden by its access permissions""))
Failed district: Hanumangarh | error: HTTPSConnectionPool(host='api.open-meteo.com', port=443): Max retries exceeded with url: /v1/forecast?latitude=29.58&longitude=74.33&daily=temperature_2m_max%2Ctemperature_2m_min%2Cprecipitation_sum&timezone=Asia%2FKolkata&forecast_days=2 (Caused by NewConnectionError(""HTTPSConnection(host='api.open-meteo.com', port=443): Failed to establish a new connection: [WinError 10013] An attempt was made to access a socket in a way forbidden by its access permissions""))
Failed district: Jaipur | error: HTTPSConnectionPool(host='api.open-meteo.com', port=443): Max retries exceeded with url: /v1/forecast?latitude=26.91&longitude=75.79&daily=temperature_2m_max%2Ctemperature_2m_min%2Cprecipitation_sum&timezone=Asia%2FKolkata&forecast_days=2 (Caused by NewConnectionError(""HTTPSConnection(host='api.open-meteo.com', port=443): Failed to establish a new connection: [WinError 10013] An attempt was made to access a socket in a way forbidden by its access permissions""))
Failed district: Jaisalmer | error: HTTPSConnectionPool(host='api.open-meteo.com', port=443): Max retries exceeded with url: /v1/forecast?latitude=26.91&longitude=70.91&daily=temperature_2m_max%2Ctemperature_2m_min%2Cprecipitation_sum&timezone=Asia%2FKolkata&forecast_days=2 (Caused by NewConnectionError(""HTTPSConnection(host='api.open-meteo.com', port=443): Failed to establish a new connection: [WinError 10013] An attempt was made to access a socket in a way forbidden by its access permissions""))
Failed district: Jhalawar | error: HTTPSConnectionPool(host='api.open-meteo.com', port=443): Max retries exceeded with url: /v1/forecast?latitude=24.59&longitude=76.16&daily=temperature_2m_max%2Ctemperature_2m_min%2Cprecipitation_sum&timezone=Asia%2FKolkata&forecast_days=2 (Caused by NewConnectionError(""HTTPSConnection(host='api.open-meteo.com', port=443): Failed to establish a new connection: [WinError 10013] An attempt was made to access a socket in a way forbidden by its access permissions""))
Failed district: Jodhpur | error: HTTPSConnectionPool(host='api.open-meteo.com', port=443): Max retries exceeded with url: /v1/forecast?latitude=26.24&longitude=73.02&daily=temperature_2m_max%2Ctemperature_2m_min%2Cprecipitation_sum&timezone=Asia%2FKolkata&forecast_days=2 (Caused by NewConnectionError(""HTTPSConnection(host='api.open-meteo.com', port=443): Failed to establish a new connection: [WinError 10013] An attempt was made to access a socket in a way forbidden by its access permissions""))
Failed district: Kota | error: HTTPSConnectionPool(host='api.open-meteo.com', port=443): Max retries exceeded with url: /v1/forecast?latitude=25.21&longitude=75.86&daily=temperature_2m_max%2Ctemperature_2m_min%2Cprecipitation_sum&timezone=Asia%2FKolkata&forecast_days=2 (Caused by NewConnectionError(""HTTPSConnection(host='api.open-meteo.com', port=443): Failed to establish a new connection: [WinError 10013] An attempt was made to access a socket in a way forbidden by its access permissions""))
Failed district: Nagaur | error: HTTPSConnectionPool(host='api.open-meteo.com', port=443): Max retries exceeded with url: /v1/forecast?latitude=27.2&longitude=73.74&daily=temperature_2m_max%2Ctemperature_2m_min%2Cprecipitation_sum&timezone=Asia%2FKolkata&forecast_days=2 (Caused by NewConnectionError(""HTTPSConnection(host='api.open-meteo.com', port=443): Failed to establish a new connection: [WinError 10013] An attempt was made to access a socket in a way forbidden by its access permissions""))
Failed district: Pali | error: HTTPSConnectionPool(host='api.open-meteo.com', port=443): Max retries exceeded with url: /v1/forecast?latitude=25.77&longitude=73.33&daily=temperature_2m_max%2Ctemperature_2m_min%2Cprecipitation_sum&timezone=Asia%2FKolkata&forecast_days=2 (Caused by NewConnectionError(""HTTPSConnection(host='api.open-meteo.com', port=443): Failed to establish a new connection: [WinError 10013] An attempt was made to access a socket in a way forbidden by its access permissions""))
Failed district: Sawai Madhopur | error: HTTPSConnectionPool(host='api.open-meteo.com', port=443): Max retries exceeded with url: /v1/forecast?latitude=26.02&longitude=76.35&daily=temperature_2m_max%2Ctemperature_2m_min%2Cprecipitation_sum&timezone=Asia%2FKolkata&forecast_days=2 (Caused by NewConnectionError(""HTTPSConnection(host='api.open-meteo.com', port=443): Failed to establish a new connection: [WinError 10013] An attempt was made to access a socket in a way forbidden by its access permissions""))
Failed district: Sikar | error: HTTPSConnectionPool(host='api.open-meteo.com', port=443): Max retries exceeded with url: /v1/forecast?latitude=27.61&longitude=75.14&daily=temperature_2m_max%2Ctemperature_2m_min%2Cprecipitation_sum&timezone=Asia%2FKolkata&forecast_days=2 (Caused by NewConnectionError(""HTTPSConnection(host='api.open-meteo.com', port=443): Failed to establish a new connection: [WinError 10013] An attempt was made to access a socket in a way forbidden by its access permissions""))
Failed district: Sirohi | error: HTTPSConnectionPool(host='api.open-meteo.com', port=443): Max retries exceeded with url: /v1/forecast?latitude=24.89&longitude=72.86&daily=temperature_2m_max%2Ctemperature_2m_min%2Cprecipitation_sum&timezone=Asia%2FKolkata&forecast_days=2 (Caused by NewConnectionError(""HTTPSConnection(host='api.open-meteo.com', port=443): Failed to establish a new connection: [WinError 10013] An attempt was made to access a socket in a way forbidden by its access permissions""))
Failed district: Udaipur | error: HTTPSConnectionPool(host='api.open-meteo.com', port=443): Max retries exceeded with url: /v1/forecast?latitude=24.58&longitude=73.68&daily=temperature_2m_max%2Ctemperature_2m_min%2Cprecipitation_sum&timezone=Asia%2FKolkata&forecast_days=2 (Caused by NewConnectionError(""HTTPSConnection(host='api.open-meteo.com', port=443): Failed to establish a new connection: [WinError 10013] An attempt was made to access a socket in a way forbidden by its access permissions""))

STDERR:
Traceback (most recent call last):
  File ""d:\Rajasthan Climate Risk Command System\scripts\fetch_daily_weather_api.py"", line 69, in <module>
    raise RuntimeError(""No API rows fetched. Check connectivity or config."")
RuntimeError: No API rows fetched. Check connectivity or config.
"
2026-05-03 09:21:37,D:\Rajasthan Climate Risk Command System\data\raw\api_daily_weather_20260503.csv,True,live_valid,D:\Rajasthan Climate Risk Command System\data\raw\api_daily_weather_20260503.csv,4,0,ok
2026-05-03 22:40:53,,False,fallback_after_fetch_error,D:\Rajasthan Climate Risk Command System\data\raw\api_daily_weather_20260503.csv,4,0,"API fetch failed.
STDOUT:
Failed district: Ajmer | error: HTTPSConnectionPool(host='api.open-meteo.com', port=443): Max retries exceeded with url: /v1/forecast?latitude=26.45&longitude=74.64&daily=temperature_2m_max%2Ctemperature_2m_min%2Cprecipitation_sum&timezone=Asia%2FKolkata&forecast_days=2 (Caused by NewConnectionError(""HTTPSConnection(host='api.open-meteo.com', port=443): Failed to establish a new connection: [WinError 10013] An attempt was made to access a socket in a way forbidden by its access permissions""))
Failed district: Alwar | error: HTTPSConnectionPool(host='api.open-meteo.com', port=443): Max retries exceeded with url: /v1/forecast?latitude=27.56&longitude=76.61&daily=temperature_2m_max%2Ctemperature_2m_min%2Cprecipitation_sum&timezone=Asia%2FKolkata&forecast_days=2 (Caused by NewConnectionError(""HTTPSConnection(host='api.open-meteo.com', port=443): Failed to establish a new connection: [WinError 10013] An attempt was made to access a socket in a way forbidden by its access permissions""))
Failed district: Banswara | error: HTTPSConnectionPool(host='api.open-meteo.com', port=443): Max retries exceeded with url: /v1/forecast?latitude=23.55&longitude=74.44&daily=temperature_2m_max%2Ctemperature_2m_min%2Cprecipitation_sum&timezone=Asia%2FKolkata&forecast_days=2 (Caused by NewConnectionError(""HTTPSConnection(host='api.open-meteo.com', port=443): Failed to establish a new connection: [WinError 10013] An attempt was made to access a socket in a way forbidden by its access permissions""))
Failed district: Barmer | error: HTTPSConnectionPool(host='api.open-meteo.com', port=443): Max retries exceeded with url: /v1/forecast?latitude=25.75&longitude=71.38&daily=temperature_2m_max%2Ctemperature_2m_min%2Cprecipitation_sum&timezone=Asia%2FKolkata&forecast_days=2 (Caused by NewConnectionError(""HTTPSConnection(host='api.open-meteo.com', port=443): Failed to establish a new connection: [WinError 10013] An attempt was made to access a socket in a way forbidden by its access permissions""))
Failed district: Bhilwara | error: HTTPSConnectionPool(host='api.open-meteo.com', port=443): Max retries exceeded with url: /v1/forecast?latitude=25.35&longitude=74.64&daily=temperature_2m_max%2Ctemperature_2m_min%2Cprecipitation_sum&timezone=Asia%2FKolkata&forecast_days=2 (Caused by NewConnectionError(""HTTPSConnection(host='api.open-meteo.com', port=443): Failed to establish a new connection: [WinError 10013] An attempt was made to access a socket in a way forbidden by its access permissions""))
Failed district: Bikaner | error: HTTPSConnectionPool(host='api.open-meteo.com', port=443): Max retries exceeded with url: /v1/forecast?latitude=28.02&longitude=73.31&daily=temperature_2m_max%2Ctemperature_2m_min%2Cprecipitation_sum&timezone=Asia%2FKolkata&forecast_days=2 (Caused by NewConnectionError(""HTTPSConnection(host='api.open-meteo.com', port=443): Failed to establish a new connection: [WinError 10013] An attempt was made to access a socket in a way forbidden by its access permissions""))
Failed district: Bundi | error: HTTPSConnectionPool(host='api.open-meteo.com', port=443): Max retries exceeded with url: /v1/forecast?latitude=25.44&longitude=75.64&daily=temperature_2m_max%2Ctemperature_2m_min%2Cprecipitation_sum&timezone=Asia%2FKolkata&forecast_days=2 (Caused by NewConnectionError(""HTTPSConnection(host='api.open-meteo.com', port=443): Failed to establish a new connection: [WinError 10013] An attempt was made to access a socket in a way forbidden by its access permissions""))
Failed district: Chittaurgarh | error: HTTPSConnectionPool(host='api.open-meteo.com', port=443): Max retries exceeded with url: /v1/forecast?latitude=24.89&longitude=74.63&daily=temperature_2m_max%2Ctemperature_2m_min%2Cprecipitation_sum&timezone=Asia%2FKolkata&forecast_days=2 (Caused by NewConnectionError(""HTTPSConnection(host='api.open-meteo.com', port=443): Failed to establish a new connection: [WinError 10013] An attempt was made to access a socket in a way forbidden by its access permissions""))
Failed district: Churu | error: HTTPSConnectionPool(host='api.open-meteo.com', port=443): Max retries exceeded with url: /v1/forecast?latitude=28.3&longitude=74.96&daily=temperature_2m_max%2Ctemperature_2m_min%2Cprecipitation_sum&timezone=Asia%2FKolkata&forecast_days=2 (Caused by NewConnectionError(""HTTPSConnection(host='api.open-meteo.com', port=443): Failed to establish a new connection: [WinError 10013] An attempt was made to access a socket in a way forbidden by its access permissions""))
Failed district: Dhaulpur | error: HTTPSConnectionPool(host='api.open-meteo.com', port=443): Max retries exceeded with url: /v1/forecast?latitude=26.7&longitude=77.89&daily=temperature_2m_max%2Ctemperature_2m_min%2Cprecipitation_sum&timezone=Asia%2FKolkata&forecast_days=2 (Caused by NewConnectionError(""HTTPSConnection(host='api.open-meteo.com', port=443): Failed to establish a new connection: [WinError 10013] An attempt was made to access a socket in a way forbidden by its access permissions""))
Failed district: Ganganagar | error: HTTPSConnectionPool(host='api.open-meteo.com', port=443): Max retries exceeded with url: /v1/forecast?latitude=29.91&longitude=73.88&daily=temperature_2m_max%2Ctemperature_2m_min%2Cprecipitation_sum&timezone=Asia%2FKolkata&forecast_days=2 (Caused by NewConnectionError(""HTTPSConnection(host='api.open-meteo.com', port=443): Failed to establish a new connection: [WinError 10013] An attempt was made to access a socket in a way forbidden by its access permissions""))
Failed district: Hanumangarh | error: HTTPSConnectionPool(host='api.open-meteo.com', port=443): Max retries exceeded with url: /v1/forecast?latitude=29.58&longitude=74.33&daily=temperature_2m_max%2Ctemperature_2m_min%2Cprecipitation_sum&timezone=Asia%2FKolkata&forecast_days=2 (Caused by NewConnectionError(""HTTPSConnection(host='api.open-meteo.com', port=443): Failed to establish a new connection: [WinError 10013] An attempt was made to access a socket in a way forbidden by its access permissions""))
Failed district: Jaipur | error: HTTPSConnectionPool(host='api.open-meteo.com', port=443): Max retries exceeded with url: /v1/forecast?latitude=26.91&longitude=75.79&daily=temperature_2m_max%2Ctemperature_2m_min%2Cprecipitation_sum&timezone=Asia%2FKolkata&forecast_days=2 (Caused by NewConnectionError(""HTTPSConnection(host='api.open-meteo.com', port=443): Failed to establish a new connection: [WinError 10013] An attempt was made to access a socket in a way forbidden by its access permissions""))
Failed district: Jaisalmer | error: HTTPSConnectionPool(host='api.open-meteo.com', port=443): Max retries exceeded with url: /v1/forecast?latitude=26.91&longitude=70.91&daily=temperature_2m_max%2Ctemperature_2m_min%2Cprecipitation_sum&timezone=Asia%2FKolkata&forecast_days=2 (Caused by NewConnectionError(""HTTPSConnection(host='api.open-meteo.com', port=443): Failed to establish a new connection: [WinError 10013] An attempt was made to access a socket in a way forbidden by its access permissions""))
Failed district: Jhalawar | error: HTTPSConnectionPool(host='api.open-meteo.com', port=443): Max retries exceeded with url: /v1/forecast?latitude=24.59&longitude=76.16&daily=temperature_2m_max%2Ctemperature_2m_min%2Cprecipitation_sum&timezone=Asia%2FKolkata&forecast_days=2 (Caused by NewConnectionError(""HTTPSConnection(host='api.open-meteo.com', port=443): Failed to establish a new connection: [WinError 10013] An attempt was made to access a socket in a way forbidden by its access permissions""))
Failed district: Jodhpur | error: HTTPSConnectionPool(host='api.open-meteo.com', port=443): Max retries exceeded with url: /v1/forecast?latitude=26.24&longitude=73.02&daily=temperature_2m_max%2Ctemperature_2m_min%2Cprecipitation_sum&timezone=Asia%2FKolkata&forecast_days=2 (Caused by NewConnectionError(""HTTPSConnection(host='api.open-meteo.com', port=443): Failed to establish a new connection: [WinError 10013] An attempt was made to access a socket in a way forbidden by its access permissions""))
Failed district: Kota | error: HTTPSConnectionPool(host='api.open-meteo.com', port=443): Max retries exceeded with url: /v1/forecast?latitude=25.21&longitude=75.86&daily=temperature_2m_max%2Ctemperature_2m_min%2Cprecipitation_sum&timezone=Asia%2FKolkata&forecast_days=2 (Caused by NewConnectionError(""HTTPSConnection(host='api.open-meteo.com', port=443): Failed to establish a new connection: [WinError 10013] An attempt was made to access a socket in a way forbidden by its access permissions""))
Failed district: Nagaur | error: HTTPSConnectionPool(host='api.open-meteo.com', port=443): Max retries exceeded with url: /v1/forecast?latitude=27.2&longitude=73.74&daily=temperature_2m_max%2Ctemperature_2m_min%2Cprecipitation_sum&timezone=Asia%2FKolkata&forecast_days=2 (Caused by NewConnectionError(""HTTPSConnection(host='api.open-meteo.com', port=443): Failed to establish a new connection: [WinError 10013] An attempt was made to access a socket in a way forbidden by its access permissions""))
Failed district: Pali | error: HTTPSConnectionPool(host='api.open-meteo.com', port=443): Max retries exceeded with url: /v1/forecast?latitude=25.77&longitude=73.33&daily=temperature_2m_max%2Ctemperature_2m_min%2Cprecipitation_sum&timezone=Asia%2FKolkata&forecast_days=2 (Caused by NewConnectionError(""HTTPSConnection(host='api.open-meteo.com', port=443): Failed to establish a new connection: [WinError 10013] An attempt was made to access a socket in a way forbidden by its access permissions""))
Failed district: Sawai Madhopur | error: HTTPSConnectionPool(host='api.open-meteo.com', port=443): Max retries exceeded with url: /v1/forecast?latitude=26.02&longitude=76.35&daily=temperature_2m_max%2Ctemperature_2m_min%2Cprecipitation_sum&timezone=Asia%2FKolkata&forecast_days=2 (Caused by NewConnectionError(""HTTPSConnection(host='api.open-meteo.com', port=443): Failed to establish a new connection: [WinError 10013] An attempt was made to access a socket in a way forbidden by its access permissions""))
Failed district: Sikar | error: HTTPSConnectionPool(host='api.open-meteo.com', port=443): Max retries exceeded with url: /v1/forecast?latitude=27.61&longitude=75.14&daily=temperature_2m_max%2Ctemperature_2m_min%2Cprecipitation_sum&timezone=Asia%2FKolkata&forecast_days=2 (Caused by NewConnectionError(""HTTPSConnection(host='api.open-meteo.com', port=443): Failed to establish a new connection: [WinError 10013] An attempt was made to access a socket in a way forbidden by its access permissions""))
Failed district: Sirohi | error: HTTPSConnectionPool(host='api.open-meteo.com', port=443): Max retries exceeded with url: /v1/forecast?latitude=24.89&longitude=72.86&daily=temperature_2m_max%2Ctemperature_2m_min%2Cprecipitation_sum&timezone=Asia%2FKolkata&forecast_days=2 (Caused by NewConnectionError(""HTTPSConnection(host='api.open-meteo.com', port=443): Failed to establish a new connection: [WinError 10013] An attempt was made to access a socket in a way forbidden by its access permissions""))
Failed district: Udaipur | error: HTTPSConnectionPool(host='api.open-meteo.com', port=443): Max retries exceeded with url: /v1/forecast?latitude=24.58&longitude=73.68&daily=temperature_2m_max%2Ctemperature_2m_min%2Cprecipitation_sum&timezone=Asia%2FKolkata&forecast_days=2 (Caused by NewConnectionError(""HTTPSConnection(host='api.open-meteo.com', port=443): Failed to establish a new connection: [WinError 10013] An attempt was made to access a socket in a way forbidden by its access permissions""))

STDERR:
Traceback (most recent call last):
  File ""D:\Rajasthan Climate Risk Command System\scripts\fetch_daily_weather_api.py"", line 74, in <module>
    raise RuntimeError(""No API rows fetched. Check connectivity or config."")
RuntimeError: No API rows fetched. Check connectivity or config.
"
2026-05-04 08:58:23,D:\Rajasthan Climate Risk Command System\data\raw\api_daily_weather_20260504.csv,True,live_valid,D:\Rajasthan Climate Risk Command System\data\raw\api_daily_weather_20260504.csv,5,0,ok
2026-05-04 10:20:51,,False,fallback_after_fetch_error,D:\Rajasthan Climate Risk Command System\data\raw\api_daily_weather_20260504.csv,5,0,"API fetch failed.
STDOUT:
Failed district: Ajmer | error: HTTPSConnectionPool(host='api.open-meteo.com', port=443): Max retries exceeded with url: /v1/forecast?latitude=26.45&longitude=74.64&daily=temperature_2m_max%2Ctemperature_2m_min%2Cprecipitation_sum&timezone=Asia%2FKolkata&forecast_days=2 (Caused by NewConnectionError(""HTTPSConnection(host='api.open-meteo.com', port=443): Failed to establish a new connection: [WinError 10013] An attempt was made to access a socket in a way forbidden by its access permissions""))
Failed district: Alwar | error: HTTPSConnectionPool(host='api.open-meteo.com', port=443): Max retries exceeded with url: /v1/forecast?latitude=27.56&longitude=76.61&daily=temperature_2m_max%2Ctemperature_2m_min%2Cprecipitation_sum&timezone=Asia%2FKolkata&forecast_days=2 (Caused by NewConnectionError(""HTTPSConnection(host='api.open-meteo.com', port=443): Failed to establish a new connection: [WinError 10013] An attempt was made to access a socket in a way forbidden by its access permissions""))
Failed district: Banswara | error: HTTPSConnectionPool(host='api.open-meteo.com', port=443): Max retries exceeded with url: /v1/forecast?latitude=23.55&longitude=74.44&daily=temperature_2m_max%2Ctemperature_2m_min%2Cprecipitation_sum&timezone=Asia%2FKolkata&forecast_days=2 (Caused by NewConnectionError(""HTTPSConnection(host='api.open-meteo.com', port=443): Failed to establish a new connection: [WinError 10013] An attempt was made to access a socket in a way forbidden by its access permissions""))
Failed district: Barmer | error: HTTPSConnectionPool(host='api.open-meteo.com', port=443): Max retries exceeded with url: /v1/forecast?latitude=25.75&longitude=71.38&daily=temperature_2m_max%2Ctemperature_2m_min%2Cprecipitation_sum&timezone=Asia%2FKolkata&forecast_days=2 (Caused by NewConnectionError(""HTTPSConnection(host='api.open-meteo.com', port=443): Failed to establish a new connection: [WinError 10013] An attempt was made to access a socket in a way forbidden by its access permissions""))
Failed district: Bhilwara | error: HTTPSConnectionPool(host='api.open-meteo.com', port=443): Max retries exceeded with url: /v1/forecast?latitude=25.35&longitude=74.64&daily=temperature_2m_max%2Ctemperature_2m_min%2Cprecipitation_sum&timezone=Asia%2FKolkata&forecast_days=2 (Caused by NewConnectionError(""HTTPSConnection(host='api.open-meteo.com', port=443): Failed to establish a new connection: [WinError 10013] An attempt was made to access a socket in a way forbidden by its access permissions""))
Failed district: Bikaner | error: HTTPSConnectionPool(host='api.open-meteo.com', port=443): Max retries exceeded with url: /v1/forecast?latitude=28.02&longitude=73.31&daily=temperature_2m_max%2Ctemperature_2m_min%2Cprecipitation_sum&timezone=Asia%2FKolkata&forecast_days=2 (Caused by NewConnectionError(""HTTPSConnection(host='api.open-meteo.com', port=443): Failed to establish a new connection: [WinError 10013] An attempt was made to access a socket in a way forbidden by its access permissions""))
Failed district: Bundi | error: HTTPSConnectionPool(host='api.open-meteo.com', port=443): Max retries exceeded with url: /v1/forecast?latitude=25.44&longitude=75.64&daily=temperature_2m_max%2Ctemperature_2m_min%2Cprecipitation_sum&timezone=Asia%2FKolkata&forecast_days=2 (Caused by NewConnectionError(""HTTPSConnection(host='api.open-meteo.com', port=443): Failed to establish a new connection: [WinError 10013] An attempt was made to access a socket in a way forbidden by its access permissions""))
Failed district: Chittaurgarh | error: HTTPSConnectionPool(host='api.open-meteo.com', port=443): Max retries exceeded with url: /v1/forecast?latitude=24.89&longitude=74.63&daily=temperature_2m_max%2Ctemperature_2m_min%2Cprecipitation_sum&timezone=Asia%2FKolkata&forecast_days=2 (Caused by NewConnectionError(""HTTPSConnection(host='api.open-meteo.com', port=443): Failed to establish a new connection: [WinError 10013] An attempt was made to access a socket in a way forbidden by its access permissions""))
Failed district: Churu | error: HTTPSConnectionPool(host='api.open-meteo.com', port=443): Max retries exceeded with url: /v1/forecast?latitude=28.3&longitude=74.96&daily=temperature_2m_max%2Ctemperature_2m_min%2Cprecipitation_sum&timezone=Asia%2FKolkata&forecast_days=2 (Caused by NewConnectionError(""HTTPSConnection(host='api.open-meteo.com', port=443): Failed to establish a new connection: [WinError 10013] An attempt was made to access a socket in a way forbidden by its access permissions""))
Failed district: Dhaulpur | error: HTTPSConnectionPool(host='api.open-meteo.com', port=443): Max retries exceeded with url: /v1/forecast?latitude=26.7&longitude=77.89&daily=temperature_2m_max%2Ctemperature_2m_min%2Cprecipitation_sum&timezone=Asia%2FKolkata&forecast_days=2 (Caused by NewConnectionError(""HTTPSConnection(host='api.open-meteo.com', port=443): Failed to establish a new connection: [WinError 10013] An attempt was made to access a socket in a way forbidden by its access permissions""))
Failed district: Ganganagar | error: HTTPSConnectionPool(host='api.open-meteo.com', port=443): Max retries exceeded with url: /v1/forecast?latitude=29.91&longitude=73.88&daily=temperature_2m_max%2Ctemperature_2m_min%2Cprecipitation_sum&timezone=Asia%2FKolkata&forecast_days=2 (Caused by NewConnectionError(""HTTPSConnection(host='api.open-meteo.com', port=443): Failed to establish a new connection: [WinError 10013] An attempt was made to access a socket in a way forbidden by its access permissions""))
Failed district: Hanumangarh | error: HTTPSConnectionPool(host='api.open-meteo.com', port=443): Max retries exceeded with url: /v1/forecast?latitude=29.58&longitude=74.33&daily=temperature_2m_max%2Ctemperature_2m_min%2Cprecipitation_sum&timezone=Asia%2FKolkata&forecast_days=2 (Caused by NewConnectionError(""HTTPSConnection(host='api.open-meteo.com', port=443): Failed to establish a new connection: [WinError 10013] An attempt was made to access a socket in a way forbidden by its access permissions""))
Failed district: Jaipur | error: HTTPSConnectionPool(host='api.open-meteo.com', port=443): Max retries exceeded with url: /v1/forecast?latitude=26.91&longitude=75.79&daily=temperature_2m_max%2Ctemperature_2m_min%2Cprecipitation_sum&timezone=Asia%2FKolkata&forecast_days=2 (Caused by NewConnectionError(""HTTPSConnection(host='api.open-meteo.com', port=443): Failed to establish a new connection: [WinError 10013] An attempt was made to access a socket in a way forbidden by its access permissions""))
Failed district: Jaisalmer | error: HTTPSConnectionPool(host='api.open-meteo.com', port=443): Max retries exceeded with url: /v1/forecast?latitude=26.91&longitude=70.91&daily=temperature_2m_max%2Ctemperature_2m_min%2Cprecipitation_sum&timezone=Asia%2FKolkata&forecast_days=2 (Caused by NewConnectionError(""HTTPSConnection(host='api.open-meteo.com', port=443): Failed to establish a new connection: [WinError 10013] An attempt was made to access a socket in a way forbidden by its access permissions""))
Failed district: Jhalawar | error: HTTPSConnectionPool(host='api.open-meteo.com', port=443): Max retries exceeded with url: /v1/forecast?latitude=24.59&longitude=76.16&daily=temperature_2m_max%2Ctemperature_2m_min%2Cprecipitation_sum&timezone=Asia%2FKolkata&forecast_days=2 (Caused by NewConnectionError(""HTTPSConnection(host='api.open-meteo.com', port=443): Failed to establish a new connection: [WinError 10013] An attempt was made to access a socket in a way forbidden by its access permissions""))
Failed district: Jodhpur | error: HTTPSConnectionPool(host='api.open-meteo.com', port=443): Max retries exceeded with url: /v1/forecast?latitude=26.24&longitude=73.02&daily=temperature_2m_max%2Ctemperature_2m_min%2Cprecipitation_sum&timezone=Asia%2FKolkata&forecast_days=2 (Caused by NewConnectionError(""HTTPSConnection(host='api.open-meteo.com', port=443): Failed to establish a new connection: [WinError 10013] An attempt was made to access a socket in a way forbidden by its access permissions""))
Failed district: Kota | error: HTTPSConnectionPool(host='api.open-meteo.com', port=443): Max retries exceeded with url: /v1/forecast?latitude=25.21&longitude=75.86&daily=temperature_2m_max%2Ctemperature_2m_min%2Cprecipitation_sum&timezone=Asia%2FKolkata&forecast_days=2 (Caused by NewConnectionError(""HTTPSConnection(host='api.open-meteo.com', port=443): Failed to establish a new connection: [WinError 10013] An attempt was made to access a socket in a way forbidden by its access permissions""))
Failed district: Nagaur | error: HTTPSConnectionPool(host='api.open-meteo.com', port=443): Max retries exceeded with url: /v1/forecast?latitude=27.2&longitude=73.74&daily=temperature_2m_max%2Ctemperature_2m_min%2Cprecipitation_sum&timezone=Asia%2FKolkata&forecast_days=2 (Caused by NewConnectionError(""HTTPSConnection(host='api.open-meteo.com', port=443): Failed to establish a new connection: [WinError 10013] An attempt was made to access a socket in a way forbidden by its access permissions""))
Failed district: Pali | error: HTTPSConnectionPool(host='api.open-meteo.com', port=443): Max retries exceeded with url: /v1/forecast?latitude=25.77&longitude=73.33&daily=temperature_2m_max%2Ctemperature_2m_min%2Cprecipitation_sum&timezone=Asia%2FKolkata&forecast_days=2 (Caused by NewConnectionError(""HTTPSConnection(host='api.open-meteo.com', port=443): Failed to establish a new connection: [WinError 10013] An attempt was made to access a socket in a way forbidden by its access permissions""))
Failed district: Sawai Madhopur | error: HTTPSConnectionPool(host='api.open-meteo.com', port=443): Max retries exceeded with url: /v1/forecast?latitude=26.02&longitude=76.35&daily=temperature_2m_max%2Ctemperature_2m_min%2Cprecipitation_sum&timezone=Asia%2FKolkata&forecast_days=2 (Caused by NewConnectionError(""HTTPSConnection(host='api.open-meteo.com', port=443): Failed to establish a new connection: [WinError 10013] An attempt was made to access a socket in a way forbidden by its access permissions""))
Failed district: Sikar | error: HTTPSConnectionPool(host='api.open-meteo.com', port=443): Max retries exceeded with url: /v1/forecast?latitude=27.61&longitude=75.14&daily=temperature_2m_max%2Ctemperature_2m_min%2Cprecipitation_sum&timezone=Asia%2FKolkata&forecast_days=2 (Caused by NewConnectionError(""HTTPSConnection(host='api.open-meteo.com', port=443): Failed to establish a new connection: [WinError 10013] An attempt was made to access a socket in a way forbidden by its access permissions""))
Failed district: Sirohi | error: HTTPSConnectionPool(host='api.open-meteo.com', port=443): Max retries exceeded with url: /v1/forecast?latitude=24.89&longitude=72.86&daily=temperature_2m_max%2Ctemperature_2m_min%2Cprecipitation_sum&timezone=Asia%2FKolkata&forecast_days=2 (Caused by NewConnectionError(""HTTPSConnection(host='api.open-meteo.com', port=443): Failed to establish a new connection: [WinError 10013] An attempt was made to access a socket in a way forbidden by its access permissions""))
Failed district: Udaipur | error: HTTPSConnectionPool(host='api.open-meteo.com', port=443): Max retries exceeded with url: /v1/forecast?latitude=24.58&longitude=73.68&daily=temperature_2m_max%2Ctemperature_2m_min%2Cprecipitation_sum&timezone=Asia%2FKolkata&forecast_days=2 (Caused by NewConnectionError(""HTTPSConnection(host='api.open-meteo.com', port=443): Failed to establish a new connection: [WinError 10013] An attempt was made to access a socket in a way forbidden by its access permissions""))

STDERR:
Traceback (most recent call last):
  File ""D:\Rajasthan Climate Risk Command System\scripts\fetch_daily_weather_api.py"", line 74, in <module>
    raise RuntimeError(""No API rows fetched. Check connectivity or config."")
RuntimeError: No API rows fetched. Check connectivity or config.
"
2026-05-04 05:29:44,,False,fallback_after_fetch_error,/home/runner/work/heatpulse-rajasthan/heatpulse-rajasthan/data/raw/api_daily_weather_20260503.csv,1,0,"API fetch failed.
STDOUT:

STDERR:
Traceback (most recent call last):
  File ""/home/runner/work/heatpulse-rajasthan/heatpulse-rajasthan/scripts/fetch_daily_weather_api.py"", line 15, in <module>
    cfg = pd.read_csv(DOCS / ""step9_api_config_template.csv"")
  File ""/opt/hostedtoolcache/Python/3.13.13/x64/lib/python3.13/site-packages/pandas/io/parsers/readers.py"", line 873, in read_csv
    return _read(filepath_or_buffer, kwds)
  File ""/opt/hostedtoolcache/Python/3.13.13/x64/lib/python3.13/site-packages/pandas/io/parsers/readers.py"", line 300, in _read
    parser = TextFileReader(filepath_or_buffer, **kwds)
  File ""/opt/hostedtoolcache/Python/3.13.13/x64/lib/python3.13/site-packages/pandas/io/parsers/readers.py"", line 1645, in __init__
    self._engine = self._make_engine(f, self.engine)
                   ~~~~~~~~~~~~~~~~~^^^^^^^^^^^^^^^^
  File ""/opt/hostedtoolcache/Python/3.13.13/x64/lib/python3.13/site-packages/pandas/io/parsers/readers.py"", line 1904, in _make_engine
    self.handles = get_handle(
                   ~~~~~~~~~~^
        f,
        ^^
    ...<6 lines>...
        storage_options=self.options.get(""storage_options"", None),
        ^^^^^^^^^^^^^^^^^^^^^^^^^^^^^^^^^^^^^^^^^^^^^^^^^^^^^^^^^^
    )
    ^
  File ""/opt/hostedtoolcache/Python/3.13.13/x64/lib/python3.13/site-packages/pandas/io/common.py"", line 926, in get_handle
    handle = open(
        handle,
    ...<3 lines>...
        newline="""",
    )
FileNotFoundError: [Errno 2] No such file or directory: '/home/runner/work/heatpulse-rajasthan/heatpulse-rajasthan/docs/step9_api_config_template.csv'
"
2026-05-04 06:40:09,,False,fallback_after_fetch_error,/home/runner/work/heatpulse-rajasthan/heatpulse-rajasthan/data/raw/api_daily_weather_20260503.csv,1,0,"API fetch failed.
STDOUT:

STDERR:
Traceback (most recent call last):
  File ""/home/runner/work/heatpulse-rajasthan/heatpulse-rajasthan/scripts/fetch_daily_weather_api.py"", line 15, in <module>
    cfg = pd.read_csv(DOCS / ""step9_api_config_template.csv"")
  File ""/opt/hostedtoolcache/Python/3.13.13/x64/lib/python3.13/site-packages/pandas/io/parsers/readers.py"", line 873, in read_csv
    return _read(filepath_or_buffer, kwds)
  File ""/opt/hostedtoolcache/Python/3.13.13/x64/lib/python3.13/site-packages/pandas/io/parsers/readers.py"", line 300, in _read
    parser = TextFileReader(filepath_or_buffer, **kwds)
  File ""/opt/hostedtoolcache/Python/3.13.13/x64/lib/python3.13/site-packages/pandas/io/parsers/readers.py"", line 1645, in __init__
    self._engine = self._make_engine(f, self.engine)
                   ~~~~~~~~~~~~~~~~~^^^^^^^^^^^^^^^^
  File ""/opt/hostedtoolcache/Python/3.13.13/x64/lib/python3.13/site-packages/pandas/io/parsers/readers.py"", line 1904, in _make_engine
    self.handles = get_handle(
                   ~~~~~~~~~~^
        f,
        ^^
    ...<6 lines>...
        storage_options=self.options.get(""storage_options"", None),
        ^^^^^^^^^^^^^^^^^^^^^^^^^^^^^^^^^^^^^^^^^^^^^^^^^^^^^^^^^^
    )
    ^
  File ""/opt/hostedtoolcache/Python/3.13.13/x64/lib/python3.13/site-packages/pandas/io/common.py"", line 926, in get_handle
    handle = open(
        handle,
    ...<3 lines>...
        newline="""",
    )
FileNotFoundError: [Errno 2] No such file or directory: '/home/runner/work/heatpulse-rajasthan/heatpulse-rajasthan/docs/step9_api_config_template.csv'
"
2026-05-04 06:57:18,,False,fallback_after_fetch_error,/home/runner/work/heatpulse-rajasthan/heatpulse-rajasthan/data/raw/api_daily_weather_20260503.csv,1,0,"API fetch failed.
STDOUT:

STDERR:
Traceback (most recent call last):
  File ""/home/runner/work/heatpulse-rajasthan/heatpulse-rajasthan/scripts/fetch_daily_weather_api.py"", line 15, in <module>
    cfg = pd.read_csv(DOCS / ""step9_api_config_template.csv"")
  File ""/opt/hostedtoolcache/Python/3.13.13/x64/lib/python3.13/site-packages/pandas/io/parsers/readers.py"", line 873, in read_csv
    return _read(filepath_or_buffer, kwds)
  File ""/opt/hostedtoolcache/Python/3.13.13/x64/lib/python3.13/site-packages/pandas/io/parsers/readers.py"", line 300, in _read
    parser = TextFileReader(filepath_or_buffer, **kwds)
  File ""/opt/hostedtoolcache/Python/3.13.13/x64/lib/python3.13/site-packages/pandas/io/parsers/readers.py"", line 1645, in __init__
    self._engine = self._make_engine(f, self.engine)
                   ~~~~~~~~~~~~~~~~~^^^^^^^^^^^^^^^^
  File ""/opt/hostedtoolcache/Python/3.13.13/x64/lib/python3.13/site-packages/pandas/io/parsers/readers.py"", line 1904, in _make_engine
    self.handles = get_handle(
                   ~~~~~~~~~~^
        f,
        ^^
    ...<6 lines>...
        storage_options=self.options.get(""storage_options"", None),
        ^^^^^^^^^^^^^^^^^^^^^^^^^^^^^^^^^^^^^^^^^^^^^^^^^^^^^^^^^^
    )
    ^
  File ""/opt/hostedtoolcache/Python/3.13.13/x64/lib/python3.13/site-packages/pandas/io/common.py"", line 926, in get_handle
    handle = open(
        handle,
    ...<3 lines>...
        newline="""",
    )
FileNotFoundError: [Errno 2] No such file or directory: '/home/runner/work/heatpulse-rajasthan/heatpulse-rajasthan/docs/step9_api_config_template.csv'
"
2026-05-04 07:48:09,,False,fallback_after_fetch_error,/home/runner/work/heatpulse-rajasthan/heatpulse-rajasthan/data/raw/api_daily_weather_20260503.csv,1,0,"API fetch failed.
STDOUT:

STDERR:
Traceback (most recent call last):
  File ""/home/runner/work/heatpulse-rajasthan/heatpulse-rajasthan/scripts/fetch_daily_weather_api.py"", line 15, in <module>
    cfg = pd.read_csv(DOCS / ""step9_api_config_template.csv"")
  File ""/opt/hostedtoolcache/Python/3.13.13/x64/lib/python3.13/site-packages/pandas/io/parsers/readers.py"", line 873, in read_csv
    return _read(filepath_or_buffer, kwds)
  File ""/opt/hostedtoolcache/Python/3.13.13/x64/lib/python3.13/site-packages/pandas/io/parsers/readers.py"", line 300, in _read
    parser = TextFileReader(filepath_or_buffer, **kwds)
  File ""/opt/hostedtoolcache/Python/3.13.13/x64/lib/python3.13/site-packages/pandas/io/parsers/readers.py"", line 1645, in __init__
    self._engine = self._make_engine(f, self.engine)
                   ~~~~~~~~~~~~~~~~~^^^^^^^^^^^^^^^^
  File ""/opt/hostedtoolcache/Python/3.13.13/x64/lib/python3.13/site-packages/pandas/io/parsers/readers.py"", line 1904, in _make_engine
    self.handles = get_handle(
                   ~~~~~~~~~~^
        f,
        ^^
    ...<6 lines>...
        storage_options=self.options.get(""storage_options"", None),
        ^^^^^^^^^^^^^^^^^^^^^^^^^^^^^^^^^^^^^^^^^^^^^^^^^^^^^^^^^^
    )
    ^
  File ""/opt/hostedtoolcache/Python/3.13.13/x64/lib/python3.13/site-packages/pandas/io/common.py"", line 926, in get_handle
    handle = open(
        handle,
    ...<3 lines>...
        newline="""",
    )
FileNotFoundError: [Errno 2] No such file or directory: '/home/runner/work/heatpulse-rajasthan/heatpulse-rajasthan/docs/step9_api_config_template.csv'
"
2026-05-04 08:50:49,,False,fallback_after_fetch_error,/home/runner/work/heatpulse-rajasthan/heatpulse-rajasthan/data/raw/api_daily_weather_20260503.csv,1,0,"API fetch failed.
STDOUT:

STDERR:
Traceback (most recent call last):
  File ""/home/runner/work/heatpulse-rajasthan/heatpulse-rajasthan/scripts/fetch_daily_weather_api.py"", line 15, in <module>
    cfg = pd.read_csv(DOCS / ""step9_api_config_template.csv"")
  File ""/opt/hostedtoolcache/Python/3.13.13/x64/lib/python3.13/site-packages/pandas/io/parsers/readers.py"", line 873, in read_csv
    return _read(filepath_or_buffer, kwds)
  File ""/opt/hostedtoolcache/Python/3.13.13/x64/lib/python3.13/site-packages/pandas/io/parsers/readers.py"", line 300, in _read
    parser = TextFileReader(filepath_or_buffer, **kwds)
  File ""/opt/hostedtoolcache/Python/3.13.13/x64/lib/python3.13/site-packages/pandas/io/parsers/readers.py"", line 1645, in __init__
    self._engine = self._make_engine(f, self.engine)
                   ~~~~~~~~~~~~~~~~~^^^^^^^^^^^^^^^^
  File ""/opt/hostedtoolcache/Python/3.13.13/x64/lib/python3.13/site-packages/pandas/io/parsers/readers.py"", line 1904, in _make_engine
    self.handles = get_handle(
                   ~~~~~~~~~~^
        f,
        ^^
    ...<6 lines>...
        storage_options=self.options.get(""storage_options"", None),
        ^^^^^^^^^^^^^^^^^^^^^^^^^^^^^^^^^^^^^^^^^^^^^^^^^^^^^^^^^^
    )
    ^
  File ""/opt/hostedtoolcache/Python/3.13.13/x64/lib/python3.13/site-packages/pandas/io/common.py"", line 926, in get_handle
    handle = open(
        handle,
    ...<3 lines>...
        newline="""",
    )
FileNotFoundError: [Errno 2] No such file or directory: '/home/runner/work/heatpulse-rajasthan/heatpulse-rajasthan/docs/step9_api_config_template.csv'
"
2026-05-04 09:20:55,,False,fallback_after_fetch_error,/home/runner/work/heatpulse-rajasthan/heatpulse-rajasthan/data/raw/api_daily_weather_20260503.csv,1,0,"API fetch failed.
STDOUT:

STDERR:
Traceback (most recent call last):
  File ""/home/runner/work/heatpulse-rajasthan/heatpulse-rajasthan/scripts/fetch_daily_weather_api.py"", line 15, in <module>
    cfg = pd.read_csv(DOCS / ""step9_api_config_template.csv"")
  File ""/opt/hostedtoolcache/Python/3.13.13/x64/lib/python3.13/site-packages/pandas/io/parsers/readers.py"", line 873, in read_csv
    return _read(filepath_or_buffer, kwds)
  File ""/opt/hostedtoolcache/Python/3.13.13/x64/lib/python3.13/site-packages/pandas/io/parsers/readers.py"", line 300, in _read
    parser = TextFileReader(filepath_or_buffer, **kwds)
  File ""/opt/hostedtoolcache/Python/3.13.13/x64/lib/python3.13/site-packages/pandas/io/parsers/readers.py"", line 1645, in __init__
    self._engine = self._make_engine(f, self.engine)
                   ~~~~~~~~~~~~~~~~~^^^^^^^^^^^^^^^^
  File ""/opt/hostedtoolcache/Python/3.13.13/x64/lib/python3.13/site-packages/pandas/io/parsers/readers.py"", line 1904, in _make_engine
    self.handles = get_handle(
                   ~~~~~~~~~~^
        f,
        ^^
    ...<6 lines>...
        storage_options=self.options.get(""storage_options"", None),
        ^^^^^^^^^^^^^^^^^^^^^^^^^^^^^^^^^^^^^^^^^^^^^^^^^^^^^^^^^^
    )
    ^
  File ""/opt/hostedtoolcache/Python/3.13.13/x64/lib/python3.13/site-packages/pandas/io/common.py"", line 926, in get_handle
    handle = open(
        handle,
    ...<3 lines>...
        newline="""",
    )
FileNotFoundError: [Errno 2] No such file or directory: '/home/runner/work/heatpulse-rajasthan/heatpulse-rajasthan/docs/step9_api_config_template.csv'
"
2026-05-04 09:32:07,,False,fallback_after_fetch_error,/home/runner/work/heatpulse-rajasthan/heatpulse-rajasthan/data/raw/api_daily_weather_20260503.csv,1,0,"API fetch failed.
STDOUT:

STDERR:
Traceback (most recent call last):
  File ""/home/runner/work/heatpulse-rajasthan/heatpulse-rajasthan/scripts/fetch_daily_weather_api.py"", line 15, in <module>
    cfg = pd.read_csv(DOCS / ""step9_api_config_template.csv"")
  File ""/opt/hostedtoolcache/Python/3.13.13/x64/lib/python3.13/site-packages/pandas/io/parsers/readers.py"", line 873, in read_csv
    return _read(filepath_or_buffer, kwds)
  File ""/opt/hostedtoolcache/Python/3.13.13/x64/lib/python3.13/site-packages/pandas/io/parsers/readers.py"", line 300, in _read
    parser = TextFileReader(filepath_or_buffer, **kwds)
  File ""/opt/hostedtoolcache/Python/3.13.13/x64/lib/python3.13/site-packages/pandas/io/parsers/readers.py"", line 1645, in __init__
    self._engine = self._make_engine(f, self.engine)
                   ~~~~~~~~~~~~~~~~~^^^^^^^^^^^^^^^^
  File ""/opt/hostedtoolcache/Python/3.13.13/x64/lib/python3.13/site-packages/pandas/io/parsers/readers.py"", line 1904, in _make_engine
    self.handles = get_handle(
                   ~~~~~~~~~~^
        f,
        ^^
    ...<6 lines>...
        storage_options=self.options.get(""storage_options"", None),
        ^^^^^^^^^^^^^^^^^^^^^^^^^^^^^^^^^^^^^^^^^^^^^^^^^^^^^^^^^^
    )
    ^
  File ""/opt/hostedtoolcache/Python/3.13.13/x64/lib/python3.13/site-packages/pandas/io/common.py"", line 926, in get_handle
    handle = open(
        handle,
    ...<3 lines>...
        newline="""",
    )
FileNotFoundError: [Errno 2] No such file or directory: '/home/runner/work/heatpulse-rajasthan/heatpulse-rajasthan/docs/step9_api_config_template.csv'
"
2026-05-04 10:00:08,,False,fallback_after_fetch_error,/home/runner/work/heatpulse-rajasthan/heatpulse-rajasthan/data/raw/api_daily_weather_20260503.csv,1,0,"API fetch failed.
STDOUT:

STDERR:
Traceback (most recent call last):
  File ""/home/runner/work/heatpulse-rajasthan/heatpulse-rajasthan/scripts/fetch_daily_weather_api.py"", line 15, in <module>
    cfg = pd.read_csv(DOCS / ""step9_api_config_template.csv"")
  File ""/opt/hostedtoolcache/Python/3.13.13/x64/lib/python3.13/site-packages/pandas/io/parsers/readers.py"", line 873, in read_csv
    return _read(filepath_or_buffer, kwds)
  File ""/opt/hostedtoolcache/Python/3.13.13/x64/lib/python3.13/site-packages/pandas/io/parsers/readers.py"", line 300, in _read
    parser = TextFileReader(filepath_or_buffer, **kwds)
  File ""/opt/hostedtoolcache/Python/3.13.13/x64/lib/python3.13/site-packages/pandas/io/parsers/readers.py"", line 1645, in __init__
    self._engine = self._make_engine(f, self.engine)
                   ~~~~~~~~~~~~~~~~~^^^^^^^^^^^^^^^^
  File ""/opt/hostedtoolcache/Python/3.13.13/x64/lib/python3.13/site-packages/pandas/io/parsers/readers.py"", line 1904, in _make_engine
    self.handles = get_handle(
                   ~~~~~~~~~~^
        f,
        ^^
    ...<6 lines>...
        storage_options=self.options.get(""storage_options"", None),
        ^^^^^^^^^^^^^^^^^^^^^^^^^^^^^^^^^^^^^^^^^^^^^^^^^^^^^^^^^^
    )
    ^
  File ""/opt/hostedtoolcache/Python/3.13.13/x64/lib/python3.13/site-packages/pandas/io/common.py"", line 926, in get_handle
    handle = open(
        handle,
    ...<3 lines>...
        newline="""",
    )
FileNotFoundError: [Errno 2] No such file or directory: '/home/runner/work/heatpulse-rajasthan/heatpulse-rajasthan/docs/step9_api_config_template.csv'
"
2026-05-04 11:07:05,,False,fallback_after_fetch_error,/home/runner/work/heatpulse-rajasthan/heatpulse-rajasthan/data/raw/api_daily_weather_20260503.csv,1,0,"API fetch failed.
STDOUT:

STDERR:
Traceback (most recent call last):
  File ""/home/runner/work/heatpulse-rajasthan/heatpulse-rajasthan/scripts/fetch_daily_weather_api.py"", line 15, in <module>
    cfg = pd.read_csv(DOCS / ""step9_api_config_template.csv"")
  File ""/opt/hostedtoolcache/Python/3.13.13/x64/lib/python3.13/site-packages/pandas/io/parsers/readers.py"", line 873, in read_csv
    return _read(filepath_or_buffer, kwds)
  File ""/opt/hostedtoolcache/Python/3.13.13/x64/lib/python3.13/site-packages/pandas/io/parsers/readers.py"", line 300, in _read
    parser = TextFileReader(filepath_or_buffer, **kwds)
  File ""/opt/hostedtoolcache/Python/3.13.13/x64/lib/python3.13/site-packages/pandas/io/parsers/readers.py"", line 1645, in __init__
    self._engine = self._make_engine(f, self.engine)
                   ~~~~~~~~~~~~~~~~~^^^^^^^^^^^^^^^^
  File ""/opt/hostedtoolcache/Python/3.13.13/x64/lib/python3.13/site-packages/pandas/io/parsers/readers.py"", line 1904, in _make_engine
    self.handles = get_handle(
                   ~~~~~~~~~~^
        f,
        ^^
    ...<6 lines>...
        storage_options=self.options.get(""storage_options"", None),
        ^^^^^^^^^^^^^^^^^^^^^^^^^^^^^^^^^^^^^^^^^^^^^^^^^^^^^^^^^^
    )
    ^
  File ""/opt/hostedtoolcache/Python/3.13.13/x64/lib/python3.13/site-packages/pandas/io/common.py"", line 926, in get_handle
    handle = open(
        handle,
    ...<3 lines>...
        newline="""",
    )
FileNotFoundError: [Errno 2] No such file or directory: '/home/runner/work/heatpulse-rajasthan/heatpulse-rajasthan/docs/step9_api_config_template.csv'
"
2026-05-04 15:10:42,,False,fallback_after_fetch_error,/home/runner/work/heatpulse-rajasthan/heatpulse-rajasthan/data/raw/api_daily_weather_20260503.csv,1,0,"API fetch failed.
STDOUT:

STDERR:
Traceback (most recent call last):
  File ""/home/runner/work/heatpulse-rajasthan/heatpulse-rajasthan/scripts/fetch_daily_weather_api.py"", line 15, in <module>
    cfg = pd.read_csv(DOCS / ""step9_api_config_template.csv"")
  File ""/opt/hostedtoolcache/Python/3.13.13/x64/lib/python3.13/site-packages/pandas/io/parsers/readers.py"", line 873, in read_csv
    return _read(filepath_or_buffer, kwds)
  File ""/opt/hostedtoolcache/Python/3.13.13/x64/lib/python3.13/site-packages/pandas/io/parsers/readers.py"", line 300, in _read
    parser = TextFileReader(filepath_or_buffer, **kwds)
  File ""/opt/hostedtoolcache/Python/3.13.13/x64/lib/python3.13/site-packages/pandas/io/parsers/readers.py"", line 1645, in __init__
    self._engine = self._make_engine(f, self.engine)
                   ~~~~~~~~~~~~~~~~~^^^^^^^^^^^^^^^^
  File ""/opt/hostedtoolcache/Python/3.13.13/x64/lib/python3.13/site-packages/pandas/io/parsers/readers.py"", line 1904, in _make_engine
    self.handles = get_handle(
                   ~~~~~~~~~~^
        f,
        ^^
    ...<6 lines>...
        storage_options=self.options.get(""storage_options"", None),
        ^^^^^^^^^^^^^^^^^^^^^^^^^^^^^^^^^^^^^^^^^^^^^^^^^^^^^^^^^^
    )
    ^
  File ""/opt/hostedtoolcache/Python/3.13.13/x64/lib/python3.13/site-packages/pandas/io/common.py"", line 926, in get_handle
    handle = open(
        handle,
    ...<3 lines>...
        newline="""",
    )
FileNotFoundError: [Errno 2] No such file or directory: '/home/runner/work/heatpulse-rajasthan/heatpulse-rajasthan/docs/step9_api_config_template.csv'
"
2026-05-04 18:16:06,,False,fallback_after_fetch_error,/home/runner/work/heatpulse-rajasthan/heatpulse-rajasthan/data/raw/api_daily_weather_20260503.csv,1,0,"API fetch failed.
STDOUT:

STDERR:
Traceback (most recent call last):
  File ""/home/runner/work/heatpulse-rajasthan/heatpulse-rajasthan/scripts/fetch_daily_weather_api.py"", line 15, in <module>
    cfg = pd.read_csv(DOCS / ""step9_api_config_template.csv"")
  File ""/opt/hostedtoolcache/Python/3.13.13/x64/lib/python3.13/site-packages/pandas/io/parsers/readers.py"", line 873, in read_csv
    return _read(filepath_or_buffer, kwds)
  File ""/opt/hostedtoolcache/Python/3.13.13/x64/lib/python3.13/site-packages/pandas/io/parsers/readers.py"", line 300, in _read
    parser = TextFileReader(filepath_or_buffer, **kwds)
  File ""/opt/hostedtoolcache/Python/3.13.13/x64/lib/python3.13/site-packages/pandas/io/parsers/readers.py"", line 1645, in __init__
    self._engine = self._make_engine(f, self.engine)
                   ~~~~~~~~~~~~~~~~~^^^^^^^^^^^^^^^^
  File ""/opt/hostedtoolcache/Python/3.13.13/x64/lib/python3.13/site-packages/pandas/io/parsers/readers.py"", line 1904, in _make_engine
    self.handles = get_handle(
                   ~~~~~~~~~~^
        f,
        ^^
    ...<6 lines>...
        storage_options=self.options.get(""storage_options"", None),
        ^^^^^^^^^^^^^^^^^^^^^^^^^^^^^^^^^^^^^^^^^^^^^^^^^^^^^^^^^^
    )
    ^
  File ""/opt/hostedtoolcache/Python/3.13.13/x64/lib/python3.13/site-packages/pandas/io/common.py"", line 926, in get_handle
    handle = open(
        handle,
    ...<3 lines>...
        newline="""",
    )
FileNotFoundError: [Errno 2] No such file or directory: '/home/runner/work/heatpulse-rajasthan/heatpulse-rajasthan/docs/step9_api_config_template.csv'
"
2026-05-05 04:17:11,,False,fallback_after_fetch_error,/home/runner/work/heatpulse-rajasthan/heatpulse-rajasthan/data/raw/api_daily_weather_20260503.csv,1,0,"API fetch failed.
STDOUT:

STDERR:
Traceback (most recent call last):
  File ""/home/runner/work/heatpulse-rajasthan/heatpulse-rajasthan/scripts/fetch_daily_weather_api.py"", line 15, in <module>
    cfg = pd.read_csv(DOCS / ""step9_api_config_template.csv"")
  File ""/opt/hostedtoolcache/Python/3.13.13/x64/lib/python3.13/site-packages/pandas/io/parsers/readers.py"", line 873, in read_csv
    return _read(filepath_or_buffer, kwds)
  File ""/opt/hostedtoolcache/Python/3.13.13/x64/lib/python3.13/site-packages/pandas/io/parsers/readers.py"", line 300, in _read
    parser = TextFileReader(filepath_or_buffer, **kwds)
  File ""/opt/hostedtoolcache/Python/3.13.13/x64/lib/python3.13/site-packages/pandas/io/parsers/readers.py"", line 1645, in __init__
    self._engine = self._make_engine(f, self.engine)
                   ~~~~~~~~~~~~~~~~~^^^^^^^^^^^^^^^^
  File ""/opt/hostedtoolcache/Python/3.13.13/x64/lib/python3.13/site-packages/pandas/io/parsers/readers.py"", line 1904, in _make_engine
    self.handles = get_handle(
                   ~~~~~~~~~~^
        f,
        ^^
    ...<6 lines>...
        storage_options=self.options.get(""storage_options"", None),
        ^^^^^^^^^^^^^^^^^^^^^^^^^^^^^^^^^^^^^^^^^^^^^^^^^^^^^^^^^^
    )
    ^
  File ""/opt/hostedtoolcache/Python/3.13.13/x64/lib/python3.13/site-packages/pandas/io/common.py"", line 926, in get_handle
    handle = open(
        handle,
    ...<3 lines>...
        newline="""",
    )
FileNotFoundError: [Errno 2] No such file or directory: '/home/runner/work/heatpulse-rajasthan/heatpulse-rajasthan/docs/step9_api_config_template.csv'
"
2026-05-05 07:18:38,,False,fallback_after_fetch_error,/home/runner/work/heatpulse-rajasthan/heatpulse-rajasthan/data/raw/api_daily_weather_20260503.csv,1,0,"API fetch failed.
STDOUT:

STDERR:
Traceback (most recent call last):
  File ""/home/runner/work/heatpulse-rajasthan/heatpulse-rajasthan/scripts/fetch_daily_weather_api.py"", line 15, in <module>
    cfg = pd.read_csv(DOCS / ""step9_api_config_template.csv"")
  File ""/opt/hostedtoolcache/Python/3.13.13/x64/lib/python3.13/site-packages/pandas/io/parsers/readers.py"", line 873, in read_csv
    return _read(filepath_or_buffer, kwds)
  File ""/opt/hostedtoolcache/Python/3.13.13/x64/lib/python3.13/site-packages/pandas/io/parsers/readers.py"", line 300, in _read
    parser = TextFileReader(filepath_or_buffer, **kwds)
  File ""/opt/hostedtoolcache/Python/3.13.13/x64/lib/python3.13/site-packages/pandas/io/parsers/readers.py"", line 1645, in __init__
    self._engine = self._make_engine(f, self.engine)
                   ~~~~~~~~~~~~~~~~~^^^^^^^^^^^^^^^^
  File ""/opt/hostedtoolcache/Python/3.13.13/x64/lib/python3.13/site-packages/pandas/io/parsers/readers.py"", line 1904, in _make_engine
    self.handles = get_handle(
                   ~~~~~~~~~~^
        f,
        ^^
    ...<6 lines>...
        storage_options=self.options.get(""storage_options"", None),
        ^^^^^^^^^^^^^^^^^^^^^^^^^^^^^^^^^^^^^^^^^^^^^^^^^^^^^^^^^^
    )
    ^
  File ""/opt/hostedtoolcache/Python/3.13.13/x64/lib/python3.13/site-packages/pandas/io/common.py"", line 926, in get_handle
    handle = open(
        handle,
    ...<3 lines>...
        newline="""",
    )
FileNotFoundError: [Errno 2] No such file or directory: '/home/runner/work/heatpulse-rajasthan/heatpulse-rajasthan/docs/step9_api_config_template.csv'
"
2026-05-05 10:48:03,,False,fallback_after_fetch_error,/home/runner/work/heatpulse-rajasthan/heatpulse-rajasthan/data/raw/api_daily_weather_20260503.csv,1,0,"API fetch failed.
STDOUT:

STDERR:
Traceback (most recent call last):
  File ""/home/runner/work/heatpulse-rajasthan/heatpulse-rajasthan/scripts/fetch_daily_weather_api.py"", line 15, in <module>
    cfg = pd.read_csv(DOCS / ""step9_api_config_template.csv"")
  File ""/opt/hostedtoolcache/Python/3.13.13/x64/lib/python3.13/site-packages/pandas/io/parsers/readers.py"", line 873, in read_csv
    return _read(filepath_or_buffer, kwds)
  File ""/opt/hostedtoolcache/Python/3.13.13/x64/lib/python3.13/site-packages/pandas/io/parsers/readers.py"", line 300, in _read
    parser = TextFileReader(filepath_or_buffer, **kwds)
  File ""/opt/hostedtoolcache/Python/3.13.13/x64/lib/python3.13/site-packages/pandas/io/parsers/readers.py"", line 1645, in __init__
    self._engine = self._make_engine(f, self.engine)
                   ~~~~~~~~~~~~~~~~~^^^^^^^^^^^^^^^^
  File ""/opt/hostedtoolcache/Python/3.13.13/x64/lib/python3.13/site-packages/pandas/io/parsers/readers.py"", line 1904, in _make_engine
    self.handles = get_handle(
                   ~~~~~~~~~~^
        f,
        ^^
    ...<6 lines>...
        storage_options=self.options.get(""storage_options"", None),
        ^^^^^^^^^^^^^^^^^^^^^^^^^^^^^^^^^^^^^^^^^^^^^^^^^^^^^^^^^^
    )
    ^
  File ""/opt/hostedtoolcache/Python/3.13.13/x64/lib/python3.13/site-packages/pandas/io/common.py"", line 926, in get_handle
    handle = open(
        handle,
    ...<3 lines>...
        newline="""",
    )
FileNotFoundError: [Errno 2] No such file or directory: '/home/runner/work/heatpulse-rajasthan/heatpulse-rajasthan/docs/step9_api_config_template.csv'
"
2026-05-05 18:12:31,,False,fallback_after_fetch_error,/home/runner/work/heatpulse-rajasthan/heatpulse-rajasthan/data/raw/api_daily_weather_20260503.csv,1,0,"API fetch failed.
STDOUT:

STDERR:
Traceback (most recent call last):
  File ""/home/runner/work/heatpulse-rajasthan/heatpulse-rajasthan/scripts/fetch_daily_weather_api.py"", line 15, in <module>
    cfg = pd.read_csv(DOCS / ""step9_api_config_template.csv"")
  File ""/opt/hostedtoolcache/Python/3.13.13/x64/lib/python3.13/site-packages/pandas/io/parsers/readers.py"", line 873, in read_csv
    return _read(filepath_or_buffer, kwds)
  File ""/opt/hostedtoolcache/Python/3.13.13/x64/lib/python3.13/site-packages/pandas/io/parsers/readers.py"", line 300, in _read
    parser = TextFileReader(filepath_or_buffer, **kwds)
  File ""/opt/hostedtoolcache/Python/3.13.13/x64/lib/python3.13/site-packages/pandas/io/parsers/readers.py"", line 1645, in __init__
    self._engine = self._make_engine(f, self.engine)
                   ~~~~~~~~~~~~~~~~~^^^^^^^^^^^^^^^^
  File ""/opt/hostedtoolcache/Python/3.13.13/x64/lib/python3.13/site-packages/pandas/io/parsers/readers.py"", line 1904, in _make_engine
    self.handles = get_handle(
                   ~~~~~~~~~~^
        f,
        ^^
    ...<6 lines>...
        storage_options=self.options.get(""storage_options"", None),
        ^^^^^^^^^^^^^^^^^^^^^^^^^^^^^^^^^^^^^^^^^^^^^^^^^^^^^^^^^^
    )
    ^
  File ""/opt/hostedtoolcache/Python/3.13.13/x64/lib/python3.13/site-packages/pandas/io/common.py"", line 926, in get_handle
    handle = open(
        handle,
    ...<3 lines>...
        newline="""",
    )
FileNotFoundError: [Errno 2] No such file or directory: '/home/runner/work/heatpulse-rajasthan/heatpulse-rajasthan/docs/step9_api_config_template.csv'
"
2026-05-06 04:34:24,,False,fallback_after_fetch_error,/home/runner/work/heatpulse-rajasthan/heatpulse-rajasthan/data/raw/api_daily_weather_20260503.csv,1,0,"API fetch failed.
STDOUT:

STDERR:
Traceback (most recent call last):
  File ""/home/runner/work/heatpulse-rajasthan/heatpulse-rajasthan/scripts/fetch_daily_weather_api.py"", line 15, in <module>
    cfg = pd.read_csv(DOCS / ""step9_api_config_template.csv"")
  File ""/opt/hostedtoolcache/Python/3.13.13/x64/lib/python3.13/site-packages/pandas/io/parsers/readers.py"", line 873, in read_csv
    return _read(filepath_or_buffer, kwds)
  File ""/opt/hostedtoolcache/Python/3.13.13/x64/lib/python3.13/site-packages/pandas/io/parsers/readers.py"", line 300, in _read
    parser = TextFileReader(filepath_or_buffer, **kwds)
  File ""/opt/hostedtoolcache/Python/3.13.13/x64/lib/python3.13/site-packages/pandas/io/parsers/readers.py"", line 1645, in __init__
    self._engine = self._make_engine(f, self.engine)
                   ~~~~~~~~~~~~~~~~~^^^^^^^^^^^^^^^^
  File ""/opt/hostedtoolcache/Python/3.13.13/x64/lib/python3.13/site-packages/pandas/io/parsers/readers.py"", line 1904, in _make_engine
    self.handles = get_handle(
                   ~~~~~~~~~~^
        f,
        ^^
    ...<6 lines>...
        storage_options=self.options.get(""storage_options"", None),
        ^^^^^^^^^^^^^^^^^^^^^^^^^^^^^^^^^^^^^^^^^^^^^^^^^^^^^^^^^^
    )
    ^
  File ""/opt/hostedtoolcache/Python/3.13.13/x64/lib/python3.13/site-packages/pandas/io/common.py"", line 926, in get_handle
    handle = open(
        handle,
    ...<3 lines>...
        newline="""",
    )
FileNotFoundError: [Errno 2] No such file or directory: '/home/runner/work/heatpulse-rajasthan/heatpulse-rajasthan/docs/step9_api_config_template.csv'
"
2026-05-06 07:13:02,,False,fallback_after_fetch_error,/home/runner/work/heatpulse-rajasthan/heatpulse-rajasthan/data/raw/api_daily_weather_20260503.csv,1,0,"API fetch failed.
STDOUT:

STDERR:
Traceback (most recent call last):
  File ""/home/runner/work/heatpulse-rajasthan/heatpulse-rajasthan/scripts/fetch_daily_weather_api.py"", line 15, in <module>
    cfg = pd.read_csv(DOCS / ""step9_api_config_template.csv"")
  File ""/opt/hostedtoolcache/Python/3.13.13/x64/lib/python3.13/site-packages/pandas/io/parsers/readers.py"", line 873, in read_csv
    return _read(filepath_or_buffer, kwds)
  File ""/opt/hostedtoolcache/Python/3.13.13/x64/lib/python3.13/site-packages/pandas/io/parsers/readers.py"", line 300, in _read
    parser = TextFileReader(filepath_or_buffer, **kwds)
  File ""/opt/hostedtoolcache/Python/3.13.13/x64/lib/python3.13/site-packages/pandas/io/parsers/readers.py"", line 1645, in __init__
    self._engine = self._make_engine(f, self.engine)
                   ~~~~~~~~~~~~~~~~~^^^^^^^^^^^^^^^^
  File ""/opt/hostedtoolcache/Python/3.13.13/x64/lib/python3.13/site-packages/pandas/io/parsers/readers.py"", line 1904, in _make_engine
    self.handles = get_handle(
                   ~~~~~~~~~~^
        f,
        ^^
    ...<6 lines>...
        storage_options=self.options.get(""storage_options"", None),
        ^^^^^^^^^^^^^^^^^^^^^^^^^^^^^^^^^^^^^^^^^^^^^^^^^^^^^^^^^^
    )
    ^
  File ""/opt/hostedtoolcache/Python/3.13.13/x64/lib/python3.13/site-packages/pandas/io/common.py"", line 926, in get_handle
    handle = open(
        handle,
    ...<3 lines>...
        newline="""",
    )
FileNotFoundError: [Errno 2] No such file or directory: '/home/runner/work/heatpulse-rajasthan/heatpulse-rajasthan/docs/step9_api_config_template.csv'
"
2026-05-06 07:24:36,,False,fallback_after_fetch_error,/home/runner/work/heatpulse-rajasthan/heatpulse-rajasthan/data/raw/api_daily_weather_20260506.csv,2,0,"API fetch failed.
STDOUT:

STDERR:
Traceback (most recent call last):
  File ""/home/runner/work/heatpulse-rajasthan/heatpulse-rajasthan/scripts/fetch_daily_weather_api.py"", line 15, in <module>
    cfg = pd.read_csv(DOCS / ""step9_api_config_template.csv"")
  File ""/opt/hostedtoolcache/Python/3.13.13/x64/lib/python3.13/site-packages/pandas/io/parsers/readers.py"", line 873, in read_csv
    return _read(filepath_or_buffer, kwds)
  File ""/opt/hostedtoolcache/Python/3.13.13/x64/lib/python3.13/site-packages/pandas/io/parsers/readers.py"", line 300, in _read
    parser = TextFileReader(filepath_or_buffer, **kwds)
  File ""/opt/hostedtoolcache/Python/3.13.13/x64/lib/python3.13/site-packages/pandas/io/parsers/readers.py"", line 1645, in __init__
    self._engine = self._make_engine(f, self.engine)
                   ~~~~~~~~~~~~~~~~~^^^^^^^^^^^^^^^^
  File ""/opt/hostedtoolcache/Python/3.13.13/x64/lib/python3.13/site-packages/pandas/io/parsers/readers.py"", line 1904, in _make_engine
    self.handles = get_handle(
                   ~~~~~~~~~~^
        f,
        ^^
    ...<6 lines>...
        storage_options=self.options.get(""storage_options"", None),
        ^^^^^^^^^^^^^^^^^^^^^^^^^^^^^^^^^^^^^^^^^^^^^^^^^^^^^^^^^^
    )
    ^
  File ""/opt/hostedtoolcache/Python/3.13.13/x64/lib/python3.13/site-packages/pandas/io/common.py"", line 926, in get_handle
    handle = open(
        handle,
    ...<3 lines>...
        newline="""",
    )
FileNotFoundError: [Errno 2] No such file or directory: '/home/runner/work/heatpulse-rajasthan/heatpulse-rajasthan/docs/step9_api_config_template.csv'
"
2026-05-06 07:37:02,,False,fallback_after_fetch_error,/home/runner/work/heatpulse-rajasthan/heatpulse-rajasthan/data/raw/api_daily_weather_20260506.csv,2,0,"API fetch failed.
STDOUT:

STDERR:
Traceback (most recent call last):
  File ""/home/runner/work/heatpulse-rajasthan/heatpulse-rajasthan/scripts/fetch_daily_weather_api.py"", line 15, in <module>
    cfg = pd.read_csv(DOCS / ""step9_api_config_template.csv"")
  File ""/opt/hostedtoolcache/Python/3.13.13/x64/lib/python3.13/site-packages/pandas/io/parsers/readers.py"", line 873, in read_csv
    return _read(filepath_or_buffer, kwds)
  File ""/opt/hostedtoolcache/Python/3.13.13/x64/lib/python3.13/site-packages/pandas/io/parsers/readers.py"", line 300, in _read
    parser = TextFileReader(filepath_or_buffer, **kwds)
  File ""/opt/hostedtoolcache/Python/3.13.13/x64/lib/python3.13/site-packages/pandas/io/parsers/readers.py"", line 1645, in __init__
    self._engine = self._make_engine(f, self.engine)
                   ~~~~~~~~~~~~~~~~~^^^^^^^^^^^^^^^^
  File ""/opt/hostedtoolcache/Python/3.13.13/x64/lib/python3.13/site-packages/pandas/io/parsers/readers.py"", line 1904, in _make_engine
    self.handles = get_handle(
                   ~~~~~~~~~~^
        f,
        ^^
    ...<6 lines>...
        storage_options=self.options.get(""storage_options"", None),
        ^^^^^^^^^^^^^^^^^^^^^^^^^^^^^^^^^^^^^^^^^^^^^^^^^^^^^^^^^^
    )
    ^
  File ""/opt/hostedtoolcache/Python/3.13.13/x64/lib/python3.13/site-packages/pandas/io/common.py"", line 926, in get_handle
    handle = open(
        handle,
    ...<3 lines>...
        newline="""",
    )
FileNotFoundError: [Errno 2] No such file or directory: '/home/runner/work/heatpulse-rajasthan/heatpulse-rajasthan/docs/step9_api_config_template.csv'
"
2026-05-06 07:42:03,,False,fallback_after_fetch_error,/home/runner/work/heatpulse-rajasthan/heatpulse-rajasthan/data/raw/api_daily_weather_20260506.csv,2,0,"API fetch failed.
STDOUT:

STDERR:
Traceback (most recent call last):
  File ""/home/runner/work/heatpulse-rajasthan/heatpulse-rajasthan/scripts/fetch_daily_weather_api.py"", line 18, in <module>
    cfg = pd.read_csv(DOCS / ""step9_api_config_template.csv"")
  File ""/opt/hostedtoolcache/Python/3.13.13/x64/lib/python3.13/site-packages/pandas/io/parsers/readers.py"", line 873, in read_csv
    return _read(filepath_or_buffer, kwds)
  File ""/opt/hostedtoolcache/Python/3.13.13/x64/lib/python3.13/site-packages/pandas/io/parsers/readers.py"", line 300, in _read
    parser = TextFileReader(filepath_or_buffer, **kwds)
  File ""/opt/hostedtoolcache/Python/3.13.13/x64/lib/python3.13/site-packages/pandas/io/parsers/readers.py"", line 1645, in __init__
    self._engine = self._make_engine(f, self.engine)
                   ~~~~~~~~~~~~~~~~~^^^^^^^^^^^^^^^^
  File ""/opt/hostedtoolcache/Python/3.13.13/x64/lib/python3.13/site-packages/pandas/io/parsers/readers.py"", line 1904, in _make_engine
    self.handles = get_handle(
                   ~~~~~~~~~~^
        f,
        ^^
    ...<6 lines>...
        storage_options=self.options.get(""storage_options"", None),
        ^^^^^^^^^^^^^^^^^^^^^^^^^^^^^^^^^^^^^^^^^^^^^^^^^^^^^^^^^^
    )
    ^
  File ""/opt/hostedtoolcache/Python/3.13.13/x64/lib/python3.13/site-packages/pandas/io/common.py"", line 926, in get_handle
    handle = open(
        handle,
    ...<3 lines>...
        newline="""",
    )
FileNotFoundError: [Errno 2] No such file or directory: '/home/runner/work/heatpulse-rajasthan/heatpulse-rajasthan/docs/step9_api_config_template.csv'
"
2026-05-06 08:14:48,,False,fallback_after_fetch_error,/home/runner/work/heatpulse-rajasthan/heatpulse-rajasthan/data/raw/api_daily_weather_20260506.csv,2,0,"API fetch failed.
STDOUT:

STDERR:
Traceback (most recent call last):
  File ""/home/runner/work/heatpulse-rajasthan/heatpulse-rajasthan/scripts/fetch_daily_weather_api.py"", line 18, in <module>
    cfg = pd.read_csv(DOCS / ""step9_api_config_template.csv"")
  File ""/opt/hostedtoolcache/Python/3.13.13/x64/lib/python3.13/site-packages/pandas/io/parsers/readers.py"", line 873, in read_csv
    return _read(filepath_or_buffer, kwds)
  File ""/opt/hostedtoolcache/Python/3.13.13/x64/lib/python3.13/site-packages/pandas/io/parsers/readers.py"", line 300, in _read
    parser = TextFileReader(filepath_or_buffer, **kwds)
  File ""/opt/hostedtoolcache/Python/3.13.13/x64/lib/python3.13/site-packages/pandas/io/parsers/readers.py"", line 1645, in __init__
    self._engine = self._make_engine(f, self.engine)
                   ~~~~~~~~~~~~~~~~~^^^^^^^^^^^^^^^^
  File ""/opt/hostedtoolcache/Python/3.13.13/x64/lib/python3.13/site-packages/pandas/io/parsers/readers.py"", line 1904, in _make_engine
    self.handles = get_handle(
                   ~~~~~~~~~~^
        f,
        ^^
    ...<6 lines>...
        storage_options=self.options.get(""storage_options"", None),
        ^^^^^^^^^^^^^^^^^^^^^^^^^^^^^^^^^^^^^^^^^^^^^^^^^^^^^^^^^^
    )
    ^
  File ""/opt/hostedtoolcache/Python/3.13.13/x64/lib/python3.13/site-packages/pandas/io/common.py"", line 926, in get_handle
    handle = open(
        handle,
    ...<3 lines>...
        newline="""",
    )
FileNotFoundError: [Errno 2] No such file or directory: '/home/runner/work/heatpulse-rajasthan/heatpulse-rajasthan/docs/step9_api_config_template.csv'
"
2026-05-06 08:26:11,,False,fallback_after_fetch_error,/home/runner/work/heatpulse-rajasthan/heatpulse-rajasthan/data/raw/api_daily_weather_20260506.csv,2,0,"API fetch failed.
STDOUT:

STDERR:
Traceback (most recent call last):
  File ""/home/runner/work/heatpulse-rajasthan/heatpulse-rajasthan/scripts/fetch_daily_weather_api.py"", line 18, in <module>
    cfg = pd.read_csv(DOCS / ""step9_api_config_template.csv"")
  File ""/opt/hostedtoolcache/Python/3.13.13/x64/lib/python3.13/site-packages/pandas/io/parsers/readers.py"", line 873, in read_csv
    return _read(filepath_or_buffer, kwds)
  File ""/opt/hostedtoolcache/Python/3.13.13/x64/lib/python3.13/site-packages/pandas/io/parsers/readers.py"", line 300, in _read
    parser = TextFileReader(filepath_or_buffer, **kwds)
  File ""/opt/hostedtoolcache/Python/3.13.13/x64/lib/python3.13/site-packages/pandas/io/parsers/readers.py"", line 1645, in __init__
    self._engine = self._make_engine(f, self.engine)
                   ~~~~~~~~~~~~~~~~~^^^^^^^^^^^^^^^^
  File ""/opt/hostedtoolcache/Python/3.13.13/x64/lib/python3.13/site-packages/pandas/io/parsers/readers.py"", line 1904, in _make_engine
    self.handles = get_handle(
                   ~~~~~~~~~~^
        f,
        ^^
    ...<6 lines>...
        storage_options=self.options.get(""storage_options"", None),
        ^^^^^^^^^^^^^^^^^^^^^^^^^^^^^^^^^^^^^^^^^^^^^^^^^^^^^^^^^^
    )
    ^
  File ""/opt/hostedtoolcache/Python/3.13.13/x64/lib/python3.13/site-packages/pandas/io/common.py"", line 926, in get_handle
    handle = open(
        handle,
    ...<3 lines>...
        newline="""",
    )
FileNotFoundError: [Errno 2] No such file or directory: '/home/runner/work/heatpulse-rajasthan/heatpulse-rajasthan/docs/step9_api_config_template.csv'
"
2026-05-06 11:09:10,,False,fallback_after_fetch_error,/home/runner/work/heatpulse-rajasthan/heatpulse-rajasthan/data/raw/api_daily_weather_20260506.csv,2,0,"API fetch failed.
STDOUT:

STDERR:
Traceback (most recent call last):
  File ""/home/runner/work/heatpulse-rajasthan/heatpulse-rajasthan/scripts/fetch_daily_weather_api.py"", line 18, in <module>
    cfg = pd.read_csv(DOCS / ""step9_api_config_template.csv"")
  File ""/opt/hostedtoolcache/Python/3.13.13/x64/lib/python3.13/site-packages/pandas/io/parsers/readers.py"", line 873, in read_csv
    return _read(filepath_or_buffer, kwds)
  File ""/opt/hostedtoolcache/Python/3.13.13/x64/lib/python3.13/site-packages/pandas/io/parsers/readers.py"", line 300, in _read
    parser = TextFileReader(filepath_or_buffer, **kwds)
  File ""/opt/hostedtoolcache/Python/3.13.13/x64/lib/python3.13/site-packages/pandas/io/parsers/readers.py"", line 1645, in __init__
    self._engine = self._make_engine(f, self.engine)
                   ~~~~~~~~~~~~~~~~~^^^^^^^^^^^^^^^^
  File ""/opt/hostedtoolcache/Python/3.13.13/x64/lib/python3.13/site-packages/pandas/io/parsers/readers.py"", line 1904, in _make_engine
    self.handles = get_handle(
                   ~~~~~~~~~~^
        f,
        ^^
    ...<6 lines>...
        storage_options=self.options.get(""storage_options"", None),
        ^^^^^^^^^^^^^^^^^^^^^^^^^^^^^^^^^^^^^^^^^^^^^^^^^^^^^^^^^^
    )
    ^
  File ""/opt/hostedtoolcache/Python/3.13.13/x64/lib/python3.13/site-packages/pandas/io/common.py"", line 926, in get_handle
    handle = open(
        handle,
    ...<3 lines>...
        newline="""",
    )
FileNotFoundError: [Errno 2] No such file or directory: '/home/runner/work/heatpulse-rajasthan/heatpulse-rajasthan/docs/step9_api_config_template.csv'
"
2026-05-06 15:28:03,,False,fallback_after_fetch_error,/home/runner/work/heatpulse-rajasthan/heatpulse-rajasthan/data/raw/api_daily_weather_20260506.csv,2,0,"API fetch failed.
STDOUT:

STDERR:
Traceback (most recent call last):
  File ""/home/runner/work/heatpulse-rajasthan/heatpulse-rajasthan/scripts/fetch_daily_weather_api.py"", line 18, in <module>
    cfg = pd.read_csv(DOCS / ""step9_api_config_template.csv"")
  File ""/opt/hostedtoolcache/Python/3.13.13/x64/lib/python3.13/site-packages/pandas/io/parsers/readers.py"", line 873, in read_csv
    return _read(filepath_or_buffer, kwds)
  File ""/opt/hostedtoolcache/Python/3.13.13/x64/lib/python3.13/site-packages/pandas/io/parsers/readers.py"", line 300, in _read
    parser = TextFileReader(filepath_or_buffer, **kwds)
  File ""/opt/hostedtoolcache/Python/3.13.13/x64/lib/python3.13/site-packages/pandas/io/parsers/readers.py"", line 1645, in __init__
    self._engine = self._make_engine(f, self.engine)
                   ~~~~~~~~~~~~~~~~~^^^^^^^^^^^^^^^^
  File ""/opt/hostedtoolcache/Python/3.13.13/x64/lib/python3.13/site-packages/pandas/io/parsers/readers.py"", line 1904, in _make_engine
    self.handles = get_handle(
                   ~~~~~~~~~~^
        f,
        ^^
    ...<6 lines>...
        storage_options=self.options.get(""storage_options"", None),
        ^^^^^^^^^^^^^^^^^^^^^^^^^^^^^^^^^^^^^^^^^^^^^^^^^^^^^^^^^^
    )
    ^
  File ""/opt/hostedtoolcache/Python/3.13.13/x64/lib/python3.13/site-packages/pandas/io/common.py"", line 926, in get_handle
    handle = open(
        handle,
    ...<3 lines>...
        newline="""",
    )
FileNotFoundError: [Errno 2] No such file or directory: '/home/runner/work/heatpulse-rajasthan/heatpulse-rajasthan/docs/step9_api_config_template.csv'
"
2026-05-06 18:18:05,,False,fallback_after_fetch_error,/home/runner/work/heatpulse-rajasthan/heatpulse-rajasthan/data/raw/api_daily_weather_20260506.csv,2,0,"API fetch failed.
STDOUT:

STDERR:
Traceback (most recent call last):
  File ""/home/runner/work/heatpulse-rajasthan/heatpulse-rajasthan/scripts/fetch_daily_weather_api.py"", line 18, in <module>
    cfg = pd.read_csv(DOCS / ""step9_api_config_template.csv"")
  File ""/opt/hostedtoolcache/Python/3.13.13/x64/lib/python3.13/site-packages/pandas/io/parsers/readers.py"", line 873, in read_csv
    return _read(filepath_or_buffer, kwds)
  File ""/opt/hostedtoolcache/Python/3.13.13/x64/lib/python3.13/site-packages/pandas/io/parsers/readers.py"", line 300, in _read
    parser = TextFileReader(filepath_or_buffer, **kwds)
  File ""/opt/hostedtoolcache/Python/3.13.13/x64/lib/python3.13/site-packages/pandas/io/parsers/readers.py"", line 1645, in __init__
    self._engine = self._make_engine(f, self.engine)
                   ~~~~~~~~~~~~~~~~~^^^^^^^^^^^^^^^^
  File ""/opt/hostedtoolcache/Python/3.13.13/x64/lib/python3.13/site-packages/pandas/io/parsers/readers.py"", line 1904, in _make_engine
    self.handles = get_handle(
                   ~~~~~~~~~~^
        f,
        ^^
    ...<6 lines>...
        storage_options=self.options.get(""storage_options"", None),
        ^^^^^^^^^^^^^^^^^^^^^^^^^^^^^^^^^^^^^^^^^^^^^^^^^^^^^^^^^^
    )
    ^
  File ""/opt/hostedtoolcache/Python/3.13.13/x64/lib/python3.13/site-packages/pandas/io/common.py"", line 926, in get_handle
    handle = open(
        handle,
    ...<3 lines>...
        newline="""",
    )
FileNotFoundError: [Errno 2] No such file or directory: '/home/runner/work/heatpulse-rajasthan/heatpulse-rajasthan/docs/step9_api_config_template.csv'
"
2026-05-07 04:34:56,,False,fallback_after_fetch_error,/home/runner/work/heatpulse-rajasthan/heatpulse-rajasthan/data/raw/api_daily_weather_20260506.csv,2,0,"API fetch failed.
STDOUT:

STDERR:
Traceback (most recent call last):
  File ""/home/runner/work/heatpulse-rajasthan/heatpulse-rajasthan/scripts/fetch_daily_weather_api.py"", line 18, in <module>
    cfg = pd.read_csv(DOCS / ""step9_api_config_template.csv"")
  File ""/opt/hostedtoolcache/Python/3.13.13/x64/lib/python3.13/site-packages/pandas/io/parsers/readers.py"", line 873, in read_csv
    return _read(filepath_or_buffer, kwds)
  File ""/opt/hostedtoolcache/Python/3.13.13/x64/lib/python3.13/site-packages/pandas/io/parsers/readers.py"", line 300, in _read
    parser = TextFileReader(filepath_or_buffer, **kwds)
  File ""/opt/hostedtoolcache/Python/3.13.13/x64/lib/python3.13/site-packages/pandas/io/parsers/readers.py"", line 1645, in __init__
    self._engine = self._make_engine(f, self.engine)
                   ~~~~~~~~~~~~~~~~~^^^^^^^^^^^^^^^^
  File ""/opt/hostedtoolcache/Python/3.13.13/x64/lib/python3.13/site-packages/pandas/io/parsers/readers.py"", line 1904, in _make_engine
    self.handles = get_handle(
                   ~~~~~~~~~~^
        f,
        ^^
    ...<6 lines>...
        storage_options=self.options.get(""storage_options"", None),
        ^^^^^^^^^^^^^^^^^^^^^^^^^^^^^^^^^^^^^^^^^^^^^^^^^^^^^^^^^^
    )
    ^
  File ""/opt/hostedtoolcache/Python/3.13.13/x64/lib/python3.13/site-packages/pandas/io/common.py"", line 926, in get_handle
    handle = open(
        handle,
    ...<3 lines>...
        newline="""",
    )
FileNotFoundError: [Errno 2] No such file or directory: '/home/runner/work/heatpulse-rajasthan/heatpulse-rajasthan/docs/step9_api_config_template.csv'
"
2026-05-07 07:43:25,,False,fallback_after_fetch_error,/home/runner/work/heatpulse-rajasthan/heatpulse-rajasthan/data/raw/api_daily_weather_20260506.csv,2,0,"API fetch failed.
STDOUT:

STDERR:
Traceback (most recent call last):
  File ""/home/runner/work/heatpulse-rajasthan/heatpulse-rajasthan/scripts/fetch_daily_weather_api.py"", line 18, in <module>
    cfg = pd.read_csv(DOCS / ""step9_api_config_template.csv"")
  File ""/opt/hostedtoolcache/Python/3.13.13/x64/lib/python3.13/site-packages/pandas/io/parsers/readers.py"", line 873, in read_csv
    return _read(filepath_or_buffer, kwds)
  File ""/opt/hostedtoolcache/Python/3.13.13/x64/lib/python3.13/site-packages/pandas/io/parsers/readers.py"", line 300, in _read
    parser = TextFileReader(filepath_or_buffer, **kwds)
  File ""/opt/hostedtoolcache/Python/3.13.13/x64/lib/python3.13/site-packages/pandas/io/parsers/readers.py"", line 1645, in __init__
    self._engine = self._make_engine(f, self.engine)
                   ~~~~~~~~~~~~~~~~~^^^^^^^^^^^^^^^^
  File ""/opt/hostedtoolcache/Python/3.13.13/x64/lib/python3.13/site-packages/pandas/io/parsers/readers.py"", line 1904, in _make_engine
    self.handles = get_handle(
                   ~~~~~~~~~~^
        f,
        ^^
    ...<6 lines>...
        storage_options=self.options.get(""storage_options"", None),
        ^^^^^^^^^^^^^^^^^^^^^^^^^^^^^^^^^^^^^^^^^^^^^^^^^^^^^^^^^^
    )
    ^
  File ""/opt/hostedtoolcache/Python/3.13.13/x64/lib/python3.13/site-packages/pandas/io/common.py"", line 926, in get_handle
    handle = open(
        handle,
    ...<3 lines>...
        newline="""",
    )
FileNotFoundError: [Errno 2] No such file or directory: '/home/runner/work/heatpulse-rajasthan/heatpulse-rajasthan/docs/step9_api_config_template.csv'
"
2026-05-07 11:10:40,,False,fallback_after_fetch_error,/home/runner/work/heatpulse-rajasthan/heatpulse-rajasthan/data/raw/api_daily_weather_20260506.csv,2,0,"API fetch failed.
STDOUT:

STDERR:
Traceback (most recent call last):
  File ""/home/runner/work/heatpulse-rajasthan/heatpulse-rajasthan/scripts/fetch_daily_weather_api.py"", line 18, in <module>
    cfg = pd.read_csv(DOCS / ""step9_api_config_template.csv"")
  File ""/opt/hostedtoolcache/Python/3.13.13/x64/lib/python3.13/site-packages/pandas/io/parsers/readers.py"", line 873, in read_csv
    return _read(filepath_or_buffer, kwds)
  File ""/opt/hostedtoolcache/Python/3.13.13/x64/lib/python3.13/site-packages/pandas/io/parsers/readers.py"", line 300, in _read
    parser = TextFileReader(filepath_or_buffer, **kwds)
  File ""/opt/hostedtoolcache/Python/3.13.13/x64/lib/python3.13/site-packages/pandas/io/parsers/readers.py"", line 1645, in __init__
    self._engine = self._make_engine(f, self.engine)
                   ~~~~~~~~~~~~~~~~~^^^^^^^^^^^^^^^^
  File ""/opt/hostedtoolcache/Python/3.13.13/x64/lib/python3.13/site-packages/pandas/io/parsers/readers.py"", line 1904, in _make_engine
    self.handles = get_handle(
                   ~~~~~~~~~~^
        f,
        ^^
    ...<6 lines>...
        storage_options=self.options.get(""storage_options"", None),
        ^^^^^^^^^^^^^^^^^^^^^^^^^^^^^^^^^^^^^^^^^^^^^^^^^^^^^^^^^^
    )
    ^
  File ""/opt/hostedtoolcache/Python/3.13.13/x64/lib/python3.13/site-packages/pandas/io/common.py"", line 926, in get_handle
    handle = open(
        handle,
    ...<3 lines>...
        newline="""",
    )
FileNotFoundError: [Errno 2] No such file or directory: '/home/runner/work/heatpulse-rajasthan/heatpulse-rajasthan/docs/step9_api_config_template.csv'
"
2026-05-07 15:28:59,,False,fallback_after_fetch_error,/home/runner/work/heatpulse-rajasthan/heatpulse-rajasthan/data/raw/api_daily_weather_20260506.csv,2,0,"API fetch failed.
STDOUT:

STDERR:
Traceback (most recent call last):
  File ""/home/runner/work/heatpulse-rajasthan/heatpulse-rajasthan/scripts/fetch_daily_weather_api.py"", line 18, in <module>
    cfg = pd.read_csv(DOCS / ""step9_api_config_template.csv"")
  File ""/opt/hostedtoolcache/Python/3.13.13/x64/lib/python3.13/site-packages/pandas/io/parsers/readers.py"", line 873, in read_csv
    return _read(filepath_or_buffer, kwds)
  File ""/opt/hostedtoolcache/Python/3.13.13/x64/lib/python3.13/site-packages/pandas/io/parsers/readers.py"", line 300, in _read
    parser = TextFileReader(filepath_or_buffer, **kwds)
  File ""/opt/hostedtoolcache/Python/3.13.13/x64/lib/python3.13/site-packages/pandas/io/parsers/readers.py"", line 1645, in __init__
    self._engine = self._make_engine(f, self.engine)
                   ~~~~~~~~~~~~~~~~~^^^^^^^^^^^^^^^^
  File ""/opt/hostedtoolcache/Python/3.13.13/x64/lib/python3.13/site-packages/pandas/io/parsers/readers.py"", line 1904, in _make_engine
    self.handles = get_handle(
                   ~~~~~~~~~~^
        f,
        ^^
    ...<6 lines>...
        storage_options=self.options.get(""storage_options"", None),
        ^^^^^^^^^^^^^^^^^^^^^^^^^^^^^^^^^^^^^^^^^^^^^^^^^^^^^^^^^^
    )
    ^
  File ""/opt/hostedtoolcache/Python/3.13.13/x64/lib/python3.13/site-packages/pandas/io/common.py"", line 926, in get_handle
    handle = open(
        handle,
    ...<3 lines>...
        newline="""",
    )
FileNotFoundError: [Errno 2] No such file or directory: '/home/runner/work/heatpulse-rajasthan/heatpulse-rajasthan/docs/step9_api_config_template.csv'
"
2026-05-07 18:26:37,,False,fallback_after_fetch_error,/home/runner/work/heatpulse-rajasthan/heatpulse-rajasthan/data/raw/api_daily_weather_20260506.csv,2,0,"API fetch failed.
STDOUT:

STDERR:
Traceback (most recent call last):
  File ""/home/runner/work/heatpulse-rajasthan/heatpulse-rajasthan/scripts/fetch_daily_weather_api.py"", line 18, in <module>
    cfg = pd.read_csv(DOCS / ""step9_api_config_template.csv"")
  File ""/opt/hostedtoolcache/Python/3.13.13/x64/lib/python3.13/site-packages/pandas/io/parsers/readers.py"", line 873, in read_csv
    return _read(filepath_or_buffer, kwds)
  File ""/opt/hostedtoolcache/Python/3.13.13/x64/lib/python3.13/site-packages/pandas/io/parsers/readers.py"", line 300, in _read
    parser = TextFileReader(filepath_or_buffer, **kwds)
  File ""/opt/hostedtoolcache/Python/3.13.13/x64/lib/python3.13/site-packages/pandas/io/parsers/readers.py"", line 1645, in __init__
    self._engine = self._make_engine(f, self.engine)
                   ~~~~~~~~~~~~~~~~~^^^^^^^^^^^^^^^^
  File ""/opt/hostedtoolcache/Python/3.13.13/x64/lib/python3.13/site-packages/pandas/io/parsers/readers.py"", line 1904, in _make_engine
    self.handles = get_handle(
                   ~~~~~~~~~~^
        f,
        ^^
    ...<6 lines>...
        storage_options=self.options.get(""storage_options"", None),
        ^^^^^^^^^^^^^^^^^^^^^^^^^^^^^^^^^^^^^^^^^^^^^^^^^^^^^^^^^^
    )
    ^
  File ""/opt/hostedtoolcache/Python/3.13.13/x64/lib/python3.13/site-packages/pandas/io/common.py"", line 926, in get_handle
    handle = open(
        handle,
    ...<3 lines>...
        newline="""",
    )
FileNotFoundError: [Errno 2] No such file or directory: '/home/runner/work/heatpulse-rajasthan/heatpulse-rajasthan/docs/step9_api_config_template.csv'
"
2026-05-08 03:32:51,,False,fallback_after_fetch_error,/home/runner/work/heatpulse-rajasthan/heatpulse-rajasthan/data/raw/api_daily_weather_20260506.csv,2,0,"API fetch failed.
STDOUT:

STDERR:
Traceback (most recent call last):
  File ""/home/runner/work/heatpulse-rajasthan/heatpulse-rajasthan/scripts/fetch_daily_weather_api.py"", line 18, in <module>
    cfg = pd.read_csv(DOCS / ""step9_api_config_template.csv"")
  File ""/opt/hostedtoolcache/Python/3.13.13/x64/lib/python3.13/site-packages/pandas/io/parsers/readers.py"", line 873, in read_csv
    return _read(filepath_or_buffer, kwds)
  File ""/opt/hostedtoolcache/Python/3.13.13/x64/lib/python3.13/site-packages/pandas/io/parsers/readers.py"", line 300, in _read
    parser = TextFileReader(filepath_or_buffer, **kwds)
  File ""/opt/hostedtoolcache/Python/3.13.13/x64/lib/python3.13/site-packages/pandas/io/parsers/readers.py"", line 1645, in __init__
    self._engine = self._make_engine(f, self.engine)
                   ~~~~~~~~~~~~~~~~~^^^^^^^^^^^^^^^^
  File ""/opt/hostedtoolcache/Python/3.13.13/x64/lib/python3.13/site-packages/pandas/io/parsers/readers.py"", line 1904, in _make_engine
    self.handles = get_handle(
                   ~~~~~~~~~~^
        f,
        ^^
    ...<6 lines>...
        storage_options=self.options.get(""storage_options"", None),
        ^^^^^^^^^^^^^^^^^^^^^^^^^^^^^^^^^^^^^^^^^^^^^^^^^^^^^^^^^^
    )
    ^
  File ""/opt/hostedtoolcache/Python/3.13.13/x64/lib/python3.13/site-packages/pandas/io/common.py"", line 926, in get_handle
    handle = open(
        handle,
    ...<3 lines>...
        newline="""",
    )
FileNotFoundError: [Errno 2] No such file or directory: '/home/runner/work/heatpulse-rajasthan/heatpulse-rajasthan/docs/step9_api_config_template.csv'
"
2026-05-08 03:39:31,,False,fallback_after_fetch_error,/home/runner/work/heatpulse-rajasthan/heatpulse-rajasthan/data/raw/api_daily_weather_20260508.csv,3,0,"API fetch failed.
STDOUT:

STDERR:
Traceback (most recent call last):
  File ""/home/runner/work/heatpulse-rajasthan/heatpulse-rajasthan/scripts/fetch_daily_weather_api.py"", line 18, in <module>
    cfg = pd.read_csv(DOCS / ""step9_api_config_template.csv"")
  File ""/opt/hostedtoolcache/Python/3.13.13/x64/lib/python3.13/site-packages/pandas/io/parsers/readers.py"", line 873, in read_csv
    return _read(filepath_or_buffer, kwds)
  File ""/opt/hostedtoolcache/Python/3.13.13/x64/lib/python3.13/site-packages/pandas/io/parsers/readers.py"", line 300, in _read
    parser = TextFileReader(filepath_or_buffer, **kwds)
  File ""/opt/hostedtoolcache/Python/3.13.13/x64/lib/python3.13/site-packages/pandas/io/parsers/readers.py"", line 1645, in __init__
    self._engine = self._make_engine(f, self.engine)
                   ~~~~~~~~~~~~~~~~~^^^^^^^^^^^^^^^^
  File ""/opt/hostedtoolcache/Python/3.13.13/x64/lib/python3.13/site-packages/pandas/io/parsers/readers.py"", line 1904, in _make_engine
    self.handles = get_handle(
                   ~~~~~~~~~~^
        f,
        ^^
    ...<6 lines>...
        storage_options=self.options.get(""storage_options"", None),
        ^^^^^^^^^^^^^^^^^^^^^^^^^^^^^^^^^^^^^^^^^^^^^^^^^^^^^^^^^^
    )
    ^
  File ""/opt/hostedtoolcache/Python/3.13.13/x64/lib/python3.13/site-packages/pandas/io/common.py"", line 926, in get_handle
    handle = open(
        handle,
    ...<3 lines>...
        newline="""",
    )
FileNotFoundError: [Errno 2] No such file or directory: '/home/runner/work/heatpulse-rajasthan/heatpulse-rajasthan/docs/step9_api_config_template.csv'
"
2026-05-08 04:16:39,,False,fallback_after_fetch_error,/home/runner/work/heatpulse-rajasthan/heatpulse-rajasthan/data/raw/api_daily_weather_20260508.csv,3,0,"API fetch failed.
STDOUT:

STDERR:
Traceback (most recent call last):
  File ""/home/runner/work/heatpulse-rajasthan/heatpulse-rajasthan/scripts/fetch_daily_weather_api.py"", line 18, in <module>
    cfg = pd.read_csv(DOCS / ""step9_api_config_template.csv"")
  File ""/opt/hostedtoolcache/Python/3.13.13/x64/lib/python3.13/site-packages/pandas/io/parsers/readers.py"", line 873, in read_csv
    return _read(filepath_or_buffer, kwds)
  File ""/opt/hostedtoolcache/Python/3.13.13/x64/lib/python3.13/site-packages/pandas/io/parsers/readers.py"", line 300, in _read
    parser = TextFileReader(filepath_or_buffer, **kwds)
  File ""/opt/hostedtoolcache/Python/3.13.13/x64/lib/python3.13/site-packages/pandas/io/parsers/readers.py"", line 1645, in __init__
    self._engine = self._make_engine(f, self.engine)
                   ~~~~~~~~~~~~~~~~~^^^^^^^^^^^^^^^^
  File ""/opt/hostedtoolcache/Python/3.13.13/x64/lib/python3.13/site-packages/pandas/io/parsers/readers.py"", line 1904, in _make_engine
    self.handles = get_handle(
                   ~~~~~~~~~~^
        f,
        ^^
    ...<6 lines>...
        storage_options=self.options.get(""storage_options"", None),
        ^^^^^^^^^^^^^^^^^^^^^^^^^^^^^^^^^^^^^^^^^^^^^^^^^^^^^^^^^^
    )
    ^
  File ""/opt/hostedtoolcache/Python/3.13.13/x64/lib/python3.13/site-packages/pandas/io/common.py"", line 926, in get_handle
    handle = open(
        handle,
    ...<3 lines>...
        newline="""",
    )
FileNotFoundError: [Errno 2] No such file or directory: '/home/runner/work/heatpulse-rajasthan/heatpulse-rajasthan/docs/step9_api_config_template.csv'
"
2026-05-08 06:52:51,,False,fallback_after_fetch_error,/home/runner/work/heatpulse-rajasthan/heatpulse-rajasthan/data/raw/api_daily_weather_20260508.csv,3,0,"API fetch failed.
STDOUT:

STDERR:
Traceback (most recent call last):
  File ""/home/runner/work/heatpulse-rajasthan/heatpulse-rajasthan/scripts/fetch_daily_weather_api.py"", line 18, in <module>
    cfg = pd.read_csv(DOCS / ""step9_api_config_template.csv"")
  File ""/opt/hostedtoolcache/Python/3.13.13/x64/lib/python3.13/site-packages/pandas/io/parsers/readers.py"", line 873, in read_csv
    return _read(filepath_or_buffer, kwds)
  File ""/opt/hostedtoolcache/Python/3.13.13/x64/lib/python3.13/site-packages/pandas/io/parsers/readers.py"", line 300, in _read
    parser = TextFileReader(filepath_or_buffer, **kwds)
  File ""/opt/hostedtoolcache/Python/3.13.13/x64/lib/python3.13/site-packages/pandas/io/parsers/readers.py"", line 1645, in __init__
    self._engine = self._make_engine(f, self.engine)
                   ~~~~~~~~~~~~~~~~~^^^^^^^^^^^^^^^^
  File ""/opt/hostedtoolcache/Python/3.13.13/x64/lib/python3.13/site-packages/pandas/io/parsers/readers.py"", line 1904, in _make_engine
    self.handles = get_handle(
                   ~~~~~~~~~~^
        f,
        ^^
    ...<6 lines>...
        storage_options=self.options.get(""storage_options"", None),
        ^^^^^^^^^^^^^^^^^^^^^^^^^^^^^^^^^^^^^^^^^^^^^^^^^^^^^^^^^^
    )
    ^
  File ""/opt/hostedtoolcache/Python/3.13.13/x64/lib/python3.13/site-packages/pandas/io/common.py"", line 926, in get_handle
    handle = open(
        handle,
    ...<3 lines>...
        newline="""",
    )
FileNotFoundError: [Errno 2] No such file or directory: '/home/runner/work/heatpulse-rajasthan/heatpulse-rajasthan/docs/step9_api_config_template.csv'
"
2026-05-08 10:25:46,,False,fallback_after_fetch_error,/home/runner/work/heatpulse-rajasthan/heatpulse-rajasthan/data/raw/api_daily_weather_20260508.csv,3,0,"API fetch failed.
STDOUT:

STDERR:
Traceback (most recent call last):
  File ""/home/runner/work/heatpulse-rajasthan/heatpulse-rajasthan/scripts/fetch_daily_weather_api.py"", line 18, in <module>
    cfg = pd.read_csv(DOCS / ""step9_api_config_template.csv"")
  File ""/opt/hostedtoolcache/Python/3.13.13/x64/lib/python3.13/site-packages/pandas/io/parsers/readers.py"", line 873, in read_csv
    return _read(filepath_or_buffer, kwds)
  File ""/opt/hostedtoolcache/Python/3.13.13/x64/lib/python3.13/site-packages/pandas/io/parsers/readers.py"", line 300, in _read
    parser = TextFileReader(filepath_or_buffer, **kwds)
  File ""/opt/hostedtoolcache/Python/3.13.13/x64/lib/python3.13/site-packages/pandas/io/parsers/readers.py"", line 1645, in __init__
    self._engine = self._make_engine(f, self.engine)
                   ~~~~~~~~~~~~~~~~~^^^^^^^^^^^^^^^^
  File ""/opt/hostedtoolcache/Python/3.13.13/x64/lib/python3.13/site-packages/pandas/io/parsers/readers.py"", line 1904, in _make_engine
    self.handles = get_handle(
                   ~~~~~~~~~~^
        f,
        ^^
    ...<6 lines>...
        storage_options=self.options.get(""storage_options"", None),
        ^^^^^^^^^^^^^^^^^^^^^^^^^^^^^^^^^^^^^^^^^^^^^^^^^^^^^^^^^^
    )
    ^
  File ""/opt/hostedtoolcache/Python/3.13.13/x64/lib/python3.13/site-packages/pandas/io/common.py"", line 926, in get_handle
    handle = open(
        handle,
    ...<3 lines>...
        newline="""",
    )
FileNotFoundError: [Errno 2] No such file or directory: '/home/runner/work/heatpulse-rajasthan/heatpulse-rajasthan/docs/step9_api_config_template.csv'
"
2026-05-08 14:52:23,,False,fallback_after_fetch_error,/home/runner/work/heatpulse-rajasthan/heatpulse-rajasthan/data/raw/api_daily_weather_20260508.csv,3,0,"API fetch failed.
STDOUT:

STDERR:
Traceback (most recent call last):
  File ""/home/runner/work/heatpulse-rajasthan/heatpulse-rajasthan/scripts/fetch_daily_weather_api.py"", line 18, in <module>
    cfg = pd.read_csv(DOCS / ""step9_api_config_template.csv"")
  File ""/opt/hostedtoolcache/Python/3.13.13/x64/lib/python3.13/site-packages/pandas/io/parsers/readers.py"", line 873, in read_csv
    return _read(filepath_or_buffer, kwds)
  File ""/opt/hostedtoolcache/Python/3.13.13/x64/lib/python3.13/site-packages/pandas/io/parsers/readers.py"", line 300, in _read
    parser = TextFileReader(filepath_or_buffer, **kwds)
  File ""/opt/hostedtoolcache/Python/3.13.13/x64/lib/python3.13/site-packages/pandas/io/parsers/readers.py"", line 1645, in __init__
    self._engine = self._make_engine(f, self.engine)
                   ~~~~~~~~~~~~~~~~~^^^^^^^^^^^^^^^^
  File ""/opt/hostedtoolcache/Python/3.13.13/x64/lib/python3.13/site-packages/pandas/io/parsers/readers.py"", line 1904, in _make_engine
    self.handles = get_handle(
                   ~~~~~~~~~~^
        f,
        ^^
    ...<6 lines>...
        storage_options=self.options.get(""storage_options"", None),
        ^^^^^^^^^^^^^^^^^^^^^^^^^^^^^^^^^^^^^^^^^^^^^^^^^^^^^^^^^^
    )
    ^
  File ""/opt/hostedtoolcache/Python/3.13.13/x64/lib/python3.13/site-packages/pandas/io/common.py"", line 926, in get_handle
    handle = open(
        handle,
    ...<3 lines>...
        newline="""",
    )
FileNotFoundError: [Errno 2] No such file or directory: '/home/runner/work/heatpulse-rajasthan/heatpulse-rajasthan/docs/step9_api_config_template.csv'
"
2026-05-08 18:11:31,,False,fallback_after_fetch_error,/home/runner/work/heatpulse-rajasthan/heatpulse-rajasthan/data/raw/api_daily_weather_20260508.csv,3,0,"API fetch failed.
STDOUT:

STDERR:
Traceback (most recent call last):
  File ""/home/runner/work/heatpulse-rajasthan/heatpulse-rajasthan/scripts/fetch_daily_weather_api.py"", line 18, in <module>
    cfg = pd.read_csv(DOCS / ""step9_api_config_template.csv"")
  File ""/opt/hostedtoolcache/Python/3.13.13/x64/lib/python3.13/site-packages/pandas/io/parsers/readers.py"", line 873, in read_csv
    return _read(filepath_or_buffer, kwds)
  File ""/opt/hostedtoolcache/Python/3.13.13/x64/lib/python3.13/site-packages/pandas/io/parsers/readers.py"", line 300, in _read
    parser = TextFileReader(filepath_or_buffer, **kwds)
  File ""/opt/hostedtoolcache/Python/3.13.13/x64/lib/python3.13/site-packages/pandas/io/parsers/readers.py"", line 1645, in __init__
    self._engine = self._make_engine(f, self.engine)
                   ~~~~~~~~~~~~~~~~~^^^^^^^^^^^^^^^^
  File ""/opt/hostedtoolcache/Python/3.13.13/x64/lib/python3.13/site-packages/pandas/io/parsers/readers.py"", line 1904, in _make_engine
    self.handles = get_handle(
                   ~~~~~~~~~~^
        f,
        ^^
    ...<6 lines>...
        storage_options=self.options.get(""storage_options"", None),
        ^^^^^^^^^^^^^^^^^^^^^^^^^^^^^^^^^^^^^^^^^^^^^^^^^^^^^^^^^^
    )
    ^
  File ""/opt/hostedtoolcache/Python/3.13.13/x64/lib/python3.13/site-packages/pandas/io/common.py"", line 926, in get_handle
    handle = open(
        handle,
    ...<3 lines>...
        newline="""",
    )
FileNotFoundError: [Errno 2] No such file or directory: '/home/runner/work/heatpulse-rajasthan/heatpulse-rajasthan/docs/step9_api_config_template.csv'
"
2026-05-09 04:23:42,,False,fallback_after_fetch_error,/home/runner/work/heatpulse-rajasthan/heatpulse-rajasthan/data/raw/api_daily_weather_20260508.csv,3,0,"API fetch failed.
STDOUT:

STDERR:
Traceback (most recent call last):
  File ""/home/runner/work/heatpulse-rajasthan/heatpulse-rajasthan/scripts/fetch_daily_weather_api.py"", line 18, in <module>
    cfg = pd.read_csv(DOCS / ""step9_api_config_template.csv"")
  File ""/opt/hostedtoolcache/Python/3.13.13/x64/lib/python3.13/site-packages/pandas/io/parsers/readers.py"", line 873, in read_csv
    return _read(filepath_or_buffer, kwds)
  File ""/opt/hostedtoolcache/Python/3.13.13/x64/lib/python3.13/site-packages/pandas/io/parsers/readers.py"", line 300, in _read
    parser = TextFileReader(filepath_or_buffer, **kwds)
  File ""/opt/hostedtoolcache/Python/3.13.13/x64/lib/python3.13/site-packages/pandas/io/parsers/readers.py"", line 1645, in __init__
    self._engine = self._make_engine(f, self.engine)
                   ~~~~~~~~~~~~~~~~~^^^^^^^^^^^^^^^^
  File ""/opt/hostedtoolcache/Python/3.13.13/x64/lib/python3.13/site-packages/pandas/io/parsers/readers.py"", line 1904, in _make_engine
    self.handles = get_handle(
                   ~~~~~~~~~~^
        f,
        ^^
    ...<6 lines>...
        storage_options=self.options.get(""storage_options"", None),
        ^^^^^^^^^^^^^^^^^^^^^^^^^^^^^^^^^^^^^^^^^^^^^^^^^^^^^^^^^^
    )
    ^
  File ""/opt/hostedtoolcache/Python/3.13.13/x64/lib/python3.13/site-packages/pandas/io/common.py"", line 926, in get_handle
    handle = open(
        handle,
    ...<3 lines>...
        newline="""",
    )
FileNotFoundError: [Errno 2] No such file or directory: '/home/runner/work/heatpulse-rajasthan/heatpulse-rajasthan/docs/step9_api_config_template.csv'
"
2026-05-09 07:08:53,,False,fallback_after_fetch_error,/home/runner/work/heatpulse-rajasthan/heatpulse-rajasthan/data/raw/api_daily_weather_20260508.csv,3,0,"API fetch failed.
STDOUT:

STDERR:
Traceback (most recent call last):
  File ""/home/runner/work/heatpulse-rajasthan/heatpulse-rajasthan/scripts/fetch_daily_weather_api.py"", line 18, in <module>
    cfg = pd.read_csv(DOCS / ""step9_api_config_template.csv"")
  File ""/opt/hostedtoolcache/Python/3.13.13/x64/lib/python3.13/site-packages/pandas/io/parsers/readers.py"", line 873, in read_csv
    return _read(filepath_or_buffer, kwds)
  File ""/opt/hostedtoolcache/Python/3.13.13/x64/lib/python3.13/site-packages/pandas/io/parsers/readers.py"", line 300, in _read
    parser = TextFileReader(filepath_or_buffer, **kwds)
  File ""/opt/hostedtoolcache/Python/3.13.13/x64/lib/python3.13/site-packages/pandas/io/parsers/readers.py"", line 1645, in __init__
    self._engine = self._make_engine(f, self.engine)
                   ~~~~~~~~~~~~~~~~~^^^^^^^^^^^^^^^^
  File ""/opt/hostedtoolcache/Python/3.13.13/x64/lib/python3.13/site-packages/pandas/io/parsers/readers.py"", line 1904, in _make_engine
    self.handles = get_handle(
                   ~~~~~~~~~~^
        f,
        ^^
    ...<6 lines>...
        storage_options=self.options.get(""storage_options"", None),
        ^^^^^^^^^^^^^^^^^^^^^^^^^^^^^^^^^^^^^^^^^^^^^^^^^^^^^^^^^^
    )
    ^
  File ""/opt/hostedtoolcache/Python/3.13.13/x64/lib/python3.13/site-packages/pandas/io/common.py"", line 926, in get_handle
    handle = open(
        handle,
    ...<3 lines>...
        newline="""",
    )
FileNotFoundError: [Errno 2] No such file or directory: '/home/runner/work/heatpulse-rajasthan/heatpulse-rajasthan/docs/step9_api_config_template.csv'
"
2026-05-09 10:06:41,,False,fallback_after_fetch_error,/home/runner/work/heatpulse-rajasthan/heatpulse-rajasthan/data/raw/api_daily_weather_20260508.csv,3,0,"API fetch failed.
STDOUT:

STDERR:
Traceback (most recent call last):
  File ""/home/runner/work/heatpulse-rajasthan/heatpulse-rajasthan/scripts/fetch_daily_weather_api.py"", line 18, in <module>
    cfg = pd.read_csv(DOCS / ""step9_api_config_template.csv"")
  File ""/opt/hostedtoolcache/Python/3.13.13/x64/lib/python3.13/site-packages/pandas/io/parsers/readers.py"", line 873, in read_csv
    return _read(filepath_or_buffer, kwds)
  File ""/opt/hostedtoolcache/Python/3.13.13/x64/lib/python3.13/site-packages/pandas/io/parsers/readers.py"", line 300, in _read
    parser = TextFileReader(filepath_or_buffer, **kwds)
  File ""/opt/hostedtoolcache/Python/3.13.13/x64/lib/python3.13/site-packages/pandas/io/parsers/readers.py"", line 1645, in __init__
    self._engine = self._make_engine(f, self.engine)
                   ~~~~~~~~~~~~~~~~~^^^^^^^^^^^^^^^^
  File ""/opt/hostedtoolcache/Python/3.13.13/x64/lib/python3.13/site-packages/pandas/io/parsers/readers.py"", line 1904, in _make_engine
    self.handles = get_handle(
                   ~~~~~~~~~~^
        f,
        ^^
    ...<6 lines>...
        storage_options=self.options.get(""storage_options"", None),
        ^^^^^^^^^^^^^^^^^^^^^^^^^^^^^^^^^^^^^^^^^^^^^^^^^^^^^^^^^^
    )
    ^
  File ""/opt/hostedtoolcache/Python/3.13.13/x64/lib/python3.13/site-packages/pandas/io/common.py"", line 926, in get_handle
    handle = open(
        handle,
    ...<3 lines>...
        newline="""",
    )
FileNotFoundError: [Errno 2] No such file or directory: '/home/runner/work/heatpulse-rajasthan/heatpulse-rajasthan/docs/step9_api_config_template.csv'
"
2026-05-09 14:17:36,,False,fallback_after_fetch_error,/home/runner/work/heatpulse-rajasthan/heatpulse-rajasthan/data/raw/api_daily_weather_20260508.csv,3,0,"API fetch failed.
STDOUT:

STDERR:
Traceback (most recent call last):
  File ""/home/runner/work/heatpulse-rajasthan/heatpulse-rajasthan/scripts/fetch_daily_weather_api.py"", line 18, in <module>
    cfg = pd.read_csv(DOCS / ""step9_api_config_template.csv"")
  File ""/opt/hostedtoolcache/Python/3.13.13/x64/lib/python3.13/site-packages/pandas/io/parsers/readers.py"", line 873, in read_csv
    return _read(filepath_or_buffer, kwds)
  File ""/opt/hostedtoolcache/Python/3.13.13/x64/lib/python3.13/site-packages/pandas/io/parsers/readers.py"", line 300, in _read
    parser = TextFileReader(filepath_or_buffer, **kwds)
  File ""/opt/hostedtoolcache/Python/3.13.13/x64/lib/python3.13/site-packages/pandas/io/parsers/readers.py"", line 1645, in __init__
    self._engine = self._make_engine(f, self.engine)
                   ~~~~~~~~~~~~~~~~~^^^^^^^^^^^^^^^^
  File ""/opt/hostedtoolcache/Python/3.13.13/x64/lib/python3.13/site-packages/pandas/io/parsers/readers.py"", line 1904, in _make_engine
    self.handles = get_handle(
                   ~~~~~~~~~~^
        f,
        ^^
    ...<6 lines>...
        storage_options=self.options.get(""storage_options"", None),
        ^^^^^^^^^^^^^^^^^^^^^^^^^^^^^^^^^^^^^^^^^^^^^^^^^^^^^^^^^^
    )
    ^
  File ""/opt/hostedtoolcache/Python/3.13.13/x64/lib/python3.13/site-packages/pandas/io/common.py"", line 926, in get_handle
    handle = open(
        handle,
    ...<3 lines>...
        newline="""",
    )
FileNotFoundError: [Errno 2] No such file or directory: '/home/runner/work/heatpulse-rajasthan/heatpulse-rajasthan/docs/step9_api_config_template.csv'
"
2026-05-09 17:52:29,,False,fallback_after_fetch_error,/home/runner/work/heatpulse-rajasthan/heatpulse-rajasthan/data/raw/api_daily_weather_20260508.csv,3,0,"API fetch failed.
STDOUT:

STDERR:
Traceback (most recent call last):
  File ""/home/runner/work/heatpulse-rajasthan/heatpulse-rajasthan/scripts/fetch_daily_weather_api.py"", line 18, in <module>
    cfg = pd.read_csv(DOCS / ""step9_api_config_template.csv"")
  File ""/opt/hostedtoolcache/Python/3.13.13/x64/lib/python3.13/site-packages/pandas/io/parsers/readers.py"", line 873, in read_csv
    return _read(filepath_or_buffer, kwds)
  File ""/opt/hostedtoolcache/Python/3.13.13/x64/lib/python3.13/site-packages/pandas/io/parsers/readers.py"", line 300, in _read
    parser = TextFileReader(filepath_or_buffer, **kwds)
  File ""/opt/hostedtoolcache/Python/3.13.13/x64/lib/python3.13/site-packages/pandas/io/parsers/readers.py"", line 1645, in __init__
    self._engine = self._make_engine(f, self.engine)
                   ~~~~~~~~~~~~~~~~~^^^^^^^^^^^^^^^^
  File ""/opt/hostedtoolcache/Python/3.13.13/x64/lib/python3.13/site-packages/pandas/io/parsers/readers.py"", line 1904, in _make_engine
    self.handles = get_handle(
                   ~~~~~~~~~~^
        f,
        ^^
    ...<6 lines>...
        storage_options=self.options.get(""storage_options"", None),
        ^^^^^^^^^^^^^^^^^^^^^^^^^^^^^^^^^^^^^^^^^^^^^^^^^^^^^^^^^^
    )
    ^
  File ""/opt/hostedtoolcache/Python/3.13.13/x64/lib/python3.13/site-packages/pandas/io/common.py"", line 926, in get_handle
    handle = open(
        handle,
    ...<3 lines>...
        newline="""",
    )
FileNotFoundError: [Errno 2] No such file or directory: '/home/runner/work/heatpulse-rajasthan/heatpulse-rajasthan/docs/step9_api_config_template.csv'
"
2026-05-10 04:44:54,,False,fallback_after_fetch_error,/home/runner/work/heatpulse-rajasthan/heatpulse-rajasthan/data/raw/api_daily_weather_20260508.csv,3,0,"API fetch failed.
STDOUT:

STDERR:
Traceback (most recent call last):
  File ""/home/runner/work/heatpulse-rajasthan/heatpulse-rajasthan/scripts/fetch_daily_weather_api.py"", line 18, in <module>
    cfg = pd.read_csv(DOCS / ""step9_api_config_template.csv"")
  File ""/opt/hostedtoolcache/Python/3.13.13/x64/lib/python3.13/site-packages/pandas/io/parsers/readers.py"", line 873, in read_csv
    return _read(filepath_or_buffer, kwds)
  File ""/opt/hostedtoolcache/Python/3.13.13/x64/lib/python3.13/site-packages/pandas/io/parsers/readers.py"", line 300, in _read
    parser = TextFileReader(filepath_or_buffer, **kwds)
  File ""/opt/hostedtoolcache/Python/3.13.13/x64/lib/python3.13/site-packages/pandas/io/parsers/readers.py"", line 1645, in __init__
    self._engine = self._make_engine(f, self.engine)
                   ~~~~~~~~~~~~~~~~~^^^^^^^^^^^^^^^^
  File ""/opt/hostedtoolcache/Python/3.13.13/x64/lib/python3.13/site-packages/pandas/io/parsers/readers.py"", line 1904, in _make_engine
    self.handles = get_handle(
                   ~~~~~~~~~~^
        f,
        ^^
    ...<6 lines>...
        storage_options=self.options.get(""storage_options"", None),
        ^^^^^^^^^^^^^^^^^^^^^^^^^^^^^^^^^^^^^^^^^^^^^^^^^^^^^^^^^^
    )
    ^
  File ""/opt/hostedtoolcache/Python/3.13.13/x64/lib/python3.13/site-packages/pandas/io/common.py"", line 926, in get_handle
    handle = open(
        handle,
    ...<3 lines>...
        newline="""",
    )
FileNotFoundError: [Errno 2] No such file or directory: '/home/runner/work/heatpulse-rajasthan/heatpulse-rajasthan/docs/step9_api_config_template.csv'
"
2026-05-10 07:26:24,,False,fallback_after_fetch_error,/home/runner/work/heatpulse-rajasthan/heatpulse-rajasthan/data/raw/api_daily_weather_20260508.csv,3,0,"API fetch failed.
STDOUT:

STDERR:
Traceback (most recent call last):
  File ""/home/runner/work/heatpulse-rajasthan/heatpulse-rajasthan/scripts/fetch_daily_weather_api.py"", line 18, in <module>
    cfg = pd.read_csv(DOCS / ""step9_api_config_template.csv"")
  File ""/opt/hostedtoolcache/Python/3.13.13/x64/lib/python3.13/site-packages/pandas/io/parsers/readers.py"", line 873, in read_csv
    return _read(filepath_or_buffer, kwds)
  File ""/opt/hostedtoolcache/Python/3.13.13/x64/lib/python3.13/site-packages/pandas/io/parsers/readers.py"", line 300, in _read
    parser = TextFileReader(filepath_or_buffer, **kwds)
  File ""/opt/hostedtoolcache/Python/3.13.13/x64/lib/python3.13/site-packages/pandas/io/parsers/readers.py"", line 1645, in __init__
    self._engine = self._make_engine(f, self.engine)
                   ~~~~~~~~~~~~~~~~~^^^^^^^^^^^^^^^^
  File ""/opt/hostedtoolcache/Python/3.13.13/x64/lib/python3.13/site-packages/pandas/io/parsers/readers.py"", line 1904, in _make_engine
    self.handles = get_handle(
                   ~~~~~~~~~~^
        f,
        ^^
    ...<6 lines>...
        storage_options=self.options.get(""storage_options"", None),
        ^^^^^^^^^^^^^^^^^^^^^^^^^^^^^^^^^^^^^^^^^^^^^^^^^^^^^^^^^^
    )
    ^
  File ""/opt/hostedtoolcache/Python/3.13.13/x64/lib/python3.13/site-packages/pandas/io/common.py"", line 926, in get_handle
    handle = open(
        handle,
    ...<3 lines>...
        newline="""",
    )
FileNotFoundError: [Errno 2] No such file or directory: '/home/runner/work/heatpulse-rajasthan/heatpulse-rajasthan/docs/step9_api_config_template.csv'
"
2026-05-10 10:16:53,,False,fallback_after_fetch_error,/home/runner/work/heatpulse-rajasthan/heatpulse-rajasthan/data/raw/api_daily_weather_20260508.csv,3,0,"API fetch failed.
STDOUT:

STDERR:
Traceback (most recent call last):
  File ""/home/runner/work/heatpulse-rajasthan/heatpulse-rajasthan/scripts/fetch_daily_weather_api.py"", line 18, in <module>
    cfg = pd.read_csv(DOCS / ""step9_api_config_template.csv"")
  File ""/opt/hostedtoolcache/Python/3.13.13/x64/lib/python3.13/site-packages/pandas/io/parsers/readers.py"", line 873, in read_csv
    return _read(filepath_or_buffer, kwds)
  File ""/opt/hostedtoolcache/Python/3.13.13/x64/lib/python3.13/site-packages/pandas/io/parsers/readers.py"", line 300, in _read
    parser = TextFileReader(filepath_or_buffer, **kwds)
  File ""/opt/hostedtoolcache/Python/3.13.13/x64/lib/python3.13/site-packages/pandas/io/parsers/readers.py"", line 1645, in __init__
    self._engine = self._make_engine(f, self.engine)
                   ~~~~~~~~~~~~~~~~~^^^^^^^^^^^^^^^^
  File ""/opt/hostedtoolcache/Python/3.13.13/x64/lib/python3.13/site-packages/pandas/io/parsers/readers.py"", line 1904, in _make_engine
    self.handles = get_handle(
                   ~~~~~~~~~~^
        f,
        ^^
    ...<6 lines>...
        storage_options=self.options.get(""storage_options"", None),
        ^^^^^^^^^^^^^^^^^^^^^^^^^^^^^^^^^^^^^^^^^^^^^^^^^^^^^^^^^^
    )
    ^
  File ""/opt/hostedtoolcache/Python/3.13.13/x64/lib/python3.13/site-packages/pandas/io/common.py"", line 926, in get_handle
    handle = open(
        handle,
    ...<3 lines>...
        newline="""",
    )
FileNotFoundError: [Errno 2] No such file or directory: '/home/runner/work/heatpulse-rajasthan/heatpulse-rajasthan/docs/step9_api_config_template.csv'
"
2026-05-10 14:20:23,,False,fallback_after_fetch_error,/home/runner/work/heatpulse-rajasthan/heatpulse-rajasthan/data/raw/api_daily_weather_20260508.csv,3,0,"API fetch failed.
STDOUT:

STDERR:
Traceback (most recent call last):
  File ""/home/runner/work/heatpulse-rajasthan/heatpulse-rajasthan/scripts/fetch_daily_weather_api.py"", line 18, in <module>
    cfg = pd.read_csv(DOCS / ""step9_api_config_template.csv"")
  File ""/opt/hostedtoolcache/Python/3.13.13/x64/lib/python3.13/site-packages/pandas/io/parsers/readers.py"", line 873, in read_csv
    return _read(filepath_or_buffer, kwds)
  File ""/opt/hostedtoolcache/Python/3.13.13/x64/lib/python3.13/site-packages/pandas/io/parsers/readers.py"", line 300, in _read
    parser = TextFileReader(filepath_or_buffer, **kwds)
  File ""/opt/hostedtoolcache/Python/3.13.13/x64/lib/python3.13/site-packages/pandas/io/parsers/readers.py"", line 1645, in __init__
    self._engine = self._make_engine(f, self.engine)
                   ~~~~~~~~~~~~~~~~~^^^^^^^^^^^^^^^^
  File ""/opt/hostedtoolcache/Python/3.13.13/x64/lib/python3.13/site-packages/pandas/io/parsers/readers.py"", line 1904, in _make_engine
    self.handles = get_handle(
                   ~~~~~~~~~~^
        f,
        ^^
    ...<6 lines>...
        storage_options=self.options.get(""storage_options"", None),
        ^^^^^^^^^^^^^^^^^^^^^^^^^^^^^^^^^^^^^^^^^^^^^^^^^^^^^^^^^^
    )
    ^
  File ""/opt/hostedtoolcache/Python/3.13.13/x64/lib/python3.13/site-packages/pandas/io/common.py"", line 926, in get_handle
    handle = open(
        handle,
    ...<3 lines>...
        newline="""",
    )
FileNotFoundError: [Errno 2] No such file or directory: '/home/runner/work/heatpulse-rajasthan/heatpulse-rajasthan/docs/step9_api_config_template.csv'
"
2026-05-10 17:53:21,,False,fallback_after_fetch_error,/home/runner/work/heatpulse-rajasthan/heatpulse-rajasthan/data/raw/api_daily_weather_20260508.csv,3,0,"API fetch failed.
STDOUT:

STDERR:
Traceback (most recent call last):
  File ""/home/runner/work/heatpulse-rajasthan/heatpulse-rajasthan/scripts/fetch_daily_weather_api.py"", line 18, in <module>
    cfg = pd.read_csv(DOCS / ""step9_api_config_template.csv"")
  File ""/opt/hostedtoolcache/Python/3.13.13/x64/lib/python3.13/site-packages/pandas/io/parsers/readers.py"", line 873, in read_csv
    return _read(filepath_or_buffer, kwds)
  File ""/opt/hostedtoolcache/Python/3.13.13/x64/lib/python3.13/site-packages/pandas/io/parsers/readers.py"", line 300, in _read
    parser = TextFileReader(filepath_or_buffer, **kwds)
  File ""/opt/hostedtoolcache/Python/3.13.13/x64/lib/python3.13/site-packages/pandas/io/parsers/readers.py"", line 1645, in __init__
    self._engine = self._make_engine(f, self.engine)
                   ~~~~~~~~~~~~~~~~~^^^^^^^^^^^^^^^^
  File ""/opt/hostedtoolcache/Python/3.13.13/x64/lib/python3.13/site-packages/pandas/io/parsers/readers.py"", line 1904, in _make_engine
    self.handles = get_handle(
                   ~~~~~~~~~~^
        f,
        ^^
    ...<6 lines>...
        storage_options=self.options.get(""storage_options"", None),
        ^^^^^^^^^^^^^^^^^^^^^^^^^^^^^^^^^^^^^^^^^^^^^^^^^^^^^^^^^^
    )
    ^
  File ""/opt/hostedtoolcache/Python/3.13.13/x64/lib/python3.13/site-packages/pandas/io/common.py"", line 926, in get_handle
    handle = open(
        handle,
    ...<3 lines>...
        newline="""",
    )
FileNotFoundError: [Errno 2] No such file or directory: '/home/runner/work/heatpulse-rajasthan/heatpulse-rajasthan/docs/step9_api_config_template.csv'
"
2026-05-11 04:58:52,,False,fallback_after_fetch_error,/home/runner/work/heatpulse-rajasthan/heatpulse-rajasthan/data/raw/api_daily_weather_20260508.csv,3,0,"API fetch failed.
STDOUT:

STDERR:
Traceback (most recent call last):
  File ""/home/runner/work/heatpulse-rajasthan/heatpulse-rajasthan/scripts/fetch_daily_weather_api.py"", line 18, in <module>
    cfg = pd.read_csv(DOCS / ""step9_api_config_template.csv"")
  File ""/opt/hostedtoolcache/Python/3.13.13/x64/lib/python3.13/site-packages/pandas/io/parsers/readers.py"", line 873, in read_csv
    return _read(filepath_or_buffer, kwds)
  File ""/opt/hostedtoolcache/Python/3.13.13/x64/lib/python3.13/site-packages/pandas/io/parsers/readers.py"", line 300, in _read
    parser = TextFileReader(filepath_or_buffer, **kwds)
  File ""/opt/hostedtoolcache/Python/3.13.13/x64/lib/python3.13/site-packages/pandas/io/parsers/readers.py"", line 1645, in __init__
    self._engine = self._make_engine(f, self.engine)
                   ~~~~~~~~~~~~~~~~~^^^^^^^^^^^^^^^^
  File ""/opt/hostedtoolcache/Python/3.13.13/x64/lib/python3.13/site-packages/pandas/io/parsers/readers.py"", line 1904, in _make_engine
    self.handles = get_handle(
                   ~~~~~~~~~~^
        f,
        ^^
    ...<6 lines>...
        storage_options=self.options.get(""storage_options"", None),
        ^^^^^^^^^^^^^^^^^^^^^^^^^^^^^^^^^^^^^^^^^^^^^^^^^^^^^^^^^^
    )
    ^
  File ""/opt/hostedtoolcache/Python/3.13.13/x64/lib/python3.13/site-packages/pandas/io/common.py"", line 926, in get_handle
    handle = open(
        handle,
    ...<3 lines>...
        newline="""",
    )
FileNotFoundError: [Errno 2] No such file or directory: '/home/runner/work/heatpulse-rajasthan/heatpulse-rajasthan/docs/step9_api_config_template.csv'
"
2026-05-11 08:31:02,,False,fallback_after_fetch_error,/home/runner/work/heatpulse-rajasthan/heatpulse-rajasthan/data/raw/api_daily_weather_20260508.csv,3,0,"API fetch failed.
STDOUT:

STDERR:
Traceback (most recent call last):
  File ""/home/runner/work/heatpulse-rajasthan/heatpulse-rajasthan/scripts/fetch_daily_weather_api.py"", line 18, in <module>
    cfg = pd.read_csv(DOCS / ""step9_api_config_template.csv"")
  File ""/opt/hostedtoolcache/Python/3.13.13/x64/lib/python3.13/site-packages/pandas/io/parsers/readers.py"", line 873, in read_csv
    return _read(filepath_or_buffer, kwds)
  File ""/opt/hostedtoolcache/Python/3.13.13/x64/lib/python3.13/site-packages/pandas/io/parsers/readers.py"", line 300, in _read
    parser = TextFileReader(filepath_or_buffer, **kwds)
  File ""/opt/hostedtoolcache/Python/3.13.13/x64/lib/python3.13/site-packages/pandas/io/parsers/readers.py"", line 1645, in __init__
    self._engine = self._make_engine(f, self.engine)
                   ~~~~~~~~~~~~~~~~~^^^^^^^^^^^^^^^^
  File ""/opt/hostedtoolcache/Python/3.13.13/x64/lib/python3.13/site-packages/pandas/io/parsers/readers.py"", line 1904, in _make_engine
    self.handles = get_handle(
                   ~~~~~~~~~~^
        f,
        ^^
    ...<6 lines>...
        storage_options=self.options.get(""storage_options"", None),
        ^^^^^^^^^^^^^^^^^^^^^^^^^^^^^^^^^^^^^^^^^^^^^^^^^^^^^^^^^^
    )
    ^
  File ""/opt/hostedtoolcache/Python/3.13.13/x64/lib/python3.13/site-packages/pandas/io/common.py"", line 926, in get_handle
    handle = open(
        handle,
    ...<3 lines>...
        newline="""",
    )
FileNotFoundError: [Errno 2] No such file or directory: '/home/runner/work/heatpulse-rajasthan/heatpulse-rajasthan/docs/step9_api_config_template.csv'
"
2026-05-11 12:12:28,,False,fallback_after_fetch_error,/home/runner/work/heatpulse-rajasthan/heatpulse-rajasthan/data/raw/api_daily_weather_20260508.csv,3,0,"API fetch failed.
STDOUT:

STDERR:
Traceback (most recent call last):
  File ""/home/runner/work/heatpulse-rajasthan/heatpulse-rajasthan/scripts/fetch_daily_weather_api.py"", line 18, in <module>
    cfg = pd.read_csv(DOCS / ""step9_api_config_template.csv"")
  File ""/opt/hostedtoolcache/Python/3.13.13/x64/lib/python3.13/site-packages/pandas/io/parsers/readers.py"", line 873, in read_csv
    return _read(filepath_or_buffer, kwds)
  File ""/opt/hostedtoolcache/Python/3.13.13/x64/lib/python3.13/site-packages/pandas/io/parsers/readers.py"", line 300, in _read
    parser = TextFileReader(filepath_or_buffer, **kwds)
  File ""/opt/hostedtoolcache/Python/3.13.13/x64/lib/python3.13/site-packages/pandas/io/parsers/readers.py"", line 1645, in __init__
    self._engine = self._make_engine(f, self.engine)
                   ~~~~~~~~~~~~~~~~~^^^^^^^^^^^^^^^^
  File ""/opt/hostedtoolcache/Python/3.13.13/x64/lib/python3.13/site-packages/pandas/io/parsers/readers.py"", line 1904, in _make_engine
    self.handles = get_handle(
                   ~~~~~~~~~~^
        f,
        ^^
    ...<6 lines>...
        storage_options=self.options.get(""storage_options"", None),
        ^^^^^^^^^^^^^^^^^^^^^^^^^^^^^^^^^^^^^^^^^^^^^^^^^^^^^^^^^^
    )
    ^
  File ""/opt/hostedtoolcache/Python/3.13.13/x64/lib/python3.13/site-packages/pandas/io/common.py"", line 926, in get_handle
    handle = open(
        handle,
    ...<3 lines>...
        newline="""",
    )
FileNotFoundError: [Errno 2] No such file or directory: '/home/runner/work/heatpulse-rajasthan/heatpulse-rajasthan/docs/step9_api_config_template.csv'
"
2026-05-11 15:56:53,,False,fallback_after_fetch_error,/home/runner/work/heatpulse-rajasthan/heatpulse-rajasthan/data/raw/api_daily_weather_20260508.csv,3,0,"API fetch failed.
STDOUT:

STDERR:
Traceback (most recent call last):
  File ""/home/runner/work/heatpulse-rajasthan/heatpulse-rajasthan/scripts/fetch_daily_weather_api.py"", line 18, in <module>
    cfg = pd.read_csv(DOCS / ""step9_api_config_template.csv"")
  File ""/opt/hostedtoolcache/Python/3.13.13/x64/lib/python3.13/site-packages/pandas/io/parsers/readers.py"", line 873, in read_csv
    return _read(filepath_or_buffer, kwds)
  File ""/opt/hostedtoolcache/Python/3.13.13/x64/lib/python3.13/site-packages/pandas/io/parsers/readers.py"", line 300, in _read
    parser = TextFileReader(filepath_or_buffer, **kwds)
  File ""/opt/hostedtoolcache/Python/3.13.13/x64/lib/python3.13/site-packages/pandas/io/parsers/readers.py"", line 1645, in __init__
    self._engine = self._make_engine(f, self.engine)
                   ~~~~~~~~~~~~~~~~~^^^^^^^^^^^^^^^^
  File ""/opt/hostedtoolcache/Python/3.13.13/x64/lib/python3.13/site-packages/pandas/io/parsers/readers.py"", line 1904, in _make_engine
    self.handles = get_handle(
                   ~~~~~~~~~~^
        f,
        ^^
    ...<6 lines>...
        storage_options=self.options.get(""storage_options"", None),
        ^^^^^^^^^^^^^^^^^^^^^^^^^^^^^^^^^^^^^^^^^^^^^^^^^^^^^^^^^^
    )
    ^
  File ""/opt/hostedtoolcache/Python/3.13.13/x64/lib/python3.13/site-packages/pandas/io/common.py"", line 926, in get_handle
    handle = open(
        handle,
    ...<3 lines>...
        newline="""",
    )
FileNotFoundError: [Errno 2] No such file or directory: '/home/runner/work/heatpulse-rajasthan/heatpulse-rajasthan/docs/step9_api_config_template.csv'
"
2026-05-11 18:59:17,,False,fallback_after_fetch_error,/home/runner/work/heatpulse-rajasthan/heatpulse-rajasthan/data/raw/api_daily_weather_20260508.csv,3,0,"API fetch failed.
STDOUT:

STDERR:
Traceback (most recent call last):
  File ""/home/runner/work/heatpulse-rajasthan/heatpulse-rajasthan/scripts/fetch_daily_weather_api.py"", line 18, in <module>
    cfg = pd.read_csv(DOCS / ""step9_api_config_template.csv"")
  File ""/opt/hostedtoolcache/Python/3.13.13/x64/lib/python3.13/site-packages/pandas/io/parsers/readers.py"", line 873, in read_csv
    return _read(filepath_or_buffer, kwds)
  File ""/opt/hostedtoolcache/Python/3.13.13/x64/lib/python3.13/site-packages/pandas/io/parsers/readers.py"", line 300, in _read
    parser = TextFileReader(filepath_or_buffer, **kwds)
  File ""/opt/hostedtoolcache/Python/3.13.13/x64/lib/python3.13/site-packages/pandas/io/parsers/readers.py"", line 1645, in __init__
    self._engine = self._make_engine(f, self.engine)
                   ~~~~~~~~~~~~~~~~~^^^^^^^^^^^^^^^^
  File ""/opt/hostedtoolcache/Python/3.13.13/x64/lib/python3.13/site-packages/pandas/io/parsers/readers.py"", line 1904, in _make_engine
    self.handles = get_handle(
                   ~~~~~~~~~~^
        f,
        ^^
    ...<6 lines>...
        storage_options=self.options.get(""storage_options"", None),
        ^^^^^^^^^^^^^^^^^^^^^^^^^^^^^^^^^^^^^^^^^^^^^^^^^^^^^^^^^^
    )
    ^
  File ""/opt/hostedtoolcache/Python/3.13.13/x64/lib/python3.13/site-packages/pandas/io/common.py"", line 930, in get_handle
    handle = open(
        handle,
    ...<3 lines>...
        newline="""",
    )
FileNotFoundError: [Errno 2] No such file or directory: '/home/runner/work/heatpulse-rajasthan/heatpulse-rajasthan/docs/step9_api_config_template.csv'
"
2026-05-12 04:36:14,,False,fallback_after_fetch_error,/home/runner/work/heatpulse-rajasthan/heatpulse-rajasthan/data/raw/api_daily_weather_20260508.csv,3,0,"API fetch failed.
STDOUT:

STDERR:
Traceback (most recent call last):
  File ""/home/runner/work/heatpulse-rajasthan/heatpulse-rajasthan/scripts/fetch_daily_weather_api.py"", line 18, in <module>
    cfg = pd.read_csv(DOCS / ""step9_api_config_template.csv"")
  File ""/opt/hostedtoolcache/Python/3.13.13/x64/lib/python3.13/site-packages/pandas/io/parsers/readers.py"", line 873, in read_csv
    return _read(filepath_or_buffer, kwds)
  File ""/opt/hostedtoolcache/Python/3.13.13/x64/lib/python3.13/site-packages/pandas/io/parsers/readers.py"", line 300, in _read
    parser = TextFileReader(filepath_or_buffer, **kwds)
  File ""/opt/hostedtoolcache/Python/3.13.13/x64/lib/python3.13/site-packages/pandas/io/parsers/readers.py"", line 1645, in __init__
    self._engine = self._make_engine(f, self.engine)
                   ~~~~~~~~~~~~~~~~~^^^^^^^^^^^^^^^^
  File ""/opt/hostedtoolcache/Python/3.13.13/x64/lib/python3.13/site-packages/pandas/io/parsers/readers.py"", line 1904, in _make_engine
    self.handles = get_handle(
                   ~~~~~~~~~~^
        f,
        ^^
    ...<6 lines>...
        storage_options=self.options.get(""storage_options"", None),
        ^^^^^^^^^^^^^^^^^^^^^^^^^^^^^^^^^^^^^^^^^^^^^^^^^^^^^^^^^^
    )
    ^
  File ""/opt/hostedtoolcache/Python/3.13.13/x64/lib/python3.13/site-packages/pandas/io/common.py"", line 930, in get_handle
    handle = open(
        handle,
    ...<3 lines>...
        newline="""",
    )
FileNotFoundError: [Errno 2] No such file or directory: '/home/runner/work/heatpulse-rajasthan/heatpulse-rajasthan/docs/step9_api_config_template.csv'
"
2026-05-12 04:45:11,,False,fallback_after_fetch_error,/home/runner/work/heatpulse-rajasthan/heatpulse-rajasthan/data/raw/api_daily_weather_20260508.csv,3,0,"API fetch failed.
STDOUT:

STDERR:
Traceback (most recent call last):
  File ""/home/runner/work/heatpulse-rajasthan/heatpulse-rajasthan/scripts/fetch_daily_weather_api.py"", line 18, in <module>
    cfg = pd.read_csv(DOCS / ""step9_api_config_template.csv"")
  File ""/opt/hostedtoolcache/Python/3.13.13/x64/lib/python3.13/site-packages/pandas/io/parsers/readers.py"", line 873, in read_csv
    return _read(filepath_or_buffer, kwds)
  File ""/opt/hostedtoolcache/Python/3.13.13/x64/lib/python3.13/site-packages/pandas/io/parsers/readers.py"", line 300, in _read
    parser = TextFileReader(filepath_or_buffer, **kwds)
  File ""/opt/hostedtoolcache/Python/3.13.13/x64/lib/python3.13/site-packages/pandas/io/parsers/readers.py"", line 1645, in __init__
    self._engine = self._make_engine(f, self.engine)
                   ~~~~~~~~~~~~~~~~~^^^^^^^^^^^^^^^^
  File ""/opt/hostedtoolcache/Python/3.13.13/x64/lib/python3.13/site-packages/pandas/io/parsers/readers.py"", line 1904, in _make_engine
    self.handles = get_handle(
                   ~~~~~~~~~~^
        f,
        ^^
    ...<6 lines>...
        storage_options=self.options.get(""storage_options"", None),
        ^^^^^^^^^^^^^^^^^^^^^^^^^^^^^^^^^^^^^^^^^^^^^^^^^^^^^^^^^^
    )
    ^
  File ""/opt/hostedtoolcache/Python/3.13.13/x64/lib/python3.13/site-packages/pandas/io/common.py"", line 930, in get_handle
    handle = open(
        handle,
    ...<3 lines>...
        newline="""",
    )
FileNotFoundError: [Errno 2] No such file or directory: '/home/runner/work/heatpulse-rajasthan/heatpulse-rajasthan/docs/step9_api_config_template.csv'
"
2026-05-12 04:55:23,,False,fallback_after_fetch_error,/home/runner/work/heatpulse-rajasthan/heatpulse-rajasthan/data/raw/api_daily_weather_20260512.csv,5,0,"API fetch failed.
STDOUT:

STDERR:
Traceback (most recent call last):
  File ""/home/runner/work/heatpulse-rajasthan/heatpulse-rajasthan/scripts/fetch_daily_weather_api.py"", line 18, in <module>
    cfg = pd.read_csv(DOCS / ""step9_api_config_template.csv"")
  File ""/opt/hostedtoolcache/Python/3.13.13/x64/lib/python3.13/site-packages/pandas/io/parsers/readers.py"", line 873, in read_csv
    return _read(filepath_or_buffer, kwds)
  File ""/opt/hostedtoolcache/Python/3.13.13/x64/lib/python3.13/site-packages/pandas/io/parsers/readers.py"", line 300, in _read
    parser = TextFileReader(filepath_or_buffer, **kwds)
  File ""/opt/hostedtoolcache/Python/3.13.13/x64/lib/python3.13/site-packages/pandas/io/parsers/readers.py"", line 1645, in __init__
    self._engine = self._make_engine(f, self.engine)
                   ~~~~~~~~~~~~~~~~~^^^^^^^^^^^^^^^^
  File ""/opt/hostedtoolcache/Python/3.13.13/x64/lib/python3.13/site-packages/pandas/io/parsers/readers.py"", line 1904, in _make_engine
    self.handles = get_handle(
                   ~~~~~~~~~~^
        f,
        ^^
    ...<6 lines>...
        storage_options=self.options.get(""storage_options"", None),
        ^^^^^^^^^^^^^^^^^^^^^^^^^^^^^^^^^^^^^^^^^^^^^^^^^^^^^^^^^^
    )
    ^
  File ""/opt/hostedtoolcache/Python/3.13.13/x64/lib/python3.13/site-packages/pandas/io/common.py"", line 930, in get_handle
    handle = open(
        handle,
    ...<3 lines>...
        newline="""",
    )
FileNotFoundError: [Errno 2] No such file or directory: '/home/runner/work/heatpulse-rajasthan/heatpulse-rajasthan/docs/step9_api_config_template.csv'
"
2026-05-12 05:01:08,,False,fallback_after_fetch_error,/home/runner/work/heatpulse-rajasthan/heatpulse-rajasthan/data/raw/api_daily_weather_20260512.csv,5,0,"API fetch failed.
STDOUT:

STDERR:
Traceback (most recent call last):
  File ""/home/runner/work/heatpulse-rajasthan/heatpulse-rajasthan/scripts/fetch_daily_weather_api.py"", line 18, in <module>
    cfg = pd.read_csv(DOCS / ""step9_api_config_template.csv"")
  File ""/opt/hostedtoolcache/Python/3.13.13/x64/lib/python3.13/site-packages/pandas/io/parsers/readers.py"", line 873, in read_csv
    return _read(filepath_or_buffer, kwds)
  File ""/opt/hostedtoolcache/Python/3.13.13/x64/lib/python3.13/site-packages/pandas/io/parsers/readers.py"", line 300, in _read
    parser = TextFileReader(filepath_or_buffer, **kwds)
  File ""/opt/hostedtoolcache/Python/3.13.13/x64/lib/python3.13/site-packages/pandas/io/parsers/readers.py"", line 1645, in __init__
    self._engine = self._make_engine(f, self.engine)
                   ~~~~~~~~~~~~~~~~~^^^^^^^^^^^^^^^^
  File ""/opt/hostedtoolcache/Python/3.13.13/x64/lib/python3.13/site-packages/pandas/io/parsers/readers.py"", line 1904, in _make_engine
    self.handles = get_handle(
                   ~~~~~~~~~~^
        f,
        ^^
    ...<6 lines>...
        storage_options=self.options.get(""storage_options"", None),
        ^^^^^^^^^^^^^^^^^^^^^^^^^^^^^^^^^^^^^^^^^^^^^^^^^^^^^^^^^^
    )
    ^
  File ""/opt/hostedtoolcache/Python/3.13.13/x64/lib/python3.13/site-packages/pandas/io/common.py"", line 930, in get_handle
    handle = open(
        handle,
    ...<3 lines>...
        newline="""",
    )
FileNotFoundError: [Errno 2] No such file or directory: '/home/runner/work/heatpulse-rajasthan/heatpulse-rajasthan/docs/step9_api_config_template.csv'
"
2026-05-12 06:58:27,/home/runner/work/heatpulse-rajasthan/heatpulse-rajasthan/data/raw/api_daily_weather_20260512.csv,True,live_valid,/home/runner/work/heatpulse-rajasthan/heatpulse-rajasthan/data/raw/api_daily_weather_20260512.csv,5,0,ok
2026-05-12 07:26:51,/home/runner/work/heatpulse-rajasthan/heatpulse-rajasthan/data/raw/api_daily_weather_20260512.csv,True,live_valid,/home/runner/work/heatpulse-rajasthan/heatpulse-rajasthan/data/raw/api_daily_weather_20260512.csv,5,0,ok
2026-05-12 07:43:03,/home/runner/work/heatpulse-rajasthan/heatpulse-rajasthan/data/raw/api_daily_weather_20260512.csv,True,live_valid,/home/runner/work/heatpulse-rajasthan/heatpulse-rajasthan/data/raw/api_daily_weather_20260512.csv,5,0,ok
2026-05-12 09:25:14,/home/runner/work/heatpulse-rajasthan/heatpulse-rajasthan/data/raw/api_daily_weather_20260512.csv,True,live_valid,/home/runner/work/heatpulse-rajasthan/heatpulse-rajasthan/data/raw/api_daily_weather_20260512.csv,5,0,ok
2026-05-12 09:47:57,/home/runner/work/heatpulse-rajasthan/heatpulse-rajasthan/data/raw/api_daily_weather_20260512.csv,True,live_valid,/home/runner/work/heatpulse-rajasthan/heatpulse-rajasthan/data/raw/api_daily_weather_20260512.csv,5,0,ok
2026-05-12 10:03:20,/home/runner/work/heatpulse-rajasthan/heatpulse-rajasthan/data/raw/api_daily_weather_20260512.csv,True,live_valid,/home/runner/work/heatpulse-rajasthan/heatpulse-rajasthan/data/raw/api_daily_weather_20260512.csv,5,0,ok
2026-05-12 10:33:39,/home/runner/work/heatpulse-rajasthan/heatpulse-rajasthan/data/raw/api_daily_weather_20260512.csv,True,live_valid,/home/runner/work/heatpulse-rajasthan/heatpulse-rajasthan/data/raw/api_daily_weather_20260512.csv,5,0,ok
2026-05-12 10:50:15,/home/runner/work/heatpulse-rajasthan/heatpulse-rajasthan/data/raw/api_daily_weather_20260512.csv,True,live_valid,/home/runner/work/heatpulse-rajasthan/heatpulse-rajasthan/data/raw/api_daily_weather_20260512.csv,5,0,ok
2026-05-12 11:22:46,/home/runner/work/heatpulse-rajasthan/heatpulse-rajasthan/data/raw/api_daily_weather_20260512.csv,True,live_valid,/home/runner/work/heatpulse-rajasthan/heatpulse-rajasthan/data/raw/api_daily_weather_20260512.csv,5,0,ok
2026-05-12 13:51:11,/home/runner/work/heatpulse-rajasthan/heatpulse-rajasthan/data/raw/api_daily_weather_20260512.csv,True,live_valid,/home/runner/work/heatpulse-rajasthan/heatpulse-rajasthan/data/raw/api_daily_weather_20260512.csv,5,0,ok
2026-05-12 15:40:33,/home/runner/work/heatpulse-rajasthan/heatpulse-rajasthan/data/raw/api_daily_weather_20260512.csv,True,live_valid,/home/runner/work/heatpulse-rajasthan/heatpulse-rajasthan/data/raw/api_daily_weather_20260512.csv,5,0,ok
2026-05-12 18:56:51,/home/runner/work/heatpulse-rajasthan/heatpulse-rajasthan/data/raw/api_daily_weather_20260512.csv,True,live_valid,/home/runner/work/heatpulse-rajasthan/heatpulse-rajasthan/data/raw/api_daily_weather_20260512.csv,5,0,ok
2026-05-13 04:45:01,/home/runner/work/heatpulse-rajasthan/heatpulse-rajasthan/data/raw/api_daily_weather_20260513.csv,True,live_valid,/home/runner/work/heatpulse-rajasthan/heatpulse-rajasthan/data/raw/api_daily_weather_20260513.csv,6,0,ok
2026-05-13 07:50:32,/home/runner/work/heatpulse-rajasthan/heatpulse-rajasthan/data/raw/api_daily_weather_20260513.csv,True,live_valid,/home/runner/work/heatpulse-rajasthan/heatpulse-rajasthan/data/raw/api_daily_weather_20260513.csv,6,0,ok
2026-05-13 11:31:15,/home/runner/work/heatpulse-rajasthan/heatpulse-rajasthan/data/raw/api_daily_weather_20260513.csv,True,live_valid,/home/runner/work/heatpulse-rajasthan/heatpulse-rajasthan/data/raw/api_daily_weather_20260513.csv,6,0,ok
2026-05-13 15:44:46,/home/runner/work/heatpulse-rajasthan/heatpulse-rajasthan/data/raw/api_daily_weather_20260513.csv,True,live_valid,/home/runner/work/heatpulse-rajasthan/heatpulse-rajasthan/data/raw/api_daily_weather_20260513.csv,6,0,ok
2026-05-13 18:56:58,/home/runner/work/heatpulse-rajasthan/heatpulse-rajasthan/data/raw/api_daily_weather_20260513.csv,True,live_valid,/home/runner/work/heatpulse-rajasthan/heatpulse-rajasthan/data/raw/api_daily_weather_20260513.csv,6,0,ok
2026-05-14 04:43:20,/home/runner/work/heatpulse-rajasthan/heatpulse-rajasthan/data/raw/api_daily_weather_20260514.csv,True,live_valid,/home/runner/work/heatpulse-rajasthan/heatpulse-rajasthan/data/raw/api_daily_weather_20260514.csv,7,0,ok
2026-05-14 07:43:22,/home/runner/work/heatpulse-rajasthan/heatpulse-rajasthan/data/raw/api_daily_weather_20260514.csv,True,live_valid,/home/runner/work/heatpulse-rajasthan/heatpulse-rajasthan/data/raw/api_daily_weather_20260514.csv,7,0,ok
2026-05-14 11:14:06,/home/runner/work/heatpulse-rajasthan/heatpulse-rajasthan/data/raw/api_daily_weather_20260514.csv,True,live_valid,/home/runner/work/heatpulse-rajasthan/heatpulse-rajasthan/data/raw/api_daily_weather_20260514.csv,7,0,ok
2026-05-14 15:20:39,/home/runner/work/heatpulse-rajasthan/heatpulse-rajasthan/data/raw/api_daily_weather_20260514.csv,True,live_valid,/home/runner/work/heatpulse-rajasthan/heatpulse-rajasthan/data/raw/api_daily_weather_20260514.csv,7,0,ok
2026-05-14 18:55:09,/home/runner/work/heatpulse-rajasthan/heatpulse-rajasthan/data/raw/api_daily_weather_20260514.csv,True,live_valid,/home/runner/work/heatpulse-rajasthan/heatpulse-rajasthan/data/raw/api_daily_weather_20260514.csv,7,0,ok
2026-05-15 04:51:22,/home/runner/work/heatpulse-rajasthan/heatpulse-rajasthan/data/raw/api_daily_weather_20260515.csv,True,live_valid,/home/runner/work/heatpulse-rajasthan/heatpulse-rajasthan/data/raw/api_daily_weather_20260515.csv,8,0,ok
2026-05-15 07:52:45,/home/runner/work/heatpulse-rajasthan/heatpulse-rajasthan/data/raw/api_daily_weather_20260515.csv,True,live_valid,/home/runner/work/heatpulse-rajasthan/heatpulse-rajasthan/data/raw/api_daily_weather_20260515.csv,8,0,ok
2026-05-15 11:22:24,/home/runner/work/heatpulse-rajasthan/heatpulse-rajasthan/data/raw/api_daily_weather_20260515.csv,True,live_valid,/home/runner/work/heatpulse-rajasthan/heatpulse-rajasthan/data/raw/api_daily_weather_20260515.csv,8,0,ok
2026-05-15 15:15:24,/home/runner/work/heatpulse-rajasthan/heatpulse-rajasthan/data/raw/api_daily_weather_20260515.csv,True,live_valid,/home/runner/work/heatpulse-rajasthan/heatpulse-rajasthan/data/raw/api_daily_weather_20260515.csv,8,0,ok
2026-05-15 18:23:56,/home/runner/work/heatpulse-rajasthan/heatpulse-rajasthan/data/raw/api_daily_weather_20260515.csv,True,live_valid,/home/runner/work/heatpulse-rajasthan/heatpulse-rajasthan/data/raw/api_daily_weather_20260515.csv,8,0,ok
2026-05-16 04:29:20,/home/runner/work/heatpulse-rajasthan/heatpulse-rajasthan/data/raw/api_daily_weather_20260516.csv,True,live_valid,/home/runner/work/heatpulse-rajasthan/heatpulse-rajasthan/data/raw/api_daily_weather_20260516.csv,9,0,ok
2026-05-16 07:15:31,/home/runner/work/heatpulse-rajasthan/heatpulse-rajasthan/data/raw/api_daily_weather_20260516.csv,True,live_valid,/home/runner/work/heatpulse-rajasthan/heatpulse-rajasthan/data/raw/api_daily_weather_20260516.csv,9,0,ok
2026-05-16 10:16:56,/home/runner/work/heatpulse-rajasthan/heatpulse-rajasthan/data/raw/api_daily_weather_20260516.csv,True,live_valid,/home/runner/work/heatpulse-rajasthan/heatpulse-rajasthan/data/raw/api_daily_weather_20260516.csv,9,0,ok
2026-05-16 14:22:28,/home/runner/work/heatpulse-rajasthan/heatpulse-rajasthan/data/raw/api_daily_weather_20260516.csv,True,live_valid,/home/runner/work/heatpulse-rajasthan/heatpulse-rajasthan/data/raw/api_daily_weather_20260516.csv,9,0,ok
2026-05-16 17:56:11,/home/runner/work/heatpulse-rajasthan/heatpulse-rajasthan/data/raw/api_daily_weather_20260516.csv,True,live_valid,/home/runner/work/heatpulse-rajasthan/heatpulse-rajasthan/data/raw/api_daily_weather_20260516.csv,9,0,ok
2026-05-17 04:53:40,/home/runner/work/heatpulse-rajasthan/heatpulse-rajasthan/data/raw/api_daily_weather_20260517.csv,True,live_valid,/home/runner/work/heatpulse-rajasthan/heatpulse-rajasthan/data/raw/api_daily_weather_20260517.csv,10,0,ok
2026-05-17 07:33:20,/home/runner/work/heatpulse-rajasthan/heatpulse-rajasthan/data/raw/api_daily_weather_20260517.csv,True,live_valid,/home/runner/work/heatpulse-rajasthan/heatpulse-rajasthan/data/raw/api_daily_weather_20260517.csv,10,0,ok
2026-05-17 10:23:32,/home/runner/work/heatpulse-rajasthan/heatpulse-rajasthan/data/raw/api_daily_weather_20260517.csv,True,live_valid,/home/runner/work/heatpulse-rajasthan/heatpulse-rajasthan/data/raw/api_daily_weather_20260517.csv,10,0,ok
2026-05-17 14:26:17,/home/runner/work/heatpulse-rajasthan/heatpulse-rajasthan/data/raw/api_daily_weather_20260517.csv,True,live_valid,/home/runner/work/heatpulse-rajasthan/heatpulse-rajasthan/data/raw/api_daily_weather_20260517.csv,10,0,ok
2026-05-17 17:58:39,/home/runner/work/heatpulse-rajasthan/heatpulse-rajasthan/data/raw/api_daily_weather_20260517.csv,True,live_valid,/home/runner/work/heatpulse-rajasthan/heatpulse-rajasthan/data/raw/api_daily_weather_20260517.csv,10,0,ok
2026-05-18 05:06:56,/home/runner/work/heatpulse-rajasthan/heatpulse-rajasthan/data/raw/api_daily_weather_20260518.csv,True,live_valid,/home/runner/work/heatpulse-rajasthan/heatpulse-rajasthan/data/raw/api_daily_weather_20260518.csv,11,0,ok
2026-05-18 12:33:12,/home/runner/work/heatpulse-rajasthan/heatpulse-rajasthan/data/raw/api_daily_weather_20260518.csv,True,live_valid,/home/runner/work/heatpulse-rajasthan/heatpulse-rajasthan/data/raw/api_daily_weather_20260518.csv,11,0,ok
2026-05-18 16:25:03,/home/runner/work/heatpulse-rajasthan/heatpulse-rajasthan/data/raw/api_daily_weather_20260518.csv,True,live_valid,/home/runner/work/heatpulse-rajasthan/heatpulse-rajasthan/data/raw/api_daily_weather_20260518.csv,11,0,ok
2026-05-18 18:52:54,/home/runner/work/heatpulse-rajasthan/heatpulse-rajasthan/data/raw/api_daily_weather_20260518.csv,True,live_valid,/home/runner/work/heatpulse-rajasthan/heatpulse-rajasthan/data/raw/api_daily_weather_20260518.csv,11,0,ok
2026-05-19 05:02:38,/home/runner/work/heatpulse-rajasthan/heatpulse-rajasthan/data/raw/api_daily_weather_20260519.csv,True,live_valid,/home/runner/work/heatpulse-rajasthan/heatpulse-rajasthan/data/raw/api_daily_weather_20260519.csv,12,0,ok
2026-05-19 12:12:41,/home/runner/work/heatpulse-rajasthan/heatpulse-rajasthan/data/raw/api_daily_weather_20260519.csv,True,live_valid,/home/runner/work/heatpulse-rajasthan/heatpulse-rajasthan/data/raw/api_daily_weather_20260519.csv,12,0,ok
2026-05-19 16:22:02,/home/runner/work/heatpulse-rajasthan/heatpulse-rajasthan/data/raw/api_daily_weather_20260519.csv,True,live_valid,/home/runner/work/heatpulse-rajasthan/heatpulse-rajasthan/data/raw/api_daily_weather_20260519.csv,12,0,ok
2026-05-19 19:01:48,/home/runner/work/heatpulse-rajasthan/heatpulse-rajasthan/data/raw/api_daily_weather_20260519.csv,True,live_valid,/home/runner/work/heatpulse-rajasthan/heatpulse-rajasthan/data/raw/api_daily_weather_20260519.csv,12,0,ok
2026-05-20 05:05:43,/home/runner/work/heatpulse-rajasthan/heatpulse-rajasthan/data/raw/api_daily_weather_20260520.csv,True,live_valid,/home/runner/work/heatpulse-rajasthan/heatpulse-rajasthan/data/raw/api_daily_weather_20260520.csv,13,0,ok
2026-05-20 11:50:06,/home/runner/work/heatpulse-rajasthan/heatpulse-rajasthan/data/raw/api_daily_weather_20260520.csv,True,live_valid,/home/runner/work/heatpulse-rajasthan/heatpulse-rajasthan/data/raw/api_daily_weather_20260520.csv,13,0,ok
2026-05-20 16:30:32,/home/runner/work/heatpulse-rajasthan/heatpulse-rajasthan/data/raw/api_daily_weather_20260520.csv,True,live_valid,/home/runner/work/heatpulse-rajasthan/heatpulse-rajasthan/data/raw/api_daily_weather_20260520.csv,13,0,ok
2026-05-20 19:26:15,/home/runner/work/heatpulse-rajasthan/heatpulse-rajasthan/data/raw/api_daily_weather_20260520.csv,True,live_valid,/home/runner/work/heatpulse-rajasthan/heatpulse-rajasthan/data/raw/api_daily_weather_20260520.csv,13,0,ok
2026-05-21 05:10:01,/home/runner/work/heatpulse-rajasthan/heatpulse-rajasthan/data/raw/api_daily_weather_20260521.csv,True,live_valid,/home/runner/work/heatpulse-rajasthan/heatpulse-rajasthan/data/raw/api_daily_weather_20260521.csv,14,0,ok
2026-05-21 12:15:38,/home/runner/work/heatpulse-rajasthan/heatpulse-rajasthan/data/raw/api_daily_weather_20260521.csv,True,live_valid,/home/runner/work/heatpulse-rajasthan/heatpulse-rajasthan/data/raw/api_daily_weather_20260521.csv,14,0,ok
2026-05-21 16:16:08,/home/runner/work/heatpulse-rajasthan/heatpulse-rajasthan/data/raw/api_daily_weather_20260521.csv,True,live_valid,/home/runner/work/heatpulse-rajasthan/heatpulse-rajasthan/data/raw/api_daily_weather_20260521.csv,14,0,ok
2026-05-21 19:02:15,/home/runner/work/heatpulse-rajasthan/heatpulse-rajasthan/data/raw/api_daily_weather_20260521.csv,True,live_valid,/home/runner/work/heatpulse-rajasthan/heatpulse-rajasthan/data/raw/api_daily_weather_20260521.csv,14,0,ok
2026-05-22 05:01:47,/home/runner/work/heatpulse-rajasthan/heatpulse-rajasthan/data/raw/api_daily_weather_20260522.csv,True,live_valid,/home/runner/work/heatpulse-rajasthan/heatpulse-rajasthan/data/raw/api_daily_weather_20260522.csv,15,0,ok
2026-05-22 11:46:32,/home/runner/work/heatpulse-rajasthan/heatpulse-rajasthan/data/raw/api_daily_weather_20260522.csv,True,live_valid,/home/runner/work/heatpulse-rajasthan/heatpulse-rajasthan/data/raw/api_daily_weather_20260522.csv,15,0,ok
2026-05-22 15:48:57,/home/runner/work/heatpulse-rajasthan/heatpulse-rajasthan/data/raw/api_daily_weather_20260522.csv,True,live_valid,/home/runner/work/heatpulse-rajasthan/heatpulse-rajasthan/data/raw/api_daily_weather_20260522.csv,15,0,ok
2026-05-22 18:55:59,/home/runner/work/heatpulse-rajasthan/heatpulse-rajasthan/data/raw/api_daily_weather_20260522.csv,True,live_valid,/home/runner/work/heatpulse-rajasthan/heatpulse-rajasthan/data/raw/api_daily_weather_20260522.csv,15,0,ok
2026-05-23 04:42:37,/home/runner/work/heatpulse-rajasthan/heatpulse-rajasthan/data/raw/api_daily_weather_20260523.csv,True,live_valid,/home/runner/work/heatpulse-rajasthan/heatpulse-rajasthan/data/raw/api_daily_weather_20260523.csv,16,0,ok
2026-05-23 07:33:08,/home/runner/work/heatpulse-rajasthan/heatpulse-rajasthan/data/raw/api_daily_weather_20260523.csv,True,live_valid,/home/runner/work/heatpulse-rajasthan/heatpulse-rajasthan/data/raw/api_daily_weather_20260523.csv,16,0,ok
2026-05-23 10:27:06,/home/runner/work/heatpulse-rajasthan/heatpulse-rajasthan/data/raw/api_daily_weather_20260523.csv,True,live_valid,/home/runner/work/heatpulse-rajasthan/heatpulse-rajasthan/data/raw/api_daily_weather_20260523.csv,16,0,ok
2026-05-23 14:40:26,/home/runner/work/heatpulse-rajasthan/heatpulse-rajasthan/data/raw/api_daily_weather_20260523.csv,True,live_valid,/home/runner/work/heatpulse-rajasthan/heatpulse-rajasthan/data/raw/api_daily_weather_20260523.csv,16,0,ok
2026-05-23 18:02:30,/home/runner/work/heatpulse-rajasthan/heatpulse-rajasthan/data/raw/api_daily_weather_20260523.csv,True,live_valid,/home/runner/work/heatpulse-rajasthan/heatpulse-rajasthan/data/raw/api_daily_weather_20260523.csv,16,0,ok
2026-05-24 05:02:04,/home/runner/work/heatpulse-rajasthan/heatpulse-rajasthan/data/raw/api_daily_weather_20260524.csv,True,live_valid,/home/runner/work/heatpulse-rajasthan/heatpulse-rajasthan/data/raw/api_daily_weather_20260524.csv,17,0,ok
2026-05-24 10:42:22,/home/runner/work/heatpulse-rajasthan/heatpulse-rajasthan/data/raw/api_daily_weather_20260524.csv,True,live_valid,/home/runner/work/heatpulse-rajasthan/heatpulse-rajasthan/data/raw/api_daily_weather_20260524.csv,17,0,ok
2026-05-24 14:24:59,/home/runner/work/heatpulse-rajasthan/heatpulse-rajasthan/data/raw/api_daily_weather_20260524.csv,True,live_valid,/home/runner/work/heatpulse-rajasthan/heatpulse-rajasthan/data/raw/api_daily_weather_20260524.csv,17,0,ok
2026-05-24 17:58:56,/home/runner/work/heatpulse-rajasthan/heatpulse-rajasthan/data/raw/api_daily_weather_20260524.csv,True,live_valid,/home/runner/work/heatpulse-rajasthan/heatpulse-rajasthan/data/raw/api_daily_weather_20260524.csv,17,0,ok
2026-05-25 05:20:56,/home/runner/work/heatpulse-rajasthan/heatpulse-rajasthan/data/raw/api_daily_weather_20260525.csv,True,live_valid,/home/runner/work/heatpulse-rajasthan/heatpulse-rajasthan/data/raw/api_daily_weather_20260525.csv,18,0,ok
2026-05-25 12:33:00,/home/runner/work/heatpulse-rajasthan/heatpulse-rajasthan/data/raw/api_daily_weather_20260525.csv,True,live_valid,/home/runner/work/heatpulse-rajasthan/heatpulse-rajasthan/data/raw/api_daily_weather_20260525.csv,18,0,ok
2026-05-25 15:51:51,/home/runner/work/heatpulse-rajasthan/heatpulse-rajasthan/data/raw/api_daily_weather_20260525.csv,True,live_valid,/home/runner/work/heatpulse-rajasthan/heatpulse-rajasthan/data/raw/api_daily_weather_20260525.csv,18,0,ok
2026-05-25 18:25:44,/home/runner/work/heatpulse-rajasthan/heatpulse-rajasthan/data/raw/api_daily_weather_20260525.csv,True,live_valid,/home/runner/work/heatpulse-rajasthan/heatpulse-rajasthan/data/raw/api_daily_weather_20260525.csv,18,0,ok
2026-05-26 05:04:23,/home/runner/work/heatpulse-rajasthan/heatpulse-rajasthan/data/raw/api_daily_weather_20260526.csv,True,live_valid,/home/runner/work/heatpulse-rajasthan/heatpulse-rajasthan/data/raw/api_daily_weather_20260526.csv,19,0,ok
2026-05-26 16:43:57,/home/runner/work/heatpulse-rajasthan/heatpulse-rajasthan/data/raw/api_daily_weather_20260526.csv,True,live_valid,/home/runner/work/heatpulse-rajasthan/heatpulse-rajasthan/data/raw/api_daily_weather_20260526.csv,19,0,ok
2026-05-26 19:21:51,/home/runner/work/heatpulse-rajasthan/heatpulse-rajasthan/data/raw/api_daily_weather_20260526.csv,True,live_valid,/home/runner/work/heatpulse-rajasthan/heatpulse-rajasthan/data/raw/api_daily_weather_20260526.csv,19,0,ok
2026-05-27 05:16:44,/home/runner/work/heatpulse-rajasthan/heatpulse-rajasthan/data/raw/api_daily_weather_20260527.csv,True,live_valid,/home/runner/work/heatpulse-rajasthan/heatpulse-rajasthan/data/raw/api_daily_weather_20260527.csv,20,0,ok
2026-05-27 12:22:05,/home/runner/work/heatpulse-rajasthan/heatpulse-rajasthan/data/raw/api_daily_weather_20260527.csv,True,live_valid,/home/runner/work/heatpulse-rajasthan/heatpulse-rajasthan/data/raw/api_daily_weather_20260527.csv,20,0,ok
2026-05-27 16:38:42,/home/runner/work/heatpulse-rajasthan/heatpulse-rajasthan/data/raw/api_daily_weather_20260527.csv,True,live_valid,/home/runner/work/heatpulse-rajasthan/heatpulse-rajasthan/data/raw/api_daily_weather_20260527.csv,20,0,ok
2026-05-27 19:26:03,/home/runner/work/heatpulse-rajasthan/heatpulse-rajasthan/data/raw/api_daily_weather_20260527.csv,True,live_valid,/home/runner/work/heatpulse-rajasthan/heatpulse-rajasthan/data/raw/api_daily_weather_20260527.csv,20,0,ok
2026-05-28 05:09:27,/home/runner/work/heatpulse-rajasthan/heatpulse-rajasthan/data/raw/api_daily_weather_20260528.csv,True,live_valid,/home/runner/work/heatpulse-rajasthan/heatpulse-rajasthan/data/raw/api_daily_weather_20260528.csv,21,0,ok
2026-05-28 12:28:06,/home/runner/work/heatpulse-rajasthan/heatpulse-rajasthan/data/raw/api_daily_weather_20260528.csv,True,live_valid,/home/runner/work/heatpulse-rajasthan/heatpulse-rajasthan/data/raw/api_daily_weather_20260528.csv,21,0,ok
2026-05-28 16:54:18,/home/runner/work/heatpulse-rajasthan/heatpulse-rajasthan/data/raw/api_daily_weather_20260528.csv,True,live_valid,/home/runner/work/heatpulse-rajasthan/heatpulse-rajasthan/data/raw/api_daily_weather_20260528.csv,21,0,ok
2026-05-28 19:35:52,/home/runner/work/heatpulse-rajasthan/heatpulse-rajasthan/data/raw/api_daily_weather_20260528.csv,True,live_valid,/home/runner/work/heatpulse-rajasthan/heatpulse-rajasthan/data/raw/api_daily_weather_20260528.csv,21,0,ok
2026-05-29 05:14:16,/home/runner/work/heatpulse-rajasthan/heatpulse-rajasthan/data/raw/api_daily_weather_20260529.csv,True,live_valid,/home/runner/work/heatpulse-rajasthan/heatpulse-rajasthan/data/raw/api_daily_weather_20260529.csv,22,0,ok
2026-05-29 12:16:40,/home/runner/work/heatpulse-rajasthan/heatpulse-rajasthan/data/raw/api_daily_weather_20260529.csv,True,live_valid,/home/runner/work/heatpulse-rajasthan/heatpulse-rajasthan/data/raw/api_daily_weather_20260529.csv,22,0,ok
2026-05-29 16:42:19,/home/runner/work/heatpulse-rajasthan/heatpulse-rajasthan/data/raw/api_daily_weather_20260529.csv,True,live_valid,/home/runner/work/heatpulse-rajasthan/heatpulse-rajasthan/data/raw/api_daily_weather_20260529.csv,22,0,ok
2026-05-29 19:32:05,/home/runner/work/heatpulse-rajasthan/heatpulse-rajasthan/data/raw/api_daily_weather_20260529.csv,True,live_valid,/home/runner/work/heatpulse-rajasthan/heatpulse-rajasthan/data/raw/api_daily_weather_20260529.csv,22,0,ok
2026-05-30 04:53:21,/home/runner/work/heatpulse-rajasthan/heatpulse-rajasthan/data/raw/api_daily_weather_20260530.csv,True,live_valid,/home/runner/work/heatpulse-rajasthan/heatpulse-rajasthan/data/raw/api_daily_weather_20260530.csv,23,0,ok
2026-05-30 07:42:02,/home/runner/work/heatpulse-rajasthan/heatpulse-rajasthan/data/raw/api_daily_weather_20260530.csv,True,live_valid,/home/runner/work/heatpulse-rajasthan/heatpulse-rajasthan/data/raw/api_daily_weather_20260530.csv,23,0,ok
2026-05-30 10:11:37,/home/runner/work/heatpulse-rajasthan/heatpulse-rajasthan/data/raw/api_daily_weather_20260530.csv,True,live_valid,/home/runner/work/heatpulse-rajasthan/heatpulse-rajasthan/data/raw/api_daily_weather_20260530.csv,23,0,ok
2026-05-30 10:48:01,/home/runner/work/heatpulse-rajasthan/heatpulse-rajasthan/data/raw/api_daily_weather_20260530.csv,True,live_valid,/home/runner/work/heatpulse-rajasthan/heatpulse-rajasthan/data/raw/api_daily_weather_20260530.csv,23,0,ok
2026-05-30 14:41:40,/home/runner/work/heatpulse-rajasthan/heatpulse-rajasthan/data/raw/api_daily_weather_20260530.csv,True,live_valid,/home/runner/work/heatpulse-rajasthan/heatpulse-rajasthan/data/raw/api_daily_weather_20260530.csv,23,0,ok
2026-05-30 18:02:48,/home/runner/work/heatpulse-rajasthan/heatpulse-rajasthan/data/raw/api_daily_weather_20260530.csv,True,live_valid,/home/runner/work/heatpulse-rajasthan/heatpulse-rajasthan/data/raw/api_daily_weather_20260530.csv,23,0,ok
2026-05-31 05:19:06,/home/runner/work/heatpulse-rajasthan/heatpulse-rajasthan/data/raw/api_daily_weather_20260531.csv,True,live_valid,/home/runner/work/heatpulse-rajasthan/heatpulse-rajasthan/data/raw/api_daily_weather_20260531.csv,24,0,ok
2026-05-31 10:58:23,/home/runner/work/heatpulse-rajasthan/heatpulse-rajasthan/data/raw/api_daily_weather_20260531.csv,True,live_valid,/home/runner/work/heatpulse-rajasthan/heatpulse-rajasthan/data/raw/api_daily_weather_20260531.csv,24,0,ok
2026-05-31 14:46:28,/home/runner/work/heatpulse-rajasthan/heatpulse-rajasthan/data/raw/api_daily_weather_20260531.csv,True,live_valid,/home/runner/work/heatpulse-rajasthan/heatpulse-rajasthan/data/raw/api_daily_weather_20260531.csv,24,0,ok
2026-05-31 18:03:35,/home/runner/work/heatpulse-rajasthan/heatpulse-rajasthan/data/raw/api_daily_weather_20260531.csv,True,live_valid,/home/runner/work/heatpulse-rajasthan/heatpulse-rajasthan/data/raw/api_daily_weather_20260531.csv,24,0,ok
2026-06-01 06:03:29,/home/runner/work/heatpulse-rajasthan/heatpulse-rajasthan/data/raw/api_daily_weather_20260601.csv,True,live_valid,/home/runner/work/heatpulse-rajasthan/heatpulse-rajasthan/data/raw/api_daily_weather_20260601.csv,25,0,ok
2026-06-01 15:22:38,/home/runner/work/heatpulse-rajasthan/heatpulse-rajasthan/data/raw/api_daily_weather_20260601.csv,True,live_valid,/home/runner/work/heatpulse-rajasthan/heatpulse-rajasthan/data/raw/api_daily_weather_20260601.csv,25,0,ok
2026-06-01 20:56:06,/home/runner/work/heatpulse-rajasthan/heatpulse-rajasthan/data/raw/api_daily_weather_20260601.csv,True,live_valid,/home/runner/work/heatpulse-rajasthan/heatpulse-rajasthan/data/raw/api_daily_weather_20260601.csv,25,0,ok
2026-06-02 05:49:48,/home/runner/work/heatpulse-rajasthan/heatpulse-rajasthan/data/raw/api_daily_weather_20260602.csv,True,live_valid,/home/runner/work/heatpulse-rajasthan/heatpulse-rajasthan/data/raw/api_daily_weather_20260602.csv,26,0,ok
2026-06-02 12:43:16,/home/runner/work/heatpulse-rajasthan/heatpulse-rajasthan/data/raw/api_daily_weather_20260602.csv,True,live_valid,/home/runner/work/heatpulse-rajasthan/heatpulse-rajasthan/data/raw/api_daily_weather_20260602.csv,26,0,ok
2026-06-02 17:24:31,/home/runner/work/heatpulse-rajasthan/heatpulse-rajasthan/data/raw/api_daily_weather_20260602.csv,True,live_valid,/home/runner/work/heatpulse-rajasthan/heatpulse-rajasthan/data/raw/api_daily_weather_20260602.csv,26,0,ok
2026-06-03 06:04:48,/home/runner/work/heatpulse-rajasthan/heatpulse-rajasthan/data/raw/api_daily_weather_20260603.csv,True,live_valid,/home/runner/work/heatpulse-rajasthan/heatpulse-rajasthan/data/raw/api_daily_weather_20260603.csv,27,0,ok
2026-06-03 13:18:19,/home/runner/work/heatpulse-rajasthan/heatpulse-rajasthan/data/raw/api_daily_weather_20260603.csv,True,live_valid,/home/runner/work/heatpulse-rajasthan/heatpulse-rajasthan/data/raw/api_daily_weather_20260603.csv,27,0,ok
2026-06-03 20:18:55,/home/runner/work/heatpulse-rajasthan/heatpulse-rajasthan/data/raw/api_daily_weather_20260603.csv,True,live_valid,/home/runner/work/heatpulse-rajasthan/heatpulse-rajasthan/data/raw/api_daily_weather_20260603.csv,27,0,ok
2026-06-04 05:57:18,/home/runner/work/heatpulse-rajasthan/heatpulse-rajasthan/data/raw/api_daily_weather_20260604.csv,True,live_valid,/home/runner/work/heatpulse-rajasthan/heatpulse-rajasthan/data/raw/api_daily_weather_20260604.csv,28,0,ok
2026-06-04 11:55:41,/home/runner/work/heatpulse-rajasthan/heatpulse-rajasthan/data/raw/api_daily_weather_20260604.csv,True,live_valid,/home/runner/work/heatpulse-rajasthan/heatpulse-rajasthan/data/raw/api_daily_weather_20260604.csv,28,0,ok
2026-06-04 16:20:38,/home/runner/work/heatpulse-rajasthan/heatpulse-rajasthan/data/raw/api_daily_weather_20260604.csv,True,live_valid,/home/runner/work/heatpulse-rajasthan/heatpulse-rajasthan/data/raw/api_daily_weather_20260604.csv,28,0,ok
2026-06-04 19:23:52,/home/runner/work/heatpulse-rajasthan/heatpulse-rajasthan/data/raw/api_daily_weather_20260604.csv,True,live_valid,/home/runner/work/heatpulse-rajasthan/heatpulse-rajasthan/data/raw/api_daily_weather_20260604.csv,28,0,ok
2026-06-05 05:18:46,/home/runner/work/heatpulse-rajasthan/heatpulse-rajasthan/data/raw/api_daily_weather_20260605.csv,True,live_valid,/home/runner/work/heatpulse-rajasthan/heatpulse-rajasthan/data/raw/api_daily_weather_20260605.csv,29,0,ok
2026-06-05 12:09:34,/home/runner/work/heatpulse-rajasthan/heatpulse-rajasthan/data/raw/api_daily_weather_20260605.csv,True,live_valid,/home/runner/work/heatpulse-rajasthan/heatpulse-rajasthan/data/raw/api_daily_weather_20260605.csv,29,0,ok
2026-06-05 15:55:11,/home/runner/work/heatpulse-rajasthan/heatpulse-rajasthan/data/raw/api_daily_weather_20260605.csv,True,live_valid,/home/runner/work/heatpulse-rajasthan/heatpulse-rajasthan/data/raw/api_daily_weather_20260605.csv,29,0,ok
2026-06-05 18:58:13,/home/runner/work/heatpulse-rajasthan/heatpulse-rajasthan/data/raw/api_daily_weather_20260605.csv,True,live_valid,/home/runner/work/heatpulse-rajasthan/heatpulse-rajasthan/data/raw/api_daily_weather_20260605.csv,29,0,ok
2026-06-06 04:53:51,/home/runner/work/heatpulse-rajasthan/heatpulse-rajasthan/data/raw/api_daily_weather_20260606.csv,True,live_valid,/home/runner/work/heatpulse-rajasthan/heatpulse-rajasthan/data/raw/api_daily_weather_20260606.csv,30,0,ok
2026-06-06 07:46:23,/home/runner/work/heatpulse-rajasthan/heatpulse-rajasthan/data/raw/api_daily_weather_20260606.csv,True,live_valid,/home/runner/work/heatpulse-rajasthan/heatpulse-rajasthan/data/raw/api_daily_weather_20260606.csv,30,0,ok
2026-06-06 10:54:27,/home/runner/work/heatpulse-rajasthan/heatpulse-rajasthan/data/raw/api_daily_weather_20260606.csv,True,live_valid,/home/runner/work/heatpulse-rajasthan/heatpulse-rajasthan/data/raw/api_daily_weather_20260606.csv,30,0,ok
2026-06-06 14:42:00,/home/runner/work/heatpulse-rajasthan/heatpulse-rajasthan/data/raw/api_daily_weather_20260606.csv,True,live_valid,/home/runner/work/heatpulse-rajasthan/heatpulse-rajasthan/data/raw/api_daily_weather_20260606.csv,30,0,ok
2026-06-06 18:06:04,/home/runner/work/heatpulse-rajasthan/heatpulse-rajasthan/data/raw/api_daily_weather_20260606.csv,True,live_valid,/home/runner/work/heatpulse-rajasthan/heatpulse-rajasthan/data/raw/api_daily_weather_20260606.csv,30,0,ok
2026-06-07 05:22:16,/home/runner/work/heatpulse-rajasthan/heatpulse-rajasthan/data/raw/api_daily_weather_20260607.csv,True,live_valid,/home/runner/work/heatpulse-rajasthan/heatpulse-rajasthan/data/raw/api_daily_weather_20260607.csv,31,0,ok
2026-06-07 11:09:55,/home/runner/work/heatpulse-rajasthan/heatpulse-rajasthan/data/raw/api_daily_weather_20260607.csv,True,live_valid,/home/runner/work/heatpulse-rajasthan/heatpulse-rajasthan/data/raw/api_daily_weather_20260607.csv,31,0,ok
2026-06-07 14:53:43,/home/runner/work/heatpulse-rajasthan/heatpulse-rajasthan/data/raw/api_daily_weather_20260607.csv,True,live_valid,/home/runner/work/heatpulse-rajasthan/heatpulse-rajasthan/data/raw/api_daily_weather_20260607.csv,31,0,ok
2026-06-07 18:05:28,/home/runner/work/heatpulse-rajasthan/heatpulse-rajasthan/data/raw/api_daily_weather_20260607.csv,True,live_valid,/home/runner/work/heatpulse-rajasthan/heatpulse-rajasthan/data/raw/api_daily_weather_20260607.csv,31,0,ok
2026-06-08 05:52:07,/home/runner/work/heatpulse-rajasthan/heatpulse-rajasthan/data/raw/api_daily_weather_20260608.csv,True,live_valid,/home/runner/work/heatpulse-rajasthan/heatpulse-rajasthan/data/raw/api_daily_weather_20260608.csv,32,0,ok
2026-06-08 13:08:18,/home/runner/work/heatpulse-rajasthan/heatpulse-rajasthan/data/raw/api_daily_weather_20260608.csv,True,live_valid,/home/runner/work/heatpulse-rajasthan/heatpulse-rajasthan/data/raw/api_daily_weather_20260608.csv,32,0,ok
2026-06-08 19:22:27,/home/runner/work/heatpulse-rajasthan/heatpulse-rajasthan/data/raw/api_daily_weather_20260608.csv,True,live_valid,/home/runner/work/heatpulse-rajasthan/heatpulse-rajasthan/data/raw/api_daily_weather_20260608.csv,32,0,ok
2026-06-09 05:07:20,/home/runner/work/heatpulse-rajasthan/heatpulse-rajasthan/data/raw/api_daily_weather_20260609.csv,True,live_valid,/home/runner/work/heatpulse-rajasthan/heatpulse-rajasthan/data/raw/api_daily_weather_20260609.csv,33,0,ok
2026-06-09 12:05:50,/home/runner/work/heatpulse-rajasthan/heatpulse-rajasthan/data/raw/api_daily_weather_20260609.csv,True,live_valid,/home/runner/work/heatpulse-rajasthan/heatpulse-rajasthan/data/raw/api_daily_weather_20260609.csv,33,0,ok
2026-06-09 15:56:32,/home/runner/work/heatpulse-rajasthan/heatpulse-rajasthan/data/raw/api_daily_weather_20260609.csv,True,live_valid,/home/runner/work/heatpulse-rajasthan/heatpulse-rajasthan/data/raw/api_daily_weather_20260609.csv,33,0,ok
2026-06-09 19:15:06,/home/runner/work/heatpulse-rajasthan/heatpulse-rajasthan/data/raw/api_daily_weather_20260609.csv,True,live_valid,/home/runner/work/heatpulse-rajasthan/heatpulse-rajasthan/data/raw/api_daily_weather_20260609.csv,33,0,ok
2026-06-10 05:20:00,/home/runner/work/heatpulse-rajasthan/heatpulse-rajasthan/data/raw/api_daily_weather_20260610.csv,True,live_valid,/home/runner/work/heatpulse-rajasthan/heatpulse-rajasthan/data/raw/api_daily_weather_20260610.csv,34,0,ok
2026-06-10 12:22:24,/home/runner/work/heatpulse-rajasthan/heatpulse-rajasthan/data/raw/api_daily_weather_20260610.csv,True,live_valid,/home/runner/work/heatpulse-rajasthan/heatpulse-rajasthan/data/raw/api_daily_weather_20260610.csv,34,0,ok
2026-06-10 16:35:41,/home/runner/work/heatpulse-rajasthan/heatpulse-rajasthan/data/raw/api_daily_weather_20260610.csv,True,live_valid,/home/runner/work/heatpulse-rajasthan/heatpulse-rajasthan/data/raw/api_daily_weather_20260610.csv,34,0,ok
2026-06-10 19:34:39,/home/runner/work/heatpulse-rajasthan/heatpulse-rajasthan/data/raw/api_daily_weather_20260610.csv,True,live_valid,/home/runner/work/heatpulse-rajasthan/heatpulse-rajasthan/data/raw/api_daily_weather_20260610.csv,34,0,ok
2026-06-11 05:49:20,/home/runner/work/heatpulse-rajasthan/heatpulse-rajasthan/data/raw/api_daily_weather_20260611.csv,True,live_valid,/home/runner/work/heatpulse-rajasthan/heatpulse-rajasthan/data/raw/api_daily_weather_20260611.csv,35,0,ok
2026-06-11 12:47:45,/home/runner/work/heatpulse-rajasthan/heatpulse-rajasthan/data/raw/api_daily_weather_20260611.csv,True,live_valid,/home/runner/work/heatpulse-rajasthan/heatpulse-rajasthan/data/raw/api_daily_weather_20260611.csv,35,0,ok
2026-06-11 16:55:31,/home/runner/work/heatpulse-rajasthan/heatpulse-rajasthan/data/raw/api_daily_weather_20260611.csv,True,live_valid,/home/runner/work/heatpulse-rajasthan/heatpulse-rajasthan/data/raw/api_daily_weather_20260611.csv,35,0,ok
2026-06-11 19:36:22,/home/runner/work/heatpulse-rajasthan/heatpulse-rajasthan/data/raw/api_daily_weather_20260611.csv,True,live_valid,/home/runner/work/heatpulse-rajasthan/heatpulse-rajasthan/data/raw/api_daily_weather_20260611.csv,35,0,ok
2026-06-12 05:49:54,/home/runner/work/heatpulse-rajasthan/heatpulse-rajasthan/data/raw/api_daily_weather_20260612.csv,True,live_valid,/home/runner/work/heatpulse-rajasthan/heatpulse-rajasthan/data/raw/api_daily_weather_20260612.csv,36,0,ok
2026-06-12 12:20:49,/home/runner/work/heatpulse-rajasthan/heatpulse-rajasthan/data/raw/api_daily_weather_20260612.csv,True,live_valid,/home/runner/work/heatpulse-rajasthan/heatpulse-rajasthan/data/raw/api_daily_weather_20260612.csv,36,0,ok
2026-06-12 16:19:39,/home/runner/work/heatpulse-rajasthan/heatpulse-rajasthan/data/raw/api_daily_weather_20260612.csv,True,live_valid,/home/runner/work/heatpulse-rajasthan/heatpulse-rajasthan/data/raw/api_daily_weather_20260612.csv,36,0,ok
2026-06-12 19:06:09,/home/runner/work/heatpulse-rajasthan/heatpulse-rajasthan/data/raw/api_daily_weather_20260612.csv,True,live_valid,/home/runner/work/heatpulse-rajasthan/heatpulse-rajasthan/data/raw/api_daily_weather_20260612.csv,36,0,ok
2026-06-13 05:21:46,/home/runner/work/heatpulse-rajasthan/heatpulse-rajasthan/data/raw/api_daily_weather_20260613.csv,True,live_valid,/home/runner/work/heatpulse-rajasthan/heatpulse-rajasthan/data/raw/api_daily_weather_20260613.csv,37,0,ok
2026-06-13 11:15:22,/home/runner/work/heatpulse-rajasthan/heatpulse-rajasthan/data/raw/api_daily_weather_20260613.csv,True,live_valid,/home/runner/work/heatpulse-rajasthan/heatpulse-rajasthan/data/raw/api_daily_weather_20260613.csv,37,0,ok
2026-06-13 15:01:52,/home/runner/work/heatpulse-rajasthan/heatpulse-rajasthan/data/raw/api_daily_weather_20260613.csv,True,live_valid,/home/runner/work/heatpulse-rajasthan/heatpulse-rajasthan/data/raw/api_daily_weather_20260613.csv,37,0,ok
2026-06-13 18:08:34,/home/runner/work/heatpulse-rajasthan/heatpulse-rajasthan/data/raw/api_daily_weather_20260613.csv,True,live_valid,/home/runner/work/heatpulse-rajasthan/heatpulse-rajasthan/data/raw/api_daily_weather_20260613.csv,37,0,ok
2026-06-14 05:50:18,/home/runner/work/heatpulse-rajasthan/heatpulse-rajasthan/data/raw/api_daily_weather_20260614.csv,True,live_valid,/home/runner/work/heatpulse-rajasthan/heatpulse-rajasthan/data/raw/api_daily_weather_20260614.csv,38,0,ok
2026-06-14 11:31:39,/home/runner/work/heatpulse-rajasthan/heatpulse-rajasthan/data/raw/api_daily_weather_20260614.csv,True,live_valid,/home/runner/work/heatpulse-rajasthan/heatpulse-rajasthan/data/raw/api_daily_weather_20260614.csv,38,0,ok
2026-06-14 15:07:37,/home/runner/work/heatpulse-rajasthan/heatpulse-rajasthan/data/raw/api_daily_weather_20260614.csv,True,live_valid,/home/runner/work/heatpulse-rajasthan/heatpulse-rajasthan/data/raw/api_daily_weather_20260614.csv,38,0,ok
2026-06-14 18:14:47,/home/runner/work/heatpulse-rajasthan/heatpulse-rajasthan/data/raw/api_daily_weather_20260614.csv,True,live_valid,/home/runner/work/heatpulse-rajasthan/heatpulse-rajasthan/data/raw/api_daily_weather_20260614.csv,38,0,ok
2026-06-15 06:25:28,/home/runner/work/heatpulse-rajasthan/heatpulse-rajasthan/data/raw/api_daily_weather_20260615.csv,True,live_valid,/home/runner/work/heatpulse-rajasthan/heatpulse-rajasthan/data/raw/api_daily_weather_20260615.csv,39,0,ok
2026-06-15 15:16:18,/home/runner/work/heatpulse-rajasthan/heatpulse-rajasthan/data/raw/api_daily_weather_20260615.csv,True,live_valid,/home/runner/work/heatpulse-rajasthan/heatpulse-rajasthan/data/raw/api_daily_weather_20260615.csv,39,0,ok
2026-06-15 20:27:29,/home/runner/work/heatpulse-rajasthan/heatpulse-rajasthan/data/raw/api_daily_weather_20260615.csv,True,live_valid,/home/runner/work/heatpulse-rajasthan/heatpulse-rajasthan/data/raw/api_daily_weather_20260615.csv,39,0,ok
2026-06-16 06:33:57,/home/runner/work/heatpulse-rajasthan/heatpulse-rajasthan/data/raw/api_daily_weather_20260616.csv,True,live_valid,/home/runner/work/heatpulse-rajasthan/heatpulse-rajasthan/data/raw/api_daily_weather_20260616.csv,40,0,ok
2026-06-16 13:28:39,/home/runner/work/heatpulse-rajasthan/heatpulse-rajasthan/data/raw/api_daily_weather_20260616.csv,True,live_valid,/home/runner/work/heatpulse-rajasthan/heatpulse-rajasthan/data/raw/api_daily_weather_20260616.csv,40,0,ok
2026-06-16 20:12:41,/home/runner/work/heatpulse-rajasthan/heatpulse-rajasthan/data/raw/api_daily_weather_20260616.csv,True,live_valid,/home/runner/work/heatpulse-rajasthan/heatpulse-rajasthan/data/raw/api_daily_weather_20260616.csv,40,0,ok
2026-06-17 06:13:01,/home/runner/work/heatpulse-rajasthan/heatpulse-rajasthan/data/raw/api_daily_weather_20260617.csv,True,live_valid,/home/runner/work/heatpulse-rajasthan/heatpulse-rajasthan/data/raw/api_daily_weather_20260617.csv,41,0,ok
2026-06-17 12:52:39,/home/runner/work/heatpulse-rajasthan/heatpulse-rajasthan/data/raw/api_daily_weather_20260617.csv,True,live_valid,/home/runner/work/heatpulse-rajasthan/heatpulse-rajasthan/data/raw/api_daily_weather_20260617.csv,41,0,ok
2026-06-17 16:39:07,/home/runner/work/heatpulse-rajasthan/heatpulse-rajasthan/data/raw/api_daily_weather_20260617.csv,True,live_valid,/home/runner/work/heatpulse-rajasthan/heatpulse-rajasthan/data/raw/api_daily_weather_20260617.csv,41,0,ok
2026-06-17 19:25:43,/home/runner/work/heatpulse-rajasthan/heatpulse-rajasthan/data/raw/api_daily_weather_20260617.csv,True,live_valid,/home/runner/work/heatpulse-rajasthan/heatpulse-rajasthan/data/raw/api_daily_weather_20260617.csv,41,0,ok
2026-06-18 05:56:17,/home/runner/work/heatpulse-rajasthan/heatpulse-rajasthan/data/raw/api_daily_weather_20260618.csv,True,live_valid,/home/runner/work/heatpulse-rajasthan/heatpulse-rajasthan/data/raw/api_daily_weather_20260618.csv,42,0,ok
2026-06-18 12:27:59,/home/runner/work/heatpulse-rajasthan/heatpulse-rajasthan/data/raw/api_daily_weather_20260618.csv,True,live_valid,/home/runner/work/heatpulse-rajasthan/heatpulse-rajasthan/data/raw/api_daily_weather_20260618.csv,42,0,ok
2026-06-18 16:34:02,/home/runner/work/heatpulse-rajasthan/heatpulse-rajasthan/data/raw/api_daily_weather_20260618.csv,True,live_valid,/home/runner/work/heatpulse-rajasthan/heatpulse-rajasthan/data/raw/api_daily_weather_20260618.csv,42,0,ok
2026-06-18 19:29:54,/home/runner/work/heatpulse-rajasthan/heatpulse-rajasthan/data/raw/api_daily_weather_20260618.csv,True,live_valid,/home/runner/work/heatpulse-rajasthan/heatpulse-rajasthan/data/raw/api_daily_weather_20260618.csv,42,0,ok
2026-06-19 06:21:19,/home/runner/work/heatpulse-rajasthan/heatpulse-rajasthan/data/raw/api_daily_weather_20260619.csv,True,live_valid,/home/runner/work/heatpulse-rajasthan/heatpulse-rajasthan/data/raw/api_daily_weather_20260619.csv,43,0,ok
2026-06-19 12:47:07,/home/runner/work/heatpulse-rajasthan/heatpulse-rajasthan/data/raw/api_daily_weather_20260619.csv,True,live_valid,/home/runner/work/heatpulse-rajasthan/heatpulse-rajasthan/data/raw/api_daily_weather_20260619.csv,43,0,ok
2026-06-19 16:02:12,/home/runner/work/heatpulse-rajasthan/heatpulse-rajasthan/data/raw/api_daily_weather_20260619.csv,True,live_valid,/home/runner/work/heatpulse-rajasthan/heatpulse-rajasthan/data/raw/api_daily_weather_20260619.csv,43,0,ok
2026-06-19 18:55:23,/home/runner/work/heatpulse-rajasthan/heatpulse-rajasthan/data/raw/api_daily_weather_20260619.csv,True,live_valid,/home/runner/work/heatpulse-rajasthan/heatpulse-rajasthan/data/raw/api_daily_weather_20260619.csv,43,0,ok
2026-06-20 05:15:49,/home/runner/work/heatpulse-rajasthan/heatpulse-rajasthan/data/raw/api_daily_weather_20260620.csv,True,live_valid,/home/runner/work/heatpulse-rajasthan/heatpulse-rajasthan/data/raw/api_daily_weather_20260620.csv,44,0,ok
2026-06-20 11:20:10,/home/runner/work/heatpulse-rajasthan/heatpulse-rajasthan/data/raw/api_daily_weather_20260620.csv,True,live_valid,/home/runner/work/heatpulse-rajasthan/heatpulse-rajasthan/data/raw/api_daily_weather_20260620.csv,44,0,ok
2026-06-20 15:03:35,/home/runner/work/heatpulse-rajasthan/heatpulse-rajasthan/data/raw/api_daily_weather_20260620.csv,True,live_valid,/home/runner/work/heatpulse-rajasthan/heatpulse-rajasthan/data/raw/api_daily_weather_20260620.csv,44,0,ok
2026-06-20 18:12:55,/home/runner/work/heatpulse-rajasthan/heatpulse-rajasthan/data/raw/api_daily_weather_20260620.csv,True,live_valid,/home/runner/work/heatpulse-rajasthan/heatpulse-rajasthan/data/raw/api_daily_weather_20260620.csv,44,0,ok
2026-06-21 06:02:45,/home/runner/work/heatpulse-rajasthan/heatpulse-rajasthan/data/raw/api_daily_weather_20260621.csv,True,live_valid,/home/runner/work/heatpulse-rajasthan/heatpulse-rajasthan/data/raw/api_daily_weather_20260621.csv,45,0,ok
2026-06-21 11:46:35,/home/runner/work/heatpulse-rajasthan/heatpulse-rajasthan/data/raw/api_daily_weather_20260621.csv,True,live_valid,/home/runner/work/heatpulse-rajasthan/heatpulse-rajasthan/data/raw/api_daily_weather_20260621.csv,45,0,ok
2026-06-21 15:11:49,/home/runner/work/heatpulse-rajasthan/heatpulse-rajasthan/data/raw/api_daily_weather_20260621.csv,True,live_valid,/home/runner/work/heatpulse-rajasthan/heatpulse-rajasthan/data/raw/api_daily_weather_20260621.csv,45,0,ok
2026-06-21 18:19:56,/home/runner/work/heatpulse-rajasthan/heatpulse-rajasthan/data/raw/api_daily_weather_20260621.csv,True,live_valid,/home/runner/work/heatpulse-rajasthan/heatpulse-rajasthan/data/raw/api_daily_weather_20260621.csv,45,0,ok
2026-06-22 06:30:03,/home/runner/work/heatpulse-rajasthan/heatpulse-rajasthan/data/raw/api_daily_weather_20260622.csv,True,live_valid,/home/runner/work/heatpulse-rajasthan/heatpulse-rajasthan/data/raw/api_daily_weather_20260622.csv,46,0,ok
2026-06-22 14:41:13,/home/runner/work/heatpulse-rajasthan/heatpulse-rajasthan/data/raw/api_daily_weather_20260622.csv,True,live_valid,/home/runner/work/heatpulse-rajasthan/heatpulse-rajasthan/data/raw/api_daily_weather_20260622.csv,46,0,ok
2026-06-22 20:08:42,/home/runner/work/heatpulse-rajasthan/heatpulse-rajasthan/data/raw/api_daily_weather_20260622.csv,True,live_valid,/home/runner/work/heatpulse-rajasthan/heatpulse-rajasthan/data/raw/api_daily_weather_20260622.csv,46,0,ok
2026-06-23 05:02:02,/home/runner/work/heatpulse-rajasthan/heatpulse-rajasthan/data/raw/api_daily_weather_20260623.csv,True,live_valid,/home/runner/work/heatpulse-rajasthan/heatpulse-rajasthan/data/raw/api_daily_weather_20260623.csv,47,0,ok
2026-06-23 12:08:45,/home/runner/work/heatpulse-rajasthan/heatpulse-rajasthan/data/raw/api_daily_weather_20260623.csv,True,live_valid,/home/runner/work/heatpulse-rajasthan/heatpulse-rajasthan/data/raw/api_daily_weather_20260623.csv,47,0,ok
2026-06-23 15:49:09,/home/runner/work/heatpulse-rajasthan/heatpulse-rajasthan/data/raw/api_daily_weather_20260623.csv,True,live_valid,/home/runner/work/heatpulse-rajasthan/heatpulse-rajasthan/data/raw/api_daily_weather_20260623.csv,47,0,ok
2026-06-23 19:09:07,/home/runner/work/heatpulse-rajasthan/heatpulse-rajasthan/data/raw/api_daily_weather_20260623.csv,True,live_valid,/home/runner/work/heatpulse-rajasthan/heatpulse-rajasthan/data/raw/api_daily_weather_20260623.csv,47,0,ok
2026-06-24 05:02:39,/home/runner/work/heatpulse-rajasthan/heatpulse-rajasthan/data/raw/api_daily_weather_20260624.csv,True,live_valid,/home/runner/work/heatpulse-rajasthan/heatpulse-rajasthan/data/raw/api_daily_weather_20260624.csv,48,0,ok
2026-06-24 11:45:37,/home/runner/work/heatpulse-rajasthan/heatpulse-rajasthan/data/raw/api_daily_weather_20260624.csv,True,live_valid,/home/runner/work/heatpulse-rajasthan/heatpulse-rajasthan/data/raw/api_daily_weather_20260624.csv,48,0,ok
2026-06-24 15:33:17,/home/runner/work/heatpulse-rajasthan/heatpulse-rajasthan/data/raw/api_daily_weather_20260624.csv,True,live_valid,/home/runner/work/heatpulse-rajasthan/heatpulse-rajasthan/data/raw/api_daily_weather_20260624.csv,48,0,ok
2026-06-24 18:52:16,/home/runner/work/heatpulse-rajasthan/heatpulse-rajasthan/data/raw/api_daily_weather_20260624.csv,True,live_valid,/home/runner/work/heatpulse-rajasthan/heatpulse-rajasthan/data/raw/api_daily_weather_20260624.csv,48,0,ok
2026-06-25 05:06:09,/home/runner/work/heatpulse-rajasthan/heatpulse-rajasthan/data/raw/api_daily_weather_20260625.csv,True,live_valid,/home/runner/work/heatpulse-rajasthan/heatpulse-rajasthan/data/raw/api_daily_weather_20260625.csv,49,0,ok
2026-06-25 11:40:49,/home/runner/work/heatpulse-rajasthan/heatpulse-rajasthan/data/raw/api_daily_weather_20260625.csv,True,live_valid,/home/runner/work/heatpulse-rajasthan/heatpulse-rajasthan/data/raw/api_daily_weather_20260625.csv,49,0,ok
2026-06-25 15:39:40,/home/runner/work/heatpulse-rajasthan/heatpulse-rajasthan/data/raw/api_daily_weather_20260625.csv,True,live_valid,/home/runner/work/heatpulse-rajasthan/heatpulse-rajasthan/data/raw/api_daily_weather_20260625.csv,49,0,ok
2026-06-25 19:05:35,/home/runner/work/heatpulse-rajasthan/heatpulse-rajasthan/data/raw/api_daily_weather_20260625.csv,True,live_valid,/home/runner/work/heatpulse-rajasthan/heatpulse-rajasthan/data/raw/api_daily_weather_20260625.csv,49,0,ok
2026-06-26 05:09:32,/home/runner/work/heatpulse-rajasthan/heatpulse-rajasthan/data/raw/api_daily_weather_20260626.csv,True,live_valid,/home/runner/work/heatpulse-rajasthan/heatpulse-rajasthan/data/raw/api_daily_weather_20260626.csv,50,0,ok
2026-06-26 11:44:50,/home/runner/work/heatpulse-rajasthan/heatpulse-rajasthan/data/raw/api_daily_weather_20260626.csv,True,live_valid,/home/runner/work/heatpulse-rajasthan/heatpulse-rajasthan/data/raw/api_daily_weather_20260626.csv,50,0,ok
2026-06-26 15:24:06,/home/runner/work/heatpulse-rajasthan/heatpulse-rajasthan/data/raw/api_daily_weather_20260626.csv,True,live_valid,/home/runner/work/heatpulse-rajasthan/heatpulse-rajasthan/data/raw/api_daily_weather_20260626.csv,50,0,ok
2026-06-26 18:52:40,/home/runner/work/heatpulse-rajasthan/heatpulse-rajasthan/data/raw/api_daily_weather_20260626.csv,True,live_valid,/home/runner/work/heatpulse-rajasthan/heatpulse-rajasthan/data/raw/api_daily_weather_20260626.csv,50,0,ok
2026-06-27 04:54:07,/home/runner/work/heatpulse-rajasthan/heatpulse-rajasthan/data/raw/api_daily_weather_20260627.csv,True,live_valid,/home/runner/work/heatpulse-rajasthan/heatpulse-rajasthan/data/raw/api_daily_weather_20260627.csv,51,0,ok
2026-06-27 07:50:18,/home/runner/work/heatpulse-rajasthan/heatpulse-rajasthan/data/raw/api_daily_weather_20260627.csv,True,live_valid,/home/runner/work/heatpulse-rajasthan/heatpulse-rajasthan/data/raw/api_daily_weather_20260627.csv,51,0,ok
2026-06-27 10:58:02,/home/runner/work/heatpulse-rajasthan/heatpulse-rajasthan/data/raw/api_daily_weather_20260627.csv,True,live_valid,/home/runner/work/heatpulse-rajasthan/heatpulse-rajasthan/data/raw/api_daily_weather_20260627.csv,51,0,ok
2026-06-27 14:42:27,/home/runner/work/heatpulse-rajasthan/heatpulse-rajasthan/data/raw/api_daily_weather_20260627.csv,True,live_valid,/home/runner/work/heatpulse-rajasthan/heatpulse-rajasthan/data/raw/api_daily_weather_20260627.csv,51,0,ok
2026-06-27 18:04:54,/home/runner/work/heatpulse-rajasthan/heatpulse-rajasthan/data/raw/api_daily_weather_20260627.csv,True,live_valid,/home/runner/work/heatpulse-rajasthan/heatpulse-rajasthan/data/raw/api_daily_weather_20260627.csv,51,0,ok
2026-06-28 05:17:35,/home/runner/work/heatpulse-rajasthan/heatpulse-rajasthan/data/raw/api_daily_weather_20260628.csv,True,live_valid,/home/runner/work/heatpulse-rajasthan/heatpulse-rajasthan/data/raw/api_daily_weather_20260628.csv,52,0,ok
2026-06-28 11:08:25,/home/runner/work/heatpulse-rajasthan/heatpulse-rajasthan/data/raw/api_daily_weather_20260628.csv,True,live_valid,/home/runner/work/heatpulse-rajasthan/heatpulse-rajasthan/data/raw/api_daily_weather_20260628.csv,52,0,ok
2026-06-28 14:49:12,/home/runner/work/heatpulse-rajasthan/heatpulse-rajasthan/data/raw/api_daily_weather_20260628.csv,True,live_valid,/home/runner/work/heatpulse-rajasthan/heatpulse-rajasthan/data/raw/api_daily_weather_20260628.csv,52,0,ok
2026-06-28 18:05:48,/home/runner/work/heatpulse-rajasthan/heatpulse-rajasthan/data/raw/api_daily_weather_20260628.csv,True,live_valid,/home/runner/work/heatpulse-rajasthan/heatpulse-rajasthan/data/raw/api_daily_weather_20260628.csv,52,0,ok
2026-06-29 05:51:24,/home/runner/work/heatpulse-rajasthan/heatpulse-rajasthan/data/raw/api_daily_weather_20260629.csv,True,live_valid,/home/runner/work/heatpulse-rajasthan/heatpulse-rajasthan/data/raw/api_daily_weather_20260629.csv,53,0,ok
2026-06-29 13:07:59,/home/runner/work/heatpulse-rajasthan/heatpulse-rajasthan/data/raw/api_daily_weather_20260629.csv,True,live_valid,/home/runner/work/heatpulse-rajasthan/heatpulse-rajasthan/data/raw/api_daily_weather_20260629.csv,53,0,ok
2026-06-29 19:04:58,/home/runner/work/heatpulse-rajasthan/heatpulse-rajasthan/data/raw/api_daily_weather_20260629.csv,True,live_valid,/home/runner/work/heatpulse-rajasthan/heatpulse-rajasthan/data/raw/api_daily_weather_20260629.csv,53,0,ok
2026-06-30 05:04:51,/home/runner/work/heatpulse-rajasthan/heatpulse-rajasthan/data/raw/api_daily_weather_20260630.csv,True,live_valid,/home/runner/work/heatpulse-rajasthan/heatpulse-rajasthan/data/raw/api_daily_weather_20260630.csv,54,0,ok
2026-06-30 11:45:15,/home/runner/work/heatpulse-rajasthan/heatpulse-rajasthan/data/raw/api_daily_weather_20260630.csv,True,live_valid,/home/runner/work/heatpulse-rajasthan/heatpulse-rajasthan/data/raw/api_daily_weather_20260630.csv,54,0,ok
2026-06-30 15:28:55,/home/runner/work/heatpulse-rajasthan/heatpulse-rajasthan/data/raw/api_daily_weather_20260630.csv,True,live_valid,/home/runner/work/heatpulse-rajasthan/heatpulse-rajasthan/data/raw/api_daily_weather_20260630.csv,54,0,ok
2026-06-30 18:56:42,/home/runner/work/heatpulse-rajasthan/heatpulse-rajasthan/data/raw/api_daily_weather_20260630.csv,True,live_valid,/home/runner/work/heatpulse-rajasthan/heatpulse-rajasthan/data/raw/api_daily_weather_20260630.csv,54,0,ok
2026-07-01 05:21:36,/home/runner/work/heatpulse-rajasthan/heatpulse-rajasthan/data/raw/api_daily_weather_20260701.csv,True,live_valid,/home/runner/work/heatpulse-rajasthan/heatpulse-rajasthan/data/raw/api_daily_weather_20260701.csv,55,0,ok
2026-07-01 12:09:27,/home/runner/work/heatpulse-rajasthan/heatpulse-rajasthan/data/raw/api_daily_weather_20260701.csv,True,live_valid,/home/runner/work/heatpulse-rajasthan/heatpulse-rajasthan/data/raw/api_daily_weather_20260701.csv,55,0,ok
2026-07-01 15:42:43,/home/runner/work/heatpulse-rajasthan/heatpulse-rajasthan/data/raw/api_daily_weather_20260701.csv,True,live_valid,/home/runner/work/heatpulse-rajasthan/heatpulse-rajasthan/data/raw/api_daily_weather_20260701.csv,55,0,ok
2026-07-01 18:59:16,/home/runner/work/heatpulse-rajasthan/heatpulse-rajasthan/data/raw/api_daily_weather_20260701.csv,True,live_valid,/home/runner/work/heatpulse-rajasthan/heatpulse-rajasthan/data/raw/api_daily_weather_20260701.csv,55,0,ok
2026-07-02 04:57:47,/home/runner/work/heatpulse-rajasthan/heatpulse-rajasthan/data/raw/api_daily_weather_20260702.csv,True,live_valid,/home/runner/work/heatpulse-rajasthan/heatpulse-rajasthan/data/raw/api_daily_weather_20260702.csv,56,0,ok
2026-07-02 08:17:03,/home/runner/work/heatpulse-rajasthan/heatpulse-rajasthan/data/raw/api_daily_weather_20260702.csv,True,live_valid,/home/runner/work/heatpulse-rajasthan/heatpulse-rajasthan/data/raw/api_daily_weather_20260702.csv,56,0,ok
2026-07-02 11:34:15,/home/runner/work/heatpulse-rajasthan/heatpulse-rajasthan/data/raw/api_daily_weather_20260702.csv,True,live_valid,/home/runner/work/heatpulse-rajasthan/heatpulse-rajasthan/data/raw/api_daily_weather_20260702.csv,56,0,ok
2026-07-02 15:16:04,/home/runner/work/heatpulse-rajasthan/heatpulse-rajasthan/data/raw/api_daily_weather_20260702.csv,True,live_valid,/home/runner/work/heatpulse-rajasthan/heatpulse-rajasthan/data/raw/api_daily_weather_20260702.csv,56,0,ok
2026-07-02 18:25:34,/home/runner/work/heatpulse-rajasthan/heatpulse-rajasthan/data/raw/api_daily_weather_20260702.csv,True,live_valid,/home/runner/work/heatpulse-rajasthan/heatpulse-rajasthan/data/raw/api_daily_weather_20260702.csv,56,0,ok
2026-07-03 08:09:44,/home/runner/work/heatpulse-rajasthan/heatpulse-rajasthan/data/raw/api_daily_weather_20260703.csv,True,live_valid,/home/runner/work/heatpulse-rajasthan/heatpulse-rajasthan/data/raw/api_daily_weather_20260703.csv,57,0,ok
2026-07-03 11:32:59,/home/runner/work/heatpulse-rajasthan/heatpulse-rajasthan/data/raw/api_daily_weather_20260703.csv,True,live_valid,/home/runner/work/heatpulse-rajasthan/heatpulse-rajasthan/data/raw/api_daily_weather_20260703.csv,57,0,ok
2026-07-03 15:12:11,/home/runner/work/heatpulse-rajasthan/heatpulse-rajasthan/data/raw/api_daily_weather_20260703.csv,True,live_valid,/home/runner/work/heatpulse-rajasthan/heatpulse-rajasthan/data/raw/api_daily_weather_20260703.csv,57,0,ok
2026-07-03 18:13:08,/home/runner/work/heatpulse-rajasthan/heatpulse-rajasthan/data/raw/api_daily_weather_20260703.csv,True,live_valid,/home/runner/work/heatpulse-rajasthan/heatpulse-rajasthan/data/raw/api_daily_weather_20260703.csv,57,0,ok
2026-07-04 04:35:29,/home/runner/work/heatpulse-rajasthan/heatpulse-rajasthan/data/raw/api_daily_weather_20260704.csv,True,live_valid,/home/runner/work/heatpulse-rajasthan/heatpulse-rajasthan/data/raw/api_daily_weather_20260704.csv,58,0,ok
2026-07-04 07:46:59,/home/runner/work/heatpulse-rajasthan/heatpulse-rajasthan/data/raw/api_daily_weather_20260704.csv,True,live_valid,/home/runner/work/heatpulse-rajasthan/heatpulse-rajasthan/data/raw/api_daily_weather_20260704.csv,58,0,ok
2026-07-04 10:54:32,/home/runner/work/heatpulse-rajasthan/heatpulse-rajasthan/data/raw/api_daily_weather_20260704.csv,True,live_valid,/home/runner/work/heatpulse-rajasthan/heatpulse-rajasthan/data/raw/api_daily_weather_20260704.csv,58,0,ok
2026-07-04 14:38:01,/home/runner/work/heatpulse-rajasthan/heatpulse-rajasthan/data/raw/api_daily_weather_20260704.csv,True,live_valid,/home/runner/work/heatpulse-rajasthan/heatpulse-rajasthan/data/raw/api_daily_weather_20260704.csv,58,0,ok
2026-07-04 18:01:46,/home/runner/work/heatpulse-rajasthan/heatpulse-rajasthan/data/raw/api_daily_weather_20260704.csv,True,live_valid,/home/runner/work/heatpulse-rajasthan/heatpulse-rajasthan/data/raw/api_daily_weather_20260704.csv,58,0,ok
2026-07-05 04:57:38,/home/runner/work/heatpulse-rajasthan/heatpulse-rajasthan/data/raw/api_daily_weather_20260705.csv,True,live_valid,/home/runner/work/heatpulse-rajasthan/heatpulse-rajasthan/data/raw/api_daily_weather_20260705.csv,59,0,ok
2026-07-05 08:06:27,/home/runner/work/heatpulse-rajasthan/heatpulse-rajasthan/data/raw/api_daily_weather_20260705.csv,True,live_valid,/home/runner/work/heatpulse-rajasthan/heatpulse-rajasthan/data/raw/api_daily_weather_20260705.csv,59,0,ok
2026-07-05 11:05:08,/home/runner/work/heatpulse-rajasthan/heatpulse-rajasthan/data/raw/api_daily_weather_20260705.csv,True,live_valid,/home/runner/work/heatpulse-rajasthan/heatpulse-rajasthan/data/raw/api_daily_weather_20260705.csv,59,0,ok
2026-07-05 14:44:15,/home/runner/work/heatpulse-rajasthan/heatpulse-rajasthan/data/raw/api_daily_weather_20260705.csv,True,live_valid,/home/runner/work/heatpulse-rajasthan/heatpulse-rajasthan/data/raw/api_daily_weather_20260705.csv,59,0,ok
2026-07-05 18:03:53,/home/runner/work/heatpulse-rajasthan/heatpulse-rajasthan/data/raw/api_daily_weather_20260705.csv,True,live_valid,/home/runner/work/heatpulse-rajasthan/heatpulse-rajasthan/data/raw/api_daily_weather_20260705.csv,59,0,ok
2026-07-06 05:12:14,/home/runner/work/heatpulse-rajasthan/heatpulse-rajasthan/data/raw/api_daily_weather_20260706.csv,True,live_valid,/home/runner/work/heatpulse-rajasthan/heatpulse-rajasthan/data/raw/api_daily_weather_20260706.csv,60,0,ok
2026-07-06 12:48:26,/home/runner/work/heatpulse-rajasthan/heatpulse-rajasthan/data/raw/api_daily_weather_20260706.csv,True,live_valid,/home/runner/work/heatpulse-rajasthan/heatpulse-rajasthan/data/raw/api_daily_weather_20260706.csv,60,0,ok
2026-07-06 16:21:38,/home/runner/work/heatpulse-rajasthan/heatpulse-rajasthan/data/raw/api_daily_weather_20260706.csv,True,live_valid,/home/runner/work/heatpulse-rajasthan/heatpulse-rajasthan/data/raw/api_daily_weather_20260706.csv,60,0,ok
2026-07-06 18:55:10,/home/runner/work/heatpulse-rajasthan/heatpulse-rajasthan/data/raw/api_daily_weather_20260706.csv,True,live_valid,/home/runner/work/heatpulse-rajasthan/heatpulse-rajasthan/data/raw/api_daily_weather_20260706.csv,60,0,ok
2026-07-07 04:53:03,/home/runner/work/heatpulse-rajasthan/heatpulse-rajasthan/data/raw/api_daily_weather_20260707.csv,True,live_valid,/home/runner/work/heatpulse-rajasthan/heatpulse-rajasthan/data/raw/api_daily_weather_20260707.csv,61,0,ok
2026-07-07 08:23:46,/home/runner/work/heatpulse-rajasthan/heatpulse-rajasthan/data/raw/api_daily_weather_20260707.csv,True,live_valid,/home/runner/work/heatpulse-rajasthan/heatpulse-rajasthan/data/raw/api_daily_weather_20260707.csv,61,0,ok
2026-07-07 11:51:20,/home/runner/work/heatpulse-rajasthan/heatpulse-rajasthan/data/raw/api_daily_weather_20260707.csv,True,live_valid,/home/runner/work/heatpulse-rajasthan/heatpulse-rajasthan/data/raw/api_daily_weather_20260707.csv,61,0,ok
2026-07-07 15:43:38,/home/runner/work/heatpulse-rajasthan/heatpulse-rajasthan/data/raw/api_daily_weather_20260707.csv,True,live_valid,/home/runner/work/heatpulse-rajasthan/heatpulse-rajasthan/data/raw/api_daily_weather_20260707.csv,61,0,ok
2026-07-07 19:03:03,/home/runner/work/heatpulse-rajasthan/heatpulse-rajasthan/data/raw/api_daily_weather_20260707.csv,True,live_valid,/home/runner/work/heatpulse-rajasthan/heatpulse-rajasthan/data/raw/api_daily_weather_20260707.csv,61,0,ok
2026-07-08 04:15:13,/home/runner/work/heatpulse-rajasthan/heatpulse-rajasthan/data/raw/api_daily_weather_20260708.csv,True,live_valid,/home/runner/work/heatpulse-rajasthan/heatpulse-rajasthan/data/raw/api_daily_weather_20260708.csv,62,0,ok
2026-07-08 07:29:27,/home/runner/work/heatpulse-rajasthan/heatpulse-rajasthan/data/raw/api_daily_weather_20260708.csv,True,live_valid,/home/runner/work/heatpulse-rajasthan/heatpulse-rajasthan/data/raw/api_daily_weather_20260708.csv,62,0,ok
2026-07-08 11:05:28,/home/runner/work/heatpulse-rajasthan/heatpulse-rajasthan/data/raw/api_daily_weather_20260708.csv,True,live_valid,/home/runner/work/heatpulse-rajasthan/heatpulse-rajasthan/data/raw/api_daily_weather_20260708.csv,62,0,ok
2026-07-08 15:22:38,/home/runner/work/heatpulse-rajasthan/heatpulse-rajasthan/data/raw/api_daily_weather_20260708.csv,True,live_valid,/home/runner/work/heatpulse-rajasthan/heatpulse-rajasthan/data/raw/api_daily_weather_20260708.csv,62,0,ok
2026-07-08 18:18:15,/home/runner/work/heatpulse-rajasthan/heatpulse-rajasthan/data/raw/api_daily_weather_20260708.csv,True,live_valid,/home/runner/work/heatpulse-rajasthan/heatpulse-rajasthan/data/raw/api_daily_weather_20260708.csv,62,0,ok
2026-07-09 04:53:49,/home/runner/work/heatpulse-rajasthan/heatpulse-rajasthan/data/raw/api_daily_weather_20260709.csv,True,live_valid,/home/runner/work/heatpulse-rajasthan/heatpulse-rajasthan/data/raw/api_daily_weather_20260709.csv,63,0,ok
2026-07-09 08:29:35,/home/runner/work/heatpulse-rajasthan/heatpulse-rajasthan/data/raw/api_daily_weather_20260709.csv,True,live_valid,/home/runner/work/heatpulse-rajasthan/heatpulse-rajasthan/data/raw/api_daily_weather_20260709.csv,63,0,ok
2026-07-09 12:00:24,/home/runner/work/heatpulse-rajasthan/heatpulse-rajasthan/data/raw/api_daily_weather_20260709.csv,True,live_valid,/home/runner/work/heatpulse-rajasthan/heatpulse-rajasthan/data/raw/api_daily_weather_20260709.csv,63,0,ok
2026-07-09 15:56:02,/home/runner/work/heatpulse-rajasthan/heatpulse-rajasthan/data/raw/api_daily_weather_20260709.csv,True,live_valid,/home/runner/work/heatpulse-rajasthan/heatpulse-rajasthan/data/raw/api_daily_weather_20260709.csv,63,0,ok
2026-07-09 18:50:39,/home/runner/work/heatpulse-rajasthan/heatpulse-rajasthan/data/raw/api_daily_weather_20260709.csv,True,live_valid,/home/runner/work/heatpulse-rajasthan/heatpulse-rajasthan/data/raw/api_daily_weather_20260709.csv,63,0,ok
2026-07-10 04:52:17,/home/runner/work/heatpulse-rajasthan/heatpulse-rajasthan/data/raw/api_daily_weather_20260710.csv,True,live_valid,/home/runner/work/heatpulse-rajasthan/heatpulse-rajasthan/data/raw/api_daily_weather_20260710.csv,64,0,ok
2026-07-10 08:23:09,/home/runner/work/heatpulse-rajasthan/heatpulse-rajasthan/data/raw/api_daily_weather_20260710.csv,True,live_valid,/home/runner/work/heatpulse-rajasthan/heatpulse-rajasthan/data/raw/api_daily_weather_20260710.csv,64,0,ok
2026-07-10 11:52:40,/home/runner/work/heatpulse-rajasthan/heatpulse-rajasthan/data/raw/api_daily_weather_20260710.csv,True,live_valid,/home/runner/work/heatpulse-rajasthan/heatpulse-rajasthan/data/raw/api_daily_weather_20260710.csv,64,0,ok
2026-07-10 15:32:26,/home/runner/work/heatpulse-rajasthan/heatpulse-rajasthan/data/raw/api_daily_weather_20260710.csv,True,live_valid,/home/runner/work/heatpulse-rajasthan/heatpulse-rajasthan/data/raw/api_daily_weather_20260710.csv,64,0,ok
2026-07-10 18:23:38,/home/runner/work/heatpulse-rajasthan/heatpulse-rajasthan/data/raw/api_daily_weather_20260710.csv,True,live_valid,/home/runner/work/heatpulse-rajasthan/heatpulse-rajasthan/data/raw/api_daily_weather_20260710.csv,64,0,ok
2026-07-11 04:12:55,/home/runner/work/heatpulse-rajasthan/heatpulse-rajasthan/data/raw/api_daily_weather_20260711.csv,True,live_valid,/home/runner/work/heatpulse-rajasthan/heatpulse-rajasthan/data/raw/api_daily_weather_20260711.csv,65,0,ok
2026-07-11 07:11:34,/home/runner/work/heatpulse-rajasthan/heatpulse-rajasthan/data/raw/api_daily_weather_20260711.csv,True,live_valid,/home/runner/work/heatpulse-rajasthan/heatpulse-rajasthan/data/raw/api_daily_weather_20260711.csv,65,0,ok
2026-07-11 10:15:49,/home/runner/work/heatpulse-rajasthan/heatpulse-rajasthan/data/raw/api_daily_weather_20260711.csv,True,live_valid,/home/runner/work/heatpulse-rajasthan/heatpulse-rajasthan/data/raw/api_daily_weather_20260711.csv,65,0,ok
2026-07-11 14:22:28,/home/runner/work/heatpulse-rajasthan/heatpulse-rajasthan/data/raw/api_daily_weather_20260711.csv,True,live_valid,/home/runner/work/heatpulse-rajasthan/heatpulse-rajasthan/data/raw/api_daily_weather_20260711.csv,65,0,ok
2026-07-11 17:55:11,/home/runner/work/heatpulse-rajasthan/heatpulse-rajasthan/data/raw/api_daily_weather_20260711.csv,True,live_valid,/home/runner/work/heatpulse-rajasthan/heatpulse-rajasthan/data/raw/api_daily_weather_20260711.csv,65,0,ok
2026-07-12 04:25:10,/home/runner/work/heatpulse-rajasthan/heatpulse-rajasthan/data/raw/api_daily_weather_20260712.csv,True,live_valid,/home/runner/work/heatpulse-rajasthan/heatpulse-rajasthan/data/raw/api_daily_weather_20260712.csv,66,0,ok
2026-07-12 07:29:24,/home/runner/work/heatpulse-rajasthan/heatpulse-rajasthan/data/raw/api_daily_weather_20260712.csv,True,live_valid,/home/runner/work/heatpulse-rajasthan/heatpulse-rajasthan/data/raw/api_daily_weather_20260712.csv,66,0,ok
2026-07-12 10:34:42,/home/runner/work/heatpulse-rajasthan/heatpulse-rajasthan/data/raw/api_daily_weather_20260712.csv,True,live_valid,/home/runner/work/heatpulse-rajasthan/heatpulse-rajasthan/data/raw/api_daily_weather_20260712.csv,66,0,ok
2026-07-12 14:26:43,/home/runner/work/heatpulse-rajasthan/heatpulse-rajasthan/data/raw/api_daily_weather_20260712.csv,True,live_valid,/home/runner/work/heatpulse-rajasthan/heatpulse-rajasthan/data/raw/api_daily_weather_20260712.csv,66,0,ok
2026-07-12 17:58:59,/home/runner/work/heatpulse-rajasthan/heatpulse-rajasthan/data/raw/api_daily_weather_20260712.csv,True,live_valid,/home/runner/work/heatpulse-rajasthan/heatpulse-rajasthan/data/raw/api_daily_weather_20260712.csv,66,0,ok
2026-07-13 04:30:18,/home/runner/work/heatpulse-rajasthan/heatpulse-rajasthan/data/raw/api_daily_weather_20260713.csv,True,live_valid,/home/runner/work/heatpulse-rajasthan/heatpulse-rajasthan/data/raw/api_daily_weather_20260713.csv,67,0,ok
2026-07-13 08:17:32,/home/runner/work/heatpulse-rajasthan/heatpulse-rajasthan/data/raw/api_daily_weather_20260713.csv,True,live_valid,/home/runner/work/heatpulse-rajasthan/heatpulse-rajasthan/data/raw/api_daily_weather_20260713.csv,67,0,ok
2026-07-13 12:06:55,/home/runner/work/heatpulse-rajasthan/heatpulse-rajasthan/data/raw/api_daily_weather_20260713.csv,True,live_valid,/home/runner/work/heatpulse-rajasthan/heatpulse-rajasthan/data/raw/api_daily_weather_20260713.csv,67,0,ok
2026-07-13 15:43:14,/home/runner/work/heatpulse-rajasthan/heatpulse-rajasthan/data/raw/api_daily_weather_20260713.csv,True,live_valid,/home/runner/work/heatpulse-rajasthan/heatpulse-rajasthan/data/raw/api_daily_weather_20260713.csv,67,0,ok
2026-07-13 18:44:09,/home/runner/work/heatpulse-rajasthan/heatpulse-rajasthan/data/raw/api_daily_weather_20260713.csv,True,live_valid,/home/runner/work/heatpulse-rajasthan/heatpulse-rajasthan/data/raw/api_daily_weather_20260713.csv,67,0,ok
2026-07-14 03:56:40,/home/runner/work/heatpulse-rajasthan/heatpulse-rajasthan/data/raw/api_daily_weather_20260714.csv,True,live_valid,/home/runner/work/heatpulse-rajasthan/heatpulse-rajasthan/data/raw/api_daily_weather_20260714.csv,68,0,ok
2026-07-14 07:10:31,/home/runner/work/heatpulse-rajasthan/heatpulse-rajasthan/data/raw/api_daily_weather_20260714.csv,True,live_valid,/home/runner/work/heatpulse-rajasthan/heatpulse-rajasthan/data/raw/api_daily_weather_20260714.csv,68,0,ok
2026-07-14 10:46:53,/home/runner/work/heatpulse-rajasthan/heatpulse-rajasthan/data/raw/api_daily_weather_20260714.csv,True,live_valid,/home/runner/work/heatpulse-rajasthan/heatpulse-rajasthan/data/raw/api_daily_weather_20260714.csv,68,0,ok
2026-07-14 14:52:21,/home/runner/work/heatpulse-rajasthan/heatpulse-rajasthan/data/raw/api_daily_weather_20260714.csv,True,live_valid,/home/runner/work/heatpulse-rajasthan/heatpulse-rajasthan/data/raw/api_daily_weather_20260714.csv,68,0,ok
2026-07-14 18:03:55,/home/runner/work/heatpulse-rajasthan/heatpulse-rajasthan/data/raw/api_daily_weather_20260714.csv,True,live_valid,/home/runner/work/heatpulse-rajasthan/heatpulse-rajasthan/data/raw/api_daily_weather_20260714.csv,68,0,ok
2026-07-15 03:58:18,/home/runner/work/heatpulse-rajasthan/heatpulse-rajasthan/data/raw/api_daily_weather_20260715.csv,True,live_valid,/home/runner/work/heatpulse-rajasthan/heatpulse-rajasthan/data/raw/api_daily_weather_20260715.csv,69,0,ok
2026-07-15 07:14:42,/home/runner/work/heatpulse-rajasthan/heatpulse-rajasthan/data/raw/api_daily_weather_20260715.csv,True,live_valid,/home/runner/work/heatpulse-rajasthan/heatpulse-rajasthan/data/raw/api_daily_weather_20260715.csv,69,0,ok
2026-07-15 10:50:45,/home/runner/work/heatpulse-rajasthan/heatpulse-rajasthan/data/raw/api_daily_weather_20260715.csv,True,live_valid,/home/runner/work/heatpulse-rajasthan/heatpulse-rajasthan/data/raw/api_daily_weather_20260715.csv,69,0,ok
2026-07-15 14:51:23,/home/runner/work/heatpulse-rajasthan/heatpulse-rajasthan/data/raw/api_daily_weather_20260715.csv,True,live_valid,/home/runner/work/heatpulse-rajasthan/heatpulse-rajasthan/data/raw/api_daily_weather_20260715.csv,69,0,ok
2026-07-15 18:08:23,/home/runner/work/heatpulse-rajasthan/heatpulse-rajasthan/data/raw/api_daily_weather_20260715.csv,True,live_valid,/home/runner/work/heatpulse-rajasthan/heatpulse-rajasthan/data/raw/api_daily_weather_20260715.csv,69,0,ok
2026-07-16 04:08:46,/home/runner/work/heatpulse-rajasthan/heatpulse-rajasthan/data/raw/api_daily_weather_20260716.csv,True,live_valid,/home/runner/work/heatpulse-rajasthan/heatpulse-rajasthan/data/raw/api_daily_weather_20260716.csv,70,0,ok
2026-07-16 07:22:16,/home/runner/work/heatpulse-rajasthan/heatpulse-rajasthan/data/raw/api_daily_weather_20260716.csv,True,live_valid,/home/runner/work/heatpulse-rajasthan/heatpulse-rajasthan/data/raw/api_daily_weather_20260716.csv,70,0,ok
2026-07-16 11:01:16,/home/runner/work/heatpulse-rajasthan/heatpulse-rajasthan/data/raw/api_daily_weather_20260716.csv,True,live_valid,/home/runner/work/heatpulse-rajasthan/heatpulse-rajasthan/data/raw/api_daily_weather_20260716.csv,70,0,ok
2026-07-16 15:02:44,/home/runner/work/heatpulse-rajasthan/heatpulse-rajasthan/data/raw/api_daily_weather_20260716.csv,True,live_valid,/home/runner/work/heatpulse-rajasthan/heatpulse-rajasthan/data/raw/api_daily_weather_20260716.csv,70,0,ok
2026-07-16 18:07:26,/home/runner/work/heatpulse-rajasthan/heatpulse-rajasthan/data/raw/api_daily_weather_20260716.csv,True,live_valid,/home/runner/work/heatpulse-rajasthan/heatpulse-rajasthan/data/raw/api_daily_weather_20260716.csv,70,0,ok
2026-07-17 04:06:38,/home/runner/work/heatpulse-rajasthan/heatpulse-rajasthan/data/raw/api_daily_weather_20260717.csv,True,live_valid,/home/runner/work/heatpulse-rajasthan/heatpulse-rajasthan/data/raw/api_daily_weather_20260717.csv,71,0,ok
2026-07-17 07:17:02,/home/runner/work/heatpulse-rajasthan/heatpulse-rajasthan/data/raw/api_daily_weather_20260717.csv,True,live_valid,/home/runner/work/heatpulse-rajasthan/heatpulse-rajasthan/data/raw/api_daily_weather_20260717.csv,71,0,ok
2026-07-17 10:47:41,/home/runner/work/heatpulse-rajasthan/heatpulse-rajasthan/data/raw/api_daily_weather_20260717.csv,True,live_valid,/home/runner/work/heatpulse-rajasthan/heatpulse-rajasthan/data/raw/api_daily_weather_20260717.csv,71,0,ok
2026-07-17 14:44:23,/home/runner/work/heatpulse-rajasthan/heatpulse-rajasthan/data/raw/api_daily_weather_20260717.csv,True,live_valid,/home/runner/work/heatpulse-rajasthan/heatpulse-rajasthan/data/raw/api_daily_weather_20260717.csv,71,0,ok
2026-07-17 18:06:06,/home/runner/work/heatpulse-rajasthan/heatpulse-rajasthan/data/raw/api_daily_weather_20260717.csv,True,live_valid,/home/runner/work/heatpulse-rajasthan/heatpulse-rajasthan/data/raw/api_daily_weather_20260717.csv,71,0,ok
2026-07-18 03:54:57,/home/runner/work/heatpulse-rajasthan/heatpulse-rajasthan/data/raw/api_daily_weather_20260718.csv,True,live_valid,/home/runner/work/heatpulse-rajasthan/heatpulse-rajasthan/data/raw/api_daily_weather_20260718.csv,72,0,ok
2026-07-18 07:00:37,/home/runner/work/heatpulse-rajasthan/heatpulse-rajasthan/data/raw/api_daily_weather_20260718.csv,True,live_valid,/home/runner/work/heatpulse-rajasthan/heatpulse-rajasthan/data/raw/api_daily_weather_20260718.csv,72,0,ok
2026-07-18 10:19:11,/home/runner/work/heatpulse-rajasthan/heatpulse-rajasthan/data/raw/api_daily_weather_20260718.csv,True,live_valid,/home/runner/work/heatpulse-rajasthan/heatpulse-rajasthan/data/raw/api_daily_weather_20260718.csv,72,0,ok
2026-07-18 14:20:23,/home/runner/work/heatpulse-rajasthan/heatpulse-rajasthan/data/raw/api_daily_weather_20260718.csv,True,live_valid,/home/runner/work/heatpulse-rajasthan/heatpulse-rajasthan/data/raw/api_daily_weather_20260718.csv,72,0,ok
2026-07-18 17:56:10,/home/runner/work/heatpulse-rajasthan/heatpulse-rajasthan/data/raw/api_daily_weather_20260718.csv,True,live_valid,/home/runner/work/heatpulse-rajasthan/heatpulse-rajasthan/data/raw/api_daily_weather_20260718.csv,72,0,ok
2026-07-19 04:21:15,/home/runner/work/heatpulse-rajasthan/heatpulse-rajasthan/data/raw/api_daily_weather_20260719.csv,True,live_valid,/home/runner/work/heatpulse-rajasthan/heatpulse-rajasthan/data/raw/api_daily_weather_20260719.csv,73,0,ok
2026-07-19 07:26:48,/home/runner/work/heatpulse-rajasthan/heatpulse-rajasthan/data/raw/api_daily_weather_20260719.csv,True,live_valid,/home/runner/work/heatpulse-rajasthan/heatpulse-rajasthan/data/raw/api_daily_weather_20260719.csv,73,0,ok
2026-07-19 10:34:59,/home/runner/work/heatpulse-rajasthan/heatpulse-rajasthan/data/raw/api_daily_weather_20260719.csv,True,live_valid,/home/runner/work/heatpulse-rajasthan/heatpulse-rajasthan/data/raw/api_daily_weather_20260719.csv,73,0,ok
2026-07-19 14:23:51,/home/runner/work/heatpulse-rajasthan/heatpulse-rajasthan/data/raw/api_daily_weather_20260719.csv,True,live_valid,/home/runner/work/heatpulse-rajasthan/heatpulse-rajasthan/data/raw/api_daily_weather_20260719.csv,73,0,ok
2026-07-19 17:57:41,/home/runner/work/heatpulse-rajasthan/heatpulse-rajasthan/data/raw/api_daily_weather_20260719.csv,True,live_valid,/home/runner/work/heatpulse-rajasthan/heatpulse-rajasthan/data/raw/api_daily_weather_20260719.csv,73,0,ok
2026-07-20 04:35:53,/home/runner/work/heatpulse-rajasthan/heatpulse-rajasthan/data/raw/api_daily_weather_20260720.csv,True,live_valid,/home/runner/work/heatpulse-rajasthan/heatpulse-rajasthan/data/raw/api_daily_weather_20260720.csv,74,0,ok
2026-07-20 08:05:48,/home/runner/work/heatpulse-rajasthan/heatpulse-rajasthan/data/raw/api_daily_weather_20260720.csv,True,live_valid,/home/runner/work/heatpulse-rajasthan/heatpulse-rajasthan/data/raw/api_daily_weather_20260720.csv,74,0,ok
2026-07-20 11:45:48,/home/runner/work/heatpulse-rajasthan/heatpulse-rajasthan/data/raw/api_daily_weather_20260720.csv,True,live_valid,/home/runner/work/heatpulse-rajasthan/heatpulse-rajasthan/data/raw/api_daily_weather_20260720.csv,74,0,ok
2026-07-20 15:11:57,/home/runner/work/heatpulse-rajasthan/heatpulse-rajasthan/data/raw/api_daily_weather_20260720.csv,True,live_valid,/home/runner/work/heatpulse-rajasthan/heatpulse-rajasthan/data/raw/api_daily_weather_20260720.csv,74,0,ok
2026-07-20 18:52:47,/home/runner/work/heatpulse-rajasthan/heatpulse-rajasthan/data/raw/api_daily_weather_20260720.csv,True,live_valid,/home/runner/work/heatpulse-rajasthan/heatpulse-rajasthan/data/raw/api_daily_weather_20260720.csv,74,0,ok
2026-07-21 04:15:36,/home/runner/work/heatpulse-rajasthan/heatpulse-rajasthan/data/raw/api_daily_weather_20260721.csv,True,live_valid,/home/runner/work/heatpulse-rajasthan/heatpulse-rajasthan/data/raw/api_daily_weather_20260721.csv,75,0,ok
2026-07-21 07:32:59,/home/runner/work/heatpulse-rajasthan/heatpulse-rajasthan/data/raw/api_daily_weather_20260721.csv,True,live_valid,/home/runner/work/heatpulse-rajasthan/heatpulse-rajasthan/data/raw/api_daily_weather_20260721.csv,75,0,ok
2026-07-21 11:09:16,/home/runner/work/heatpulse-rajasthan/heatpulse-rajasthan/data/raw/api_daily_weather_20260721.csv,True,live_valid,/home/runner/work/heatpulse-rajasthan/heatpulse-rajasthan/data/raw/api_daily_weather_20260721.csv,75,0,ok
2026-07-21 15:04:22,/home/runner/work/heatpulse-rajasthan/heatpulse-rajasthan/data/raw/api_daily_weather_20260721.csv,True,live_valid,/home/runner/work/heatpulse-rajasthan/heatpulse-rajasthan/data/raw/api_daily_weather_20260721.csv,75,0,ok
2026-07-21 18:16:02,/home/runner/work/heatpulse-rajasthan/heatpulse-rajasthan/data/raw/api_daily_weather_20260721.csv,True,live_valid,/home/runner/work/heatpulse-rajasthan/heatpulse-rajasthan/data/raw/api_daily_weather_20260721.csv,75,0,ok
2026-07-22 04:17:10,/home/runner/work/heatpulse-rajasthan/heatpulse-rajasthan/data/raw/api_daily_weather_20260722.csv,True,live_valid,/home/runner/work/heatpulse-rajasthan/heatpulse-rajasthan/data/raw/api_daily_weather_20260722.csv,76,0,ok
2026-07-22 07:34:24,/home/runner/work/heatpulse-rajasthan/heatpulse-rajasthan/data/raw/api_daily_weather_20260722.csv,True,live_valid,/home/runner/work/heatpulse-rajasthan/heatpulse-rajasthan/data/raw/api_daily_weather_20260722.csv,76,0,ok
2026-07-22 11:10:21,/home/runner/work/heatpulse-rajasthan/heatpulse-rajasthan/data/raw/api_daily_weather_20260722.csv,True,live_valid,/home/runner/work/heatpulse-rajasthan/heatpulse-rajasthan/data/raw/api_daily_weather_20260722.csv,76,0,ok
2026-07-22 15:04:39,/home/runner/work/heatpulse-rajasthan/heatpulse-rajasthan/data/raw/api_daily_weather_20260722.csv,True,live_valid,/home/runner/work/heatpulse-rajasthan/heatpulse-rajasthan/data/raw/api_daily_weather_20260722.csv,76,0,ok
2026-07-22 18:08:08,/home/runner/work/heatpulse-rajasthan/heatpulse-rajasthan/data/raw/api_daily_weather_20260722.csv,True,live_valid,/home/runner/work/heatpulse-rajasthan/heatpulse-rajasthan/data/raw/api_daily_weather_20260722.csv,76,0,ok
2026-07-23 04:15:32,/home/runner/work/heatpulse-rajasthan/heatpulse-rajasthan/data/raw/api_daily_weather_20260723.csv,True,live_valid,/home/runner/work/heatpulse-rajasthan/heatpulse-rajasthan/data/raw/api_daily_weather_20260723.csv,77,0,ok
2026-07-23 07:33:25,/home/runner/work/heatpulse-rajasthan/heatpulse-rajasthan/data/raw/api_daily_weather_20260723.csv,True,live_valid,/home/runner/work/heatpulse-rajasthan/heatpulse-rajasthan/data/raw/api_daily_weather_20260723.csv,77,0,ok
2026-07-23 11:10:39,/home/runner/work/heatpulse-rajasthan/heatpulse-rajasthan/data/raw/api_daily_weather_20260723.csv,True,live_valid,/home/runner/work/heatpulse-rajasthan/heatpulse-rajasthan/data/raw/api_daily_weather_20260723.csv,77,0,ok
2026-07-23 15:09:22,/home/runner/work/heatpulse-rajasthan/heatpulse-rajasthan/data/raw/api_daily_weather_20260723.csv,True,live_valid,/home/runner/work/heatpulse-rajasthan/heatpulse-rajasthan/data/raw/api_daily_weather_20260723.csv,77,0,ok
2026-07-23 18:12:51,/home/runner/work/heatpulse-rajasthan/heatpulse-rajasthan/data/raw/api_daily_weather_20260723.csv,True,live_valid,/home/runner/work/heatpulse-rajasthan/heatpulse-rajasthan/data/raw/api_daily_weather_20260723.csv,77,0,ok
2026-07-24 04:14:59,/home/runner/work/heatpulse-rajasthan/heatpulse-rajasthan/data/raw/api_daily_weather_20260724.csv,True,live_valid,/home/runner/work/heatpulse-rajasthan/heatpulse-rajasthan/data/raw/api_daily_weather_20260724.csv,78,0,ok
2026-07-24 07:31:40,/home/runner/work/heatpulse-rajasthan/heatpulse-rajasthan/data/raw/api_daily_weather_20260724.csv,True,live_valid,/home/runner/work/heatpulse-rajasthan/heatpulse-rajasthan/data/raw/api_daily_weather_20260724.csv,78,0,ok
2026-07-24 11:03:40,/home/runner/work/heatpulse-rajasthan/heatpulse-rajasthan/data/raw/api_daily_weather_20260724.csv,True,live_valid,/home/runner/work/heatpulse-rajasthan/heatpulse-rajasthan/data/raw/api_daily_weather_20260724.csv,78,0,ok
2026-07-24 14:55:29,/home/runner/work/heatpulse-rajasthan/heatpulse-rajasthan/data/raw/api_daily_weather_20260724.csv,True,live_valid,/home/runner/work/heatpulse-rajasthan/heatpulse-rajasthan/data/raw/api_daily_weather_20260724.csv,78,0,ok
2026-07-24 18:18:34,/home/runner/work/heatpulse-rajasthan/heatpulse-rajasthan/data/raw/api_daily_weather_20260724.csv,True,live_valid,/home/runner/work/heatpulse-rajasthan/heatpulse-rajasthan/data/raw/api_daily_weather_20260724.csv,78,0,ok
2026-07-25 04:11:14,/home/runner/work/heatpulse-rajasthan/heatpulse-rajasthan/data/raw/api_daily_weather_20260725.csv,True,live_valid,/home/runner/work/heatpulse-rajasthan/heatpulse-rajasthan/data/raw/api_daily_weather_20260725.csv,79,0,ok
2026-07-25 07:17:50,/home/runner/work/heatpulse-rajasthan/heatpulse-rajasthan/data/raw/api_daily_weather_20260725.csv,True,live_valid,/home/runner/work/heatpulse-rajasthan/heatpulse-rajasthan/data/raw/api_daily_weather_20260725.csv,79,0,ok
2026-07-25 10:27:37,/home/runner/work/heatpulse-rajasthan/heatpulse-rajasthan/data/raw/api_daily_weather_20260725.csv,True,live_valid,/home/runner/work/heatpulse-rajasthan/heatpulse-rajasthan/data/raw/api_daily_weather_20260725.csv,79,0,ok
2026-07-25 14:38:12,/home/runner/work/heatpulse-rajasthan/heatpulse-rajasthan/data/raw/api_daily_weather_20260725.csv,True,live_valid,/home/runner/work/heatpulse-rajasthan/heatpulse-rajasthan/data/raw/api_daily_weather_20260725.csv,79,0,ok
2026-07-25 17:58:48,/home/runner/work/heatpulse-rajasthan/heatpulse-rajasthan/data/raw/api_daily_weather_20260725.csv,True,live_valid,/home/runner/work/heatpulse-rajasthan/heatpulse-rajasthan/data/raw/api_daily_weather_20260725.csv,79,0,ok
2026-07-26 04:26:49,/home/runner/work/heatpulse-rajasthan/heatpulse-rajasthan/data/raw/api_daily_weather_20260726.csv,True,live_valid,/home/runner/work/heatpulse-rajasthan/heatpulse-rajasthan/data/raw/api_daily_weather_20260726.csv,80,0,ok
2026-07-26 07:35:48,/home/runner/work/heatpulse-rajasthan/heatpulse-rajasthan/data/raw/api_daily_weather_20260726.csv,True,live_valid,/home/runner/work/heatpulse-rajasthan/heatpulse-rajasthan/data/raw/api_daily_weather_20260726.csv,80,0,ok
2026-07-26 10:45:00,/home/runner/work/heatpulse-rajasthan/heatpulse-rajasthan/data/raw/api_daily_weather_20260726.csv,True,live_valid,/home/runner/work/heatpulse-rajasthan/heatpulse-rajasthan/data/raw/api_daily_weather_20260726.csv,80,0,ok
2026-07-26 14:36:47,/home/runner/work/heatpulse-rajasthan/heatpulse-rajasthan/data/raw/api_daily_weather_20260726.csv,True,live_valid,/home/runner/work/heatpulse-rajasthan/heatpulse-rajasthan/data/raw/api_daily_weather_20260726.csv,80,0,ok
2026-07-26 18:02:00,/home/runner/work/heatpulse-rajasthan/heatpulse-rajasthan/data/raw/api_daily_weather_20260726.csv,True,live_valid,/home/runner/work/heatpulse-rajasthan/heatpulse-rajasthan/data/raw/api_daily_weather_20260726.csv,80,0,ok
2026-07-27 04:36:49,/home/runner/work/heatpulse-rajasthan/heatpulse-rajasthan/data/raw/api_daily_weather_20260727.csv,True,live_valid,/home/runner/work/heatpulse-rajasthan/heatpulse-rajasthan/data/raw/api_daily_weather_20260727.csv,81,0,ok
2026-07-27 08:31:07,/home/runner/work/heatpulse-rajasthan/heatpulse-rajasthan/data/raw/api_daily_weather_20260727.csv,True,live_valid,/home/runner/work/heatpulse-rajasthan/heatpulse-rajasthan/data/raw/api_daily_weather_20260727.csv,81,0,ok
2026-07-27 12:24:29,/home/runner/work/heatpulse-rajasthan/heatpulse-rajasthan/data/raw/api_daily_weather_20260727.csv,True,live_valid,/home/runner/work/heatpulse-rajasthan/heatpulse-rajasthan/data/raw/api_daily_weather_20260727.csv,81,0,ok
2026-07-27 15:42:20,/home/runner/work/heatpulse-rajasthan/heatpulse-rajasthan/data/raw/api_daily_weather_20260727.csv,True,live_valid,/home/runner/work/heatpulse-rajasthan/heatpulse-rajasthan/data/raw/api_daily_weather_20260727.csv,81,0,ok
2026-07-27 18:24:27,/home/runner/work/heatpulse-rajasthan/heatpulse-rajasthan/data/raw/api_daily_weather_20260727.csv,True,live_valid,/home/runner/work/heatpulse-rajasthan/heatpulse-rajasthan/data/raw/api_daily_weather_20260727.csv,81,0,ok
2026-07-28 04:10:27,/home/runner/work/heatpulse-rajasthan/heatpulse-rajasthan/data/raw/api_daily_weather_20260728.csv,True,live_valid,/home/runner/work/heatpulse-rajasthan/heatpulse-rajasthan/data/raw/api_daily_weather_20260728.csv,82,0,ok
2026-07-28 07:39:31,/home/runner/work/heatpulse-rajasthan/heatpulse-rajasthan/data/raw/api_daily_weather_20260728.csv,True,live_valid,/home/runner/work/heatpulse-rajasthan/heatpulse-rajasthan/data/raw/api_daily_weather_20260728.csv,82,0,ok
2026-07-28 11:17:57,/home/runner/work/heatpulse-rajasthan/heatpulse-rajasthan/data/raw/api_daily_weather_20260728.csv,True,live_valid,/home/runner/work/heatpulse-rajasthan/heatpulse-rajasthan/data/raw/api_daily_weather_20260728.csv,82,0,ok
2026-07-28 15:21:53,/home/runner/work/heatpulse-rajasthan/heatpulse-rajasthan/data/raw/api_daily_weather_20260728.csv,True,live_valid,/home/runner/work/heatpulse-rajasthan/heatpulse-rajasthan/data/raw/api_daily_weather_20260728.csv,82,0,ok
2026-07-28 18:14:39,/home/runner/work/heatpulse-rajasthan/heatpulse-rajasthan/data/raw/api_daily_weather_20260728.csv,True,live_valid,/home/runner/work/heatpulse-rajasthan/heatpulse-rajasthan/data/raw/api_daily_weather_20260728.csv,82,0,ok
2026-07-29 04:12:27,/home/runner/work/heatpulse-rajasthan/heatpulse-rajasthan/data/raw/api_daily_weather_20260729.csv,True,live_valid,/home/runner/work/heatpulse-rajasthan/heatpulse-rajasthan/data/raw/api_daily_weather_20260729.csv,83,0,ok
2026-07-29 07:43:37,/home/runner/work/heatpulse-rajasthan/heatpulse-rajasthan/data/raw/api_daily_weather_20260729.csv,True,live_valid,/home/runner/work/heatpulse-rajasthan/heatpulse-rajasthan/data/raw/api_daily_weather_20260729.csv,83,0,ok
2026-07-29 11:26:33,/home/runner/work/heatpulse-rajasthan/heatpulse-rajasthan/data/raw/api_daily_weather_20260729.csv,True,live_valid,/home/runner/work/heatpulse-rajasthan/heatpulse-rajasthan/data/raw/api_daily_weather_20260729.csv,83,0,ok
2026-07-29 15:08:06,/home/runner/work/heatpulse-rajasthan/heatpulse-rajasthan/data/raw/api_daily_weather_20260729.csv,True,live_valid,/home/runner/work/heatpulse-rajasthan/heatpulse-rajasthan/data/raw/api_daily_weather_20260729.csv,83,0,ok
2026-07-29 18:08:15,/home/runner/work/heatpulse-rajasthan/heatpulse-rajasthan/data/raw/api_daily_weather_20260729.csv,True,live_valid,/home/runner/work/heatpulse-rajasthan/heatpulse-rajasthan/data/raw/api_daily_weather_20260729.csv,83,0,ok
2026-07-30 03:57:07,/home/runner/work/heatpulse-rajasthan/heatpulse-rajasthan/data/raw/api_daily_weather_20260730.csv,True,live_valid,/home/runner/work/heatpulse-rajasthan/heatpulse-rajasthan/data/raw/api_daily_weather_20260730.csv,84,0,ok
2026-07-30 07:33:41,/home/runner/work/heatpulse-rajasthan/heatpulse-rajasthan/data/raw/api_daily_weather_20260730.csv,True,live_valid,/home/runner/work/heatpulse-rajasthan/heatpulse-rajasthan/data/raw/api_daily_weather_20260730.csv,84,0,ok
2026-07-30 11:08:35,/home/runner/work/heatpulse-rajasthan/heatpulse-rajasthan/data/raw/api_daily_weather_20260730.csv,True,live_valid,/home/runner/work/heatpulse-rajasthan/heatpulse-rajasthan/data/raw/api_daily_weather_20260730.csv,84,0,ok
2026-07-30 15:10:38,/home/runner/work/heatpulse-rajasthan/heatpulse-rajasthan/data/raw/api_daily_weather_20260730.csv,True,live_valid,/home/runner/work/heatpulse-rajasthan/heatpulse-rajasthan/data/raw/api_daily_weather_20260730.csv,84,0,ok
2026-07-30 18:16:36,/home/runner/work/heatpulse-rajasthan/heatpulse-rajasthan/data/raw/api_daily_weather_20260730.csv,True,live_valid,/home/runner/work/heatpulse-rajasthan/heatpulse-rajasthan/data/raw/api_daily_weather_20260730.csv,84,0,ok
2026-07-31 04:22:50,/home/runner/work/heatpulse-rajasthan/heatpulse-rajasthan/data/raw/api_daily_weather_20260731.csv,True,live_valid,/home/runner/work/heatpulse-rajasthan/heatpulse-rajasthan/data/raw/api_daily_weather_20260731.csv,85,0,ok
2026-07-31 07:50:47,/home/runner/work/heatpulse-rajasthan/heatpulse-rajasthan/data/raw/api_daily_weather_20260731.csv,True,live_valid,/home/runner/work/heatpulse-rajasthan/heatpulse-rajasthan/data/raw/api_daily_weather_20260731.csv,85,0,ok
2026-07-31 11:29:47,/home/runner/work/heatpulse-rajasthan/heatpulse-rajasthan/data/raw/api_daily_weather_20260731.csv,True,live_valid,/home/runner/work/heatpulse-rajasthan/heatpulse-rajasthan/data/raw/api_daily_weather_20260731.csv,85,0,ok
2026-07-31 15:19:56,/home/runner/work/heatpulse-rajasthan/heatpulse-rajasthan/data/raw/api_daily_weather_20260731.csv,True,live_valid,/home/runner/work/heatpulse-rajasthan/heatpulse-rajasthan/data/raw/api_daily_weather_20260731.csv,85,0,ok
2026-07-31 18:21:08,/home/runner/work/heatpulse-rajasthan/heatpulse-rajasthan/data/raw/api_daily_weather_20260731.csv,True,live_valid,/home/runner/work/heatpulse-rajasthan/heatpulse-rajasthan/data/raw/api_daily_weather_20260731.csv,85,0,ok
2026-08-01 04:21:33,/home/runner/work/heatpulse-rajasthan/heatpulse-rajasthan/data/raw/api_daily_weather_20260801.csv,True,live_valid,/home/runner/work/heatpulse-rajasthan/heatpulse-rajasthan/data/raw/api_daily_weather_20260801.csv,86,0,ok
2026-08-01 07:27:48,/home/runner/work/heatpulse-rajasthan/heatpulse-rajasthan/data/raw/api_daily_weather_20260801.csv,True,live_valid,/home/runner/work/heatpulse-rajasthan/heatpulse-rajasthan/data/raw/api_daily_weather_20260801.csv,86,0,ok
2026-08-01 10:41:02,/home/runner/work/heatpulse-rajasthan/heatpulse-rajasthan/data/raw/api_daily_weather_20260801.csv,True,live_valid,/home/runner/work/heatpulse-rajasthan/heatpulse-rajasthan/data/raw/api_daily_weather_20260801.csv,86,0,ok
2026-08-01 14:26:36,/home/runner/work/heatpulse-rajasthan/heatpulse-rajasthan/data/raw/api_daily_weather_20260801.csv,True,live_valid,/home/runner/work/heatpulse-rajasthan/heatpulse-rajasthan/data/raw/api_daily_weather_20260801.csv,86,0,ok
2026-08-01 18:02:28,/home/runner/work/heatpulse-rajasthan/heatpulse-rajasthan/data/raw/api_daily_weather_20260801.csv,True,live_valid,/home/runner/work/heatpulse-rajasthan/heatpulse-rajasthan/data/raw/api_daily_weather_20260801.csv,86,0,ok
2026-08-02 04:23:27,/home/runner/work/heatpulse-rajasthan/heatpulse-rajasthan/data/raw/api_daily_weather_20260802.csv,True,live_valid,/home/runner/work/heatpulse-rajasthan/heatpulse-rajasthan/data/raw/api_daily_weather_20260802.csv,87,0,ok
2026-08-02 07:31:46,/home/runner/work/heatpulse-rajasthan/heatpulse-rajasthan/data/raw/api_daily_weather_20260802.csv,True,live_valid,/home/runner/work/heatpulse-rajasthan/heatpulse-rajasthan/data/raw/api_daily_weather_20260802.csv,87,0,ok
2026-08-02 10:41:45,/home/runner/work/heatpulse-rajasthan/heatpulse-rajasthan/data/raw/api_daily_weather_20260802.csv,True,live_valid,/home/runner/work/heatpulse-rajasthan/heatpulse-rajasthan/data/raw/api_daily_weather_20260802.csv,87,0,ok
2026-08-02 14:36:29,/home/runner/work/heatpulse-rajasthan/heatpulse-rajasthan/data/raw/api_daily_weather_20260802.csv,True,live_valid,/home/runner/work/heatpulse-rajasthan/heatpulse-rajasthan/data/raw/api_daily_weather_20260802.csv,87,0,ok
2026-08-02 18:00:52,/home/runner/work/heatpulse-rajasthan/heatpulse-rajasthan/data/raw/api_daily_weather_20260802.csv,True,live_valid,/home/runner/work/heatpulse-rajasthan/heatpulse-rajasthan/data/raw/api_daily_weather_20260802.csv,87,0,ok
2026-08-03 04:30:52,/home/runner/work/heatpulse-rajasthan/heatpulse-rajasthan/data/raw/api_daily_weather_20260803.csv,True,live_valid,/home/runner/work/heatpulse-rajasthan/heatpulse-rajasthan/data/raw/api_daily_weather_20260803.csv,88,0,ok
2026-08-03 08:29:16,/home/runner/work/heatpulse-rajasthan/heatpulse-rajasthan/data/raw/api_daily_weather_20260803.csv,True,live_valid,/home/runner/work/heatpulse-rajasthan/heatpulse-rajasthan/data/raw/api_daily_weather_20260803.csv,88,0,ok
2026-08-03 12:24:35,/home/runner/work/heatpulse-rajasthan/heatpulse-rajasthan/data/raw/api_daily_weather_20260803.csv,True,live_valid,/home/runner/work/heatpulse-rajasthan/heatpulse-rajasthan/data/raw/api_daily_weather_20260803.csv,88,0,ok
2026-08-03 15:43:34,/home/runner/work/heatpulse-rajasthan/heatpulse-rajasthan/data/raw/api_daily_weather_20260803.csv,True,live_valid,/home/runner/work/heatpulse-rajasthan/heatpulse-rajasthan/data/raw/api_daily_weather_20260803.csv,88,0,ok
2026-08-03 18:51:03,/home/runner/work/heatpulse-rajasthan/heatpulse-rajasthan/data/raw/api_daily_weather_20260803.csv,True,live_valid,/home/runner/work/heatpulse-rajasthan/heatpulse-rajasthan/data/raw/api_daily_weather_20260803.csv,88,0,ok
2026-08-04 04:14:28,/home/runner/work/heatpulse-rajasthan/heatpulse-rajasthan/data/raw/api_daily_weather_20260804.csv,True,live_valid,/home/runner/work/heatpulse-rajasthan/heatpulse-rajasthan/data/raw/api_daily_weather_20260804.csv,89,0,ok
2026-08-04 07:39:58,/home/runner/work/heatpulse-rajasthan/heatpulse-rajasthan/data/raw/api_daily_weather_20260804.csv,True,live_valid,/home/runner/work/heatpulse-rajasthan/heatpulse-rajasthan/data/raw/api_daily_weather_20260804.csv,89,0,ok
2026-08-04 11:23:48,/home/runner/work/heatpulse-rajasthan/heatpulse-rajasthan/data/raw/api_daily_weather_20260804.csv,True,live_valid,/home/runner/work/heatpulse-rajasthan/heatpulse-rajasthan/data/raw/api_daily_weather_20260804.csv,89,0,ok
2026-08-04 15:24:14,/home/runner/work/heatpulse-rajasthan/heatpulse-rajasthan/data/raw/api_daily_weather_20260804.csv,True,live_valid,/home/runner/work/heatpulse-rajasthan/heatpulse-rajasthan/data/raw/api_daily_weather_20260804.csv,89,0,ok
2026-08-04 18:27:49,/home/runner/work/heatpulse-rajasthan/heatpulse-rajasthan/data/raw/api_daily_weather_20260804.csv,True,live_valid,/home/runner/work/heatpulse-rajasthan/heatpulse-rajasthan/data/raw/api_daily_weather_20260804.csv,89,0,ok
2026-08-05 04:10:02,/home/runner/work/heatpulse-rajasthan/heatpulse-rajasthan/data/raw/api_daily_weather_20260805.csv,True,live_valid,/home/runner/work/heatpulse-rajasthan/heatpulse-rajasthan/data/raw/api_daily_weather_20260805.csv,90,0,ok
2026-08-05 07:39:21,/home/runner/work/heatpulse-rajasthan/heatpulse-rajasthan/data/raw/api_daily_weather_20260805.csv,True,live_valid,/home/runner/work/heatpulse-rajasthan/heatpulse-rajasthan/data/raw/api_daily_weather_20260805.csv,90,0,ok
2026-08-05 11:21:22,/home/runner/work/heatpulse-rajasthan/heatpulse-rajasthan/data/raw/api_daily_weather_20260805.csv,True,live_valid,/home/runner/work/heatpulse-rajasthan/heatpulse-rajasthan/data/raw/api_daily_weather_20260805.csv,90,0,ok
2026-08-05 15:14:32,/home/runner/work/heatpulse-rajasthan/heatpulse-rajasthan/data/raw/api_daily_weather_20260805.csv,True,live_valid,/home/runner/work/heatpulse-rajasthan/heatpulse-rajasthan/data/raw/api_daily_weather_20260805.csv,90,0,ok
2026-08-05 18:22:14,/home/runner/work/heatpulse-rajasthan/heatpulse-rajasthan/data/raw/api_daily_weather_20260805.csv,True,live_valid,/home/runner/work/heatpulse-rajasthan/heatpulse-rajasthan/data/raw/api_daily_weather_20260805.csv,90,0,ok
2026-08-06 04:13:07,/home/runner/work/heatpulse-rajasthan/heatpulse-rajasthan/data/raw/api_daily_weather_20260806.csv,True,live_valid,/home/runner/work/heatpulse-rajasthan/heatpulse-rajasthan/data/raw/api_daily_weather_20260806.csv,91,0,ok
2026-08-06 07:40:17,/home/runner/work/heatpulse-rajasthan/heatpulse-rajasthan/data/raw/api_daily_weather_20260806.csv,True,live_valid,/home/runner/work/heatpulse-rajasthan/heatpulse-rajasthan/data/raw/api_daily_weather_20260806.csv,91,0,ok
2026-08-06 11:23:14,/home/runner/work/heatpulse-rajasthan/heatpulse-rajasthan/data/raw/api_daily_weather_20260806.csv,True,live_valid,/home/runner/work/heatpulse-rajasthan/heatpulse-rajasthan/data/raw/api_daily_weather_20260806.csv,91,0,ok
2026-08-06 15:13:34,/home/runner/work/heatpulse-rajasthan/heatpulse-rajasthan/data/raw/api_daily_weather_20260806.csv,True,live_valid,/home/runner/work/heatpulse-rajasthan/heatpulse-rajasthan/data/raw/api_daily_weather_20260806.csv,91,0,ok
2026-08-07 03:49:43,/home/runner/work/heatpulse-rajasthan/heatpulse-rajasthan/data/raw/api_daily_weather_20260807.csv,True,live_valid,/home/runner/work/heatpulse-rajasthan/heatpulse-rajasthan/data/raw/api_daily_weather_20260807.csv,92,0,ok
2026-08-07 06:09:15,/home/runner/work/heatpulse-rajasthan/heatpulse-rajasthan/data/raw/api_daily_weather_20260807.csv,True,live_valid,/home/runner/work/heatpulse-rajasthan/heatpulse-rajasthan/data/raw/api_daily_weather_20260807.csv,92,0,ok
2026-08-07 10:02:06,/home/runner/work/heatpulse-rajasthan/heatpulse-rajasthan/data/raw/api_daily_weather_20260807.csv,True,live_valid,/home/runner/work/heatpulse-rajasthan/heatpulse-rajasthan/data/raw/api_daily_weather_20260807.csv,92,0,ok
2026-08-07 14:13:11,/home/runner/work/heatpulse-rajasthan/heatpulse-rajasthan/data/raw/api_daily_weather_20260807.csv,True,live_valid,/home/runner/work/heatpulse-rajasthan/heatpulse-rajasthan/data/raw/api_daily_weather_20260807.csv,92,0,ok
2026-08-07 17:50:11,/home/runner/work/heatpulse-rajasthan/heatpulse-rajasthan/data/raw/api_daily_weather_20260807.csv,True,live_valid,/home/runner/work/heatpulse-rajasthan/heatpulse-rajasthan/data/raw/api_daily_weather_20260807.csv,92,0,ok
2026-08-08 02:54:18,/home/runner/work/heatpulse-rajasthan/heatpulse-rajasthan/data/raw/api_daily_weather_20260808.csv,True,live_valid,/home/runner/work/heatpulse-rajasthan/heatpulse-rajasthan/data/raw/api_daily_weather_20260808.csv,93,0,ok
2026-08-08 05:42:25,/home/runner/work/heatpulse-rajasthan/heatpulse-rajasthan/data/raw/api_daily_weather_20260808.csv,True,live_valid,/home/runner/work/heatpulse-rajasthan/heatpulse-rajasthan/data/raw/api_daily_weather_20260808.csv,93,0,ok
2026-08-08 09:38:35,/home/runner/work/heatpulse-rajasthan/heatpulse-rajasthan/data/raw/api_daily_weather_20260808.csv,True,live_valid,/home/runner/work/heatpulse-rajasthan/heatpulse-rajasthan/data/raw/api_daily_weather_20260808.csv,93,0,ok
2026-08-08 13:46:14,/home/runner/work/heatpulse-rajasthan/heatpulse-rajasthan/data/raw/api_daily_weather_20260808.csv,True,live_valid,/home/runner/work/heatpulse-rajasthan/heatpulse-rajasthan/data/raw/api_daily_weather_20260808.csv,93,0,ok
2026-08-08 17:31:06,/home/runner/work/heatpulse-rajasthan/heatpulse-rajasthan/data/raw/api_daily_weather_20260808.csv,True,live_valid,/home/runner/work/heatpulse-rajasthan/heatpulse-rajasthan/data/raw/api_daily_weather_20260808.csv,93,0,ok
2026-08-09 03:02:18,/home/runner/work/heatpulse-rajasthan/heatpulse-rajasthan/data/raw/api_daily_weather_20260809.csv,True,live_valid,/home/runner/work/heatpulse-rajasthan/heatpulse-rajasthan/data/raw/api_daily_weather_20260809.csv,94,0,ok
2026-08-09 05:47:02,/home/runner/work/heatpulse-rajasthan/heatpulse-rajasthan/data/raw/api_daily_weather_20260809.csv,True,live_valid,/home/runner/work/heatpulse-rajasthan/heatpulse-rajasthan/data/raw/api_daily_weather_20260809.csv,94,0,ok
2026-08-09 09:39:52,/home/runner/work/heatpulse-rajasthan/heatpulse-rajasthan/data/raw/api_daily_weather_20260809.csv,True,live_valid,/home/runner/work/heatpulse-rajasthan/heatpulse-rajasthan/data/raw/api_daily_weather_20260809.csv,94,0,ok
2026-08-09 13:50:32,/home/runner/work/heatpulse-rajasthan/heatpulse-rajasthan/data/raw/api_daily_weather_20260809.csv,True,live_valid,/home/runner/work/heatpulse-rajasthan/heatpulse-rajasthan/data/raw/api_daily_weather_20260809.csv,94,0,ok
2026-08-09 17:31:47,/home/runner/work/heatpulse-rajasthan/heatpulse-rajasthan/data/raw/api_daily_weather_20260809.csv,True,live_valid,/home/runner/work/heatpulse-rajasthan/heatpulse-rajasthan/data/raw/api_daily_weather_20260809.csv,94,0,ok
2026-08-10 03:11:27,/home/runner/work/heatpulse-rajasthan/heatpulse-rajasthan/data/raw/api_daily_weather_20260810.csv,True,live_valid,/home/runner/work/heatpulse-rajasthan/heatpulse-rajasthan/data/raw/api_daily_weather_20260810.csv,95,0,ok
2026-08-10 06:10:26,/home/runner/work/heatpulse-rajasthan/heatpulse-rajasthan/data/raw/api_daily_weather_20260810.csv,True,live_valid,/home/runner/work/heatpulse-rajasthan/heatpulse-rajasthan/data/raw/api_daily_weather_20260810.csv,95,0,ok
2026-08-10 10:16:45,/home/runner/work/heatpulse-rajasthan/heatpulse-rajasthan/data/raw/api_daily_weather_20260810.csv,True,live_valid,/home/runner/work/heatpulse-rajasthan/heatpulse-rajasthan/data/raw/api_daily_weather_20260810.csv,95,0,ok
2026-08-10 14:19:55,/home/runner/work/heatpulse-rajasthan/heatpulse-rajasthan/data/raw/api_daily_weather_20260810.csv,True,live_valid,/home/runner/work/heatpulse-rajasthan/heatpulse-rajasthan/data/raw/api_daily_weather_20260810.csv,95,0,ok
2026-08-10 17:51:54,/home/runner/work/heatpulse-rajasthan/heatpulse-rajasthan/data/raw/api_daily_weather_20260810.csv,True,live_valid,/home/runner/work/heatpulse-rajasthan/heatpulse-rajasthan/data/raw/api_daily_weather_20260810.csv,95,0,ok
2026-08-11 03:04:25,/home/runner/work/heatpulse-rajasthan/heatpulse-rajasthan/data/raw/api_daily_weather_20260811.csv,True,live_valid,/home/runner/work/heatpulse-rajasthan/heatpulse-rajasthan/data/raw/api_daily_weather_20260811.csv,96,0,ok
2026-08-11 05:53:07,/home/runner/work/heatpulse-rajasthan/heatpulse-rajasthan/data/raw/api_daily_weather_20260811.csv,True,live_valid,/home/runner/work/heatpulse-rajasthan/heatpulse-rajasthan/data/raw/api_daily_weather_20260811.csv,96,0,ok
2026-08-11 10:01:17,/home/runner/work/heatpulse-rajasthan/heatpulse-rajasthan/data/raw/api_daily_weather_20260811.csv,True,live_valid,/home/runner/work/heatpulse-rajasthan/heatpulse-rajasthan/data/raw/api_daily_weather_20260811.csv,96,0,ok
2026-08-11 14:19:41,/home/runner/work/heatpulse-rajasthan/heatpulse-rajasthan/data/raw/api_daily_weather_20260811.csv,True,live_valid,/home/runner/work/heatpulse-rajasthan/heatpulse-rajasthan/data/raw/api_daily_weather_20260811.csv,96,0,ok
2026-08-11 17:56:58,/home/runner/work/heatpulse-rajasthan/heatpulse-rajasthan/data/raw/api_daily_weather_20260811.csv,True,live_valid,/home/runner/work/heatpulse-rajasthan/heatpulse-rajasthan/data/raw/api_daily_weather_20260811.csv,96,0,ok
2026-08-12 03:23:33,/home/runner/work/heatpulse-rajasthan/heatpulse-rajasthan/data/raw/api_daily_weather_20260812.csv,True,live_valid,/home/runner/work/heatpulse-rajasthan/heatpulse-rajasthan/data/raw/api_daily_weather_20260812.csv,97,0,ok
2026-08-12 06:14:45,/home/runner/work/heatpulse-rajasthan/heatpulse-rajasthan/data/raw/api_daily_weather_20260812.csv,True,live_valid,/home/runner/work/heatpulse-rajasthan/heatpulse-rajasthan/data/raw/api_daily_weather_20260812.csv,97,0,ok
2026-08-12 10:06:06,/home/runner/work/heatpulse-rajasthan/heatpulse-rajasthan/data/raw/api_daily_weather_20260812.csv,True,live_valid,/home/runner/work/heatpulse-rajasthan/heatpulse-rajasthan/data/raw/api_daily_weather_20260812.csv,97,0,ok
2026-08-12 14:20:27,/home/runner/work/heatpulse-rajasthan/heatpulse-rajasthan/data/raw/api_daily_weather_20260812.csv,True,live_valid,/home/runner/work/heatpulse-rajasthan/heatpulse-rajasthan/data/raw/api_daily_weather_20260812.csv,97,0,ok
2026-08-12 17:56:59,/home/runner/work/heatpulse-rajasthan/heatpulse-rajasthan/data/raw/api_daily_weather_20260812.csv,True,live_valid,/home/runner/work/heatpulse-rajasthan/heatpulse-rajasthan/data/raw/api_daily_weather_20260812.csv,97,0,ok
2026-08-13 03:26:37,/home/runner/work/heatpulse-rajasthan/heatpulse-rajasthan/data/raw/api_daily_weather_20260813.csv,True,live_valid,/home/runner/work/heatpulse-rajasthan/heatpulse-rajasthan/data/raw/api_daily_weather_20260813.csv,98,0,ok
2026-08-13 06:16:55,/home/runner/work/heatpulse-rajasthan/heatpulse-rajasthan/data/raw/api_daily_weather_20260813.csv,True,live_valid,/home/runner/work/heatpulse-rajasthan/heatpulse-rajasthan/data/raw/api_daily_weather_20260813.csv,98,0,ok
2026-08-13 10:06:52,/home/runner/work/heatpulse-rajasthan/heatpulse-rajasthan/data/raw/api_daily_weather_20260813.csv,True,live_valid,/home/runner/work/heatpulse-rajasthan/heatpulse-rajasthan/data/raw/api_daily_weather_20260813.csv,98,0,ok
2026-08-13 14:22:01,/home/runner/work/heatpulse-rajasthan/heatpulse-rajasthan/data/raw/api_daily_weather_20260813.csv,True,live_valid,/home/runner/work/heatpulse-rajasthan/heatpulse-rajasthan/data/raw/api_daily_weather_20260813.csv,98,0,ok
2026-08-13 17:57:28,/home/runner/work/heatpulse-rajasthan/heatpulse-rajasthan/data/raw/api_daily_weather_20260813.csv,True,live_valid,/home/runner/work/heatpulse-rajasthan/heatpulse-rajasthan/data/raw/api_daily_weather_20260813.csv,98,0,ok
2026-08-14 03:24:05,/home/runner/work/heatpulse-rajasthan/heatpulse-rajasthan/data/raw/api_daily_weather_20260814.csv,True,live_valid,/home/runner/work/heatpulse-rajasthan/heatpulse-rajasthan/data/raw/api_daily_weather_20260814.csv,99,0,ok
2026-08-14 06:14:13,/home/runner/work/heatpulse-rajasthan/heatpulse-rajasthan/data/raw/api_daily_weather_20260814.csv,True,live_valid,/home/runner/work/heatpulse-rajasthan/heatpulse-rajasthan/data/raw/api_daily_weather_20260814.csv,99,0,ok
2026-08-14 10:02:48,/home/runner/work/heatpulse-rajasthan/heatpulse-rajasthan/data/raw/api_daily_weather_20260814.csv,True,live_valid,/home/runner/work/heatpulse-rajasthan/heatpulse-rajasthan/data/raw/api_daily_weather_20260814.csv,99,0,ok
2026-08-14 14:15:38,/home/runner/work/heatpulse-rajasthan/heatpulse-rajasthan/data/raw/api_daily_weather_20260814.csv,True,live_valid,/home/runner/work/heatpulse-rajasthan/heatpulse-rajasthan/data/raw/api_daily_weather_20260814.csv,99,0,ok
2026-08-14 17:52:59,/home/runner/work/heatpulse-rajasthan/heatpulse-rajasthan/data/raw/api_daily_weather_20260814.csv,True,live_valid,/home/runner/work/heatpulse-rajasthan/heatpulse-rajasthan/data/raw/api_daily_weather_20260814.csv,99,0,ok
2026-08-15 02:13:27,/home/runner/work/heatpulse-rajasthan/heatpulse-rajasthan/data/raw/api_daily_weather_20260815.csv,True,live_valid,/home/runner/work/heatpulse-rajasthan/heatpulse-rajasthan/data/raw/api_daily_weather_20260815.csv,100,0,ok
2026-08-15 05:24:21,/home/runner/work/heatpulse-rajasthan/heatpulse-rajasthan/data/raw/api_daily_weather_20260815.csv,True,live_valid,/home/runner/work/heatpulse-rajasthan/heatpulse-rajasthan/data/raw/api_daily_weather_20260815.csv,100,0,ok
2026-08-15 09:26:14,/home/runner/work/heatpulse-rajasthan/heatpulse-rajasthan/data/raw/api_daily_weather_20260815.csv,True,live_valid,/home/runner/work/heatpulse-rajasthan/heatpulse-rajasthan/data/raw/api_daily_weather_20260815.csv,100,0,ok
2026-08-15 13:30:48,/home/runner/work/heatpulse-rajasthan/heatpulse-rajasthan/data/raw/api_daily_weather_20260815.csv,True,live_valid,/home/runner/work/heatpulse-rajasthan/heatpulse-rajasthan/data/raw/api_daily_weather_20260815.csv,100,0,ok
2026-08-15 17:20:46,/home/runner/work/heatpulse-rajasthan/heatpulse-rajasthan/data/raw/api_daily_weather_20260815.csv,True,live_valid,/home/runner/work/heatpulse-rajasthan/heatpulse-rajasthan/data/raw/api_daily_weather_20260815.csv,100,0,ok
2026-08-16 02:20:40,/home/runner/work/heatpulse-rajasthan/heatpulse-rajasthan/data/raw/api_daily_weather_20260816.csv,True,live_valid,/home/runner/work/heatpulse-rajasthan/heatpulse-rajasthan/data/raw/api_daily_weather_20260816.csv,101,0,ok
2026-08-16 05:28:21,/home/runner/work/heatpulse-rajasthan/heatpulse-rajasthan/data/raw/api_daily_weather_20260816.csv,True,live_valid,/home/runner/work/heatpulse-rajasthan/heatpulse-rajasthan/data/raw/api_daily_weather_20260816.csv,101,0,ok
2026-08-16 09:27:22,/home/runner/work/heatpulse-rajasthan/heatpulse-rajasthan/data/raw/api_daily_weather_20260816.csv,True,live_valid,/home/runner/work/heatpulse-rajasthan/heatpulse-rajasthan/data/raw/api_daily_weather_20260816.csv,101,0,ok
2026-08-16 13:31:49,/home/runner/work/heatpulse-rajasthan/heatpulse-rajasthan/data/raw/api_daily_weather_20260816.csv,True,live_valid,/home/runner/work/heatpulse-rajasthan/heatpulse-rajasthan/data/raw/api_daily_weather_20260816.csv,101,0,ok
2026-08-16 17:19:40,/home/runner/work/heatpulse-rajasthan/heatpulse-rajasthan/data/raw/api_daily_weather_20260816.csv,True,live_valid,/home/runner/work/heatpulse-rajasthan/heatpulse-rajasthan/data/raw/api_daily_weather_20260816.csv,101,0,ok
2026-08-17 02:19:32,/home/runner/work/heatpulse-rajasthan/heatpulse-rajasthan/data/raw/api_daily_weather_20260817.csv,True,live_valid,/home/runner/work/heatpulse-rajasthan/heatpulse-rajasthan/data/raw/api_daily_weather_20260817.csv,102,0,ok
2026-08-17 05:35:16,/home/runner/work/heatpulse-rajasthan/heatpulse-rajasthan/data/raw/api_daily_weather_20260817.csv,True,live_valid,/home/runner/work/heatpulse-rajasthan/heatpulse-rajasthan/data/raw/api_daily_weather_20260817.csv,102,0,ok
2026-08-17 09:41:36,/home/runner/work/heatpulse-rajasthan/heatpulse-rajasthan/data/raw/api_daily_weather_20260817.csv,True,live_valid,/home/runner/work/heatpulse-rajasthan/heatpulse-rajasthan/data/raw/api_daily_weather_20260817.csv,102,0,ok
2026-08-17 13:39:39,/home/runner/work/heatpulse-rajasthan/heatpulse-rajasthan/data/raw/api_daily_weather_20260817.csv,True,live_valid,/home/runner/work/heatpulse-rajasthan/heatpulse-rajasthan/data/raw/api_daily_weather_20260817.csv,102,0,ok
2026-08-17 17:27:25,/home/runner/work/heatpulse-rajasthan/heatpulse-rajasthan/data/raw/api_daily_weather_20260817.csv,True,live_valid,/home/runner/work/heatpulse-rajasthan/heatpulse-rajasthan/data/raw/api_daily_weather_20260817.csv,102,0,ok
2026-08-18 02:15:20,/home/runner/work/heatpulse-rajasthan/heatpulse-rajasthan/data/raw/api_daily_weather_20260818.csv,True,live_valid,/home/runner/work/heatpulse-rajasthan/heatpulse-rajasthan/data/raw/api_daily_weather_20260818.csv,103,0,ok
2026-08-18 05:29:40,/home/runner/work/heatpulse-rajasthan/heatpulse-rajasthan/data/raw/api_daily_weather_20260818.csv,True,live_valid,/home/runner/work/heatpulse-rajasthan/heatpulse-rajasthan/data/raw/api_daily_weather_20260818.csv,103,0,ok
2026-08-18 09:34:11,/home/runner/work/heatpulse-rajasthan/heatpulse-rajasthan/data/raw/api_daily_weather_20260818.csv,True,live_valid,/home/runner/work/heatpulse-rajasthan/heatpulse-rajasthan/data/raw/api_daily_weather_20260818.csv,103,0,ok
2026-08-18 13:42:13,/home/runner/work/heatpulse-rajasthan/heatpulse-rajasthan/data/raw/api_daily_weather_20260818.csv,True,live_valid,/home/runner/work/heatpulse-rajasthan/heatpulse-rajasthan/data/raw/api_daily_weather_20260818.csv,103,0,ok
2026-08-18 17:27:34,/home/runner/work/heatpulse-rajasthan/heatpulse-rajasthan/data/raw/api_daily_weather_20260818.csv,True,live_valid,/home/runner/work/heatpulse-rajasthan/heatpulse-rajasthan/data/raw/api_daily_weather_20260818.csv,103,0,ok
2026-08-19 02:18:12,/home/runner/work/heatpulse-rajasthan/heatpulse-rajasthan/data/raw/api_daily_weather_20260819.csv,True,live_valid,/home/runner/work/heatpulse-rajasthan/heatpulse-rajasthan/data/raw/api_daily_weather_20260819.csv,104,0,ok
2026-08-19 05:30:58,/home/runner/work/heatpulse-rajasthan/heatpulse-rajasthan/data/raw/api_daily_weather_20260819.csv,True,live_valid,/home/runner/work/heatpulse-rajasthan/heatpulse-rajasthan/data/raw/api_daily_weather_20260819.csv,104,0,ok
2026-08-19 09:34:17,/home/runner/work/heatpulse-rajasthan/heatpulse-rajasthan/data/raw/api_daily_weather_20260819.csv,True,live_valid,/home/runner/work/heatpulse-rajasthan/heatpulse-rajasthan/data/raw/api_daily_weather_20260819.csv,104,0,ok
2026-08-19 13:44:04,/home/runner/work/heatpulse-rajasthan/heatpulse-rajasthan/data/raw/api_daily_weather_20260819.csv,True,live_valid,/home/runner/work/heatpulse-rajasthan/heatpulse-rajasthan/data/raw/api_daily_weather_20260819.csv,104,0,ok
2026-08-19 17:27:16,/home/runner/work/heatpulse-rajasthan/heatpulse-rajasthan/data/raw/api_daily_weather_20260819.csv,True,live_valid,/home/runner/work/heatpulse-rajasthan/heatpulse-rajasthan/data/raw/api_daily_weather_20260819.csv,104,0,ok
2026-08-20 02:16:52,/home/runner/work/heatpulse-rajasthan/heatpulse-rajasthan/data/raw/api_daily_weather_20260820.csv,True,live_valid,/home/runner/work/heatpulse-rajasthan/heatpulse-rajasthan/data/raw/api_daily_weather_20260820.csv,105,0,ok
2026-08-20 05:31:14,/home/runner/work/heatpulse-rajasthan/heatpulse-rajasthan/data/raw/api_daily_weather_20260820.csv,True,live_valid,/home/runner/work/heatpulse-rajasthan/heatpulse-rajasthan/data/raw/api_daily_weather_20260820.csv,105,0,ok
2026-08-20 09:35:06,/home/runner/work/heatpulse-rajasthan/heatpulse-rajasthan/data/raw/api_daily_weather_20260820.csv,True,live_valid,/home/runner/work/heatpulse-rajasthan/heatpulse-rajasthan/data/raw/api_daily_weather_20260820.csv,105,0,ok
2026-08-20 13:47:09,/home/runner/work/heatpulse-rajasthan/heatpulse-rajasthan/data/raw/api_daily_weather_20260820.csv,True,live_valid,/home/runner/work/heatpulse-rajasthan/heatpulse-rajasthan/data/raw/api_daily_weather_20260820.csv,105,0,ok
2026-08-20 17:29:50,/home/runner/work/heatpulse-rajasthan/heatpulse-rajasthan/data/raw/api_daily_weather_20260820.csv,True,live_valid,/home/runner/work/heatpulse-rajasthan/heatpulse-rajasthan/data/raw/api_daily_weather_20260820.csv,105,0,ok
2026-08-21 02:23:05,/home/runner/work/heatpulse-rajasthan/heatpulse-rajasthan/data/raw/api_daily_weather_20260821.csv,True,live_valid,/home/runner/work/heatpulse-rajasthan/heatpulse-rajasthan/data/raw/api_daily_weather_20260821.csv,106,0,ok
2026-08-21 05:33:04,/home/runner/work/heatpulse-rajasthan/heatpulse-rajasthan/data/raw/api_daily_weather_20260821.csv,True,live_valid,/home/runner/work/heatpulse-rajasthan/heatpulse-rajasthan/data/raw/api_daily_weather_20260821.csv,106,0,ok
2026-08-21 09:36:42,/home/runner/work/heatpulse-rajasthan/heatpulse-rajasthan/data/raw/api_daily_weather_20260821.csv,True,live_valid,/home/runner/work/heatpulse-rajasthan/heatpulse-rajasthan/data/raw/api_daily_weather_20260821.csv,106,0,ok
2026-08-21 13:45:03,/home/runner/work/heatpulse-rajasthan/heatpulse-rajasthan/data/raw/api_daily_weather_20260821.csv,True,live_valid,/home/runner/work/heatpulse-rajasthan/heatpulse-rajasthan/data/raw/api_daily_weather_20260821.csv,106,0,ok
2026-08-21 17:29:18,/home/runner/work/heatpulse-rajasthan/heatpulse-rajasthan/data/raw/api_daily_weather_20260821.csv,True,live_valid,/home/runner/work/heatpulse-rajasthan/heatpulse-rajasthan/data/raw/api_daily_weather_20260821.csv,106,0,ok
2026-08-22 02:15:36,/home/runner/work/heatpulse-rajasthan/heatpulse-rajasthan/data/raw/api_daily_weather_20260822.csv,True,live_valid,/home/runner/work/heatpulse-rajasthan/heatpulse-rajasthan/data/raw/api_daily_weather_20260822.csv,107,0,ok
2026-08-22 05:27:37,/home/runner/work/heatpulse-rajasthan/heatpulse-rajasthan/data/raw/api_daily_weather_20260822.csv,True,live_valid,/home/runner/work/heatpulse-rajasthan/heatpulse-rajasthan/data/raw/api_daily_weather_20260822.csv,107,0,ok
2026-08-22 09:26:48,/home/runner/work/heatpulse-rajasthan/heatpulse-rajasthan/data/raw/api_daily_weather_20260822.csv,True,live_valid,/home/runner/work/heatpulse-rajasthan/heatpulse-rajasthan/data/raw/api_daily_weather_20260822.csv,107,0,ok
2026-08-22 13:31:57,/home/runner/work/heatpulse-rajasthan/heatpulse-rajasthan/data/raw/api_daily_weather_20260822.csv,True,live_valid,/home/runner/work/heatpulse-rajasthan/heatpulse-rajasthan/data/raw/api_daily_weather_20260822.csv,107,0,ok
2026-08-22 17:20:30,/home/runner/work/heatpulse-rajasthan/heatpulse-rajasthan/data/raw/api_daily_weather_20260822.csv,True,live_valid,/home/runner/work/heatpulse-rajasthan/heatpulse-rajasthan/data/raw/api_daily_weather_20260822.csv,107,0,ok
2026-08-23 02:23:24,/home/runner/work/heatpulse-rajasthan/heatpulse-rajasthan/data/raw/api_daily_weather_20260823.csv,True,live_valid,/home/runner/work/heatpulse-rajasthan/heatpulse-rajasthan/data/raw/api_daily_weather_20260823.csv,108,0,ok
2026-08-23 05:29:47,/home/runner/work/heatpulse-rajasthan/heatpulse-rajasthan/data/raw/api_daily_weather_20260823.csv,True,live_valid,/home/runner/work/heatpulse-rajasthan/heatpulse-rajasthan/data/raw/api_daily_weather_20260823.csv,108,0,ok
2026-08-23 09:27:50,/home/runner/work/heatpulse-rajasthan/heatpulse-rajasthan/data/raw/api_daily_weather_20260823.csv,True,live_valid,/home/runner/work/heatpulse-rajasthan/heatpulse-rajasthan/data/raw/api_daily_weather_20260823.csv,108,0,ok
2026-08-23 13:32:23,/home/runner/work/heatpulse-rajasthan/heatpulse-rajasthan/data/raw/api_daily_weather_20260823.csv,True,live_valid,/home/runner/work/heatpulse-rajasthan/heatpulse-rajasthan/data/raw/api_daily_weather_20260823.csv,108,0,ok
2026-08-23 17:20:44,/home/runner/work/heatpulse-rajasthan/heatpulse-rajasthan/data/raw/api_daily_weather_20260823.csv,True,live_valid,/home/runner/work/heatpulse-rajasthan/heatpulse-rajasthan/data/raw/api_daily_weather_20260823.csv,108,0,ok
2026-08-24 02:22:28,/home/runner/work/heatpulse-rajasthan/heatpulse-rajasthan/data/raw/api_daily_weather_20260824.csv,True,live_valid,/home/runner/work/heatpulse-rajasthan/heatpulse-rajasthan/data/raw/api_daily_weather_20260824.csv,109,0,ok
2026-08-24 05:38:34,/home/runner/work/heatpulse-rajasthan/heatpulse-rajasthan/data/raw/api_daily_weather_20260824.csv,True,live_valid,/home/runner/work/heatpulse-rajasthan/heatpulse-rajasthan/data/raw/api_daily_weather_20260824.csv,109,0,ok
2026-08-24 09:48:01,/home/runner/work/heatpulse-rajasthan/heatpulse-rajasthan/data/raw/api_daily_weather_20260824.csv,True,live_valid,/home/runner/work/heatpulse-rajasthan/heatpulse-rajasthan/data/raw/api_daily_weather_20260824.csv,109,0,ok
2026-08-24 13:51:53,/home/runner/work/heatpulse-rajasthan/heatpulse-rajasthan/data/raw/api_daily_weather_20260824.csv,True,live_valid,/home/runner/work/heatpulse-rajasthan/heatpulse-rajasthan/data/raw/api_daily_weather_20260824.csv,109,0,ok
2026-08-24 17:31:18,/home/runner/work/heatpulse-rajasthan/heatpulse-rajasthan/data/raw/api_daily_weather_20260824.csv,True,live_valid,/home/runner/work/heatpulse-rajasthan/heatpulse-rajasthan/data/raw/api_daily_weather_20260824.csv,109,0,ok
2026-08-25 02:17:50,/home/runner/work/heatpulse-rajasthan/heatpulse-rajasthan/data/raw/api_daily_weather_20260825.csv,True,live_valid,/home/runner/work/heatpulse-rajasthan/heatpulse-rajasthan/data/raw/api_daily_weather_20260825.csv,110,0,ok
2026-08-25 05:32:01,/home/runner/work/heatpulse-rajasthan/heatpulse-rajasthan/data/raw/api_daily_weather_20260825.csv,True,live_valid,/home/runner/work/heatpulse-rajasthan/heatpulse-rajasthan/data/raw/api_daily_weather_20260825.csv,110,0,ok
2026-08-25 09:35:18,/home/runner/work/heatpulse-rajasthan/heatpulse-rajasthan/data/raw/api_daily_weather_20260825.csv,True,live_valid,/home/runner/work/heatpulse-rajasthan/heatpulse-rajasthan/data/raw/api_daily_weather_20260825.csv,110,0,ok
2026-08-25 13:50:51,/home/runner/work/heatpulse-rajasthan/heatpulse-rajasthan/data/raw/api_daily_weather_20260825.csv,True,live_valid,/home/runner/work/heatpulse-rajasthan/heatpulse-rajasthan/data/raw/api_daily_weather_20260825.csv,110,0,ok
2026-08-25 17:31:59,/home/runner/work/heatpulse-rajasthan/heatpulse-rajasthan/data/raw/api_daily_weather_20260825.csv,True,live_valid,/home/runner/work/heatpulse-rajasthan/heatpulse-rajasthan/data/raw/api_daily_weather_20260825.csv,110,0,ok
2026-08-26 02:24:36,/home/runner/work/heatpulse-rajasthan/heatpulse-rajasthan/data/raw/api_daily_weather_20260826.csv,True,live_valid,/home/runner/work/heatpulse-rajasthan/heatpulse-rajasthan/data/raw/api_daily_weather_20260826.csv,111,0,ok
2026-08-26 05:34:51,/home/runner/work/heatpulse-rajasthan/heatpulse-rajasthan/data/raw/api_daily_weather_20260826.csv,True,live_valid,/home/runner/work/heatpulse-rajasthan/heatpulse-rajasthan/data/raw/api_daily_weather_20260826.csv,111,0,ok
2026-08-26 09:41:25,/home/runner/work/heatpulse-rajasthan/heatpulse-rajasthan/data/raw/api_daily_weather_20260826.csv,True,live_valid,/home/runner/work/heatpulse-rajasthan/heatpulse-rajasthan/data/raw/api_daily_weather_20260826.csv,111,0,ok
2026-08-26 13:54:43,/home/runner/work/heatpulse-rajasthan/heatpulse-rajasthan/data/raw/api_daily_weather_20260826.csv,True,live_valid,/home/runner/work/heatpulse-rajasthan/heatpulse-rajasthan/data/raw/api_daily_weather_20260826.csv,111,0,ok
2026-08-26 19:03:56,/home/runner/work/heatpulse-rajasthan/heatpulse-rajasthan/data/raw/api_daily_weather_20260826.csv,True,live_valid,/home/runner/work/heatpulse-rajasthan/heatpulse-rajasthan/data/raw/api_daily_weather_20260826.csv,111,0,ok
2026-08-27 10:56:48,/home/runner/work/heatpulse-rajasthan/heatpulse-rajasthan/data/raw/api_daily_weather_20260827.csv,True,live_valid,/home/runner/work/heatpulse-rajasthan/heatpulse-rajasthan/data/raw/api_daily_weather_20260827.csv,112,0,ok
2026-08-27 22:50:49,/home/runner/work/heatpulse-rajasthan/heatpulse-rajasthan/data/raw/api_daily_weather_20260827.csv,True,live_valid,/home/runner/work/heatpulse-rajasthan/heatpulse-rajasthan/data/raw/api_daily_weather_20260827.csv,112,0,ok
2026-08-28 12:32:34,/home/runner/work/heatpulse-rajasthan/heatpulse-rajasthan/data/raw/api_daily_weather_20260828.csv,True,live_valid,/home/runner/work/heatpulse-rajasthan/heatpulse-rajasthan/data/raw/api_daily_weather_20260828.csv,113,0,ok
2026-08-28 22:55:04,/home/runner/work/heatpulse-rajasthan/heatpulse-rajasthan/data/raw/api_daily_weather_20260828.csv,True,live_valid,/home/runner/work/heatpulse-rajasthan/heatpulse-rajasthan/data/raw/api_daily_weather_20260828.csv,113,0,ok
2026-08-29 07:41:28,/home/runner/work/heatpulse-rajasthan/heatpulse-rajasthan/data/raw/api_daily_weather_20260829.csv,True,live_valid,/home/runner/work/heatpulse-rajasthan/heatpulse-rajasthan/data/raw/api_daily_weather_20260829.csv,114,0,ok
2026-08-29 14:11:48,/home/runner/work/heatpulse-rajasthan/heatpulse-rajasthan/data/raw/api_daily_weather_20260829.csv,True,live_valid,/home/runner/work/heatpulse-rajasthan/heatpulse-rajasthan/data/raw/api_daily_weather_20260829.csv,114,0,ok
2026-08-29 19:37:30,/home/runner/work/heatpulse-rajasthan/heatpulse-rajasthan/data/raw/api_daily_weather_20260829.csv,True,live_valid,/home/runner/work/heatpulse-rajasthan/heatpulse-rajasthan/data/raw/api_daily_weather_20260829.csv,114,0,ok
2026-08-30 06:17:22,/home/runner/work/heatpulse-rajasthan/heatpulse-rajasthan/data/raw/api_daily_weather_20260830.csv,True,live_valid,/home/runner/work/heatpulse-rajasthan/heatpulse-rajasthan/data/raw/api_daily_weather_20260830.csv,115,0,ok
2026-08-30 14:18:07,/home/runner/work/heatpulse-rajasthan/heatpulse-rajasthan/data/raw/api_daily_weather_20260830.csv,True,live_valid,/home/runner/work/heatpulse-rajasthan/heatpulse-rajasthan/data/raw/api_daily_weather_20260830.csv,115,0,ok
