date,district,rain_mm,tmax_c,tmin_c,tavg_c,heat_stress_score,pred_prob_critical_t1,pred_critical_t1,risk_score_next_day,alert_level_next_day,rank_within_date,pipeline_mode,aqi_status,confidence_tag,recommended_action,pred_prob_heatwave_t1,pred_heatwave_t1,sunrise,sunset,sunrise_local,sunset_local
2026-04-29,Pali,0.0,41.0,28.8,34.9,46.69223674444444,0.9997517988487634,1,65.3412668435956,RED,1,Heat-only,excluded,High,Emergency heat-health action,,,,,,
2026-04-29,Kota,0.0,41.3,29.7,35.5,43.43366571111109,0.9996360513348737,1,63.219144508942776,RED,2,Heat-only,excluded,High,Emergency heat-health action,,,,,,
2026-04-29,Barmer,0.0,41.5,27.2,34.35,37.907600666666674,0.9992599869830636,1,59.614039977740575,RED,3,Heat-only,excluded,High,Emergency heat-health action,,,,,,
2026-04-29,Bundi,0.0,40.5,28.6,34.55,36.138374066666685,0.997910920215062,1,58.416825350860506,RED,4,Heat-only,excluded,High,Emergency heat-health action,,,,,,
2026-04-29,Jodhpur,0.0,40.7,29.0,34.85,36.122975200000006,0.9973593950062364,1,58.38751270521828,RED,5,Heat-only,excluded,High,Emergency heat-health action,,,,,,
2026-04-29,Jaipur,0.0,39.5,29.1,34.3,35.621049188888925,0.9939605582576276,1,57.94230151179477,RED,6,Heat-only,excluded,High,Emergency heat-health action,,,,,,
2026-04-29,Bikaner,0.0,40.3,28.1,34.2,34.921274566666625,0.9981867656321508,1,57.635365265458574,RED,7,Heat-only,excluded,High,Emergency heat-health action,,,,,,
2026-04-29,Jhalawar,0.0,40.2,29.0,34.6,34.67373346666669,0.9912608680354854,1,57.23205713457534,RED,8,Heat-only,excluded,High,Emergency heat-health action,,,,,,
2026-04-29,Nagaur,0.0,40.9,26.0,33.45,32.292338766666674,0.9989733665270998,1,55.95408802678183,RED,9,Heat-only,excluded,High,Emergency heat-health action,,,,,,
2026-04-29,Sawai Madhopur,0.0,40.5,27.3,33.9,31.34941542222226,0.9981510997185604,1,55.31240851459408,RED,10,Heat-only,excluded,High,Emergency heat-health action,,,,,,
2026-04-29,Dhaulpur,0.0,40.6,25.9,33.25,29.99997854444448,0.99902866296544,1,54.46598925767931,RED,11,Heat-only,excluded,High,Emergency heat-health action,,,,,,
2026-04-29,Hanumangarh,0.0,38.5,24.3,31.4,29.938535411111125,0.9988199344541256,1,54.41874572311663,RED,12,Heat-only,excluded,High,Emergency heat-health action,,,,,,
2026-04-29,Sikar,0.0,39.0,26.3,32.65,30.09337587222225,0.9957034957031076,1,54.41031666655322,RED,13,Heat-only,excluded,High,Emergency heat-health action,,,,,,
2026-04-29,Alwar,0.0,38.9,25.4,32.15,29.580088944444405,0.9975130575732926,1,54.1400148289541,RED,14,Heat-only,excluded,High,Emergency heat-health action,,,,,,
2026-04-29,Bhilwara,0.0,39.9,26.5,33.2,27.27378639999999,0.9884090547942376,1,52.3222780777983,RED,15,Heat-only,excluded,High,Emergency heat-health action,,,,,,
2026-04-29,Jaisalmer,0.0,40.4,26.4,33.4,26.98749303333329,0.9925526323552972,1,52.281212604102045,RED,16,Heat-only,excluded,High,Emergency heat-health action,,,,,,
2026-04-29,Ganganagar,0.0,38.5,24.0,31.25,26.616192122222216,0.9975410613839192,1,52.21446202788161,RED,17,Heat-only,excluded,High,Emergency heat-health action,,,,,,
2026-04-29,Sirohi,0.0,39.5,26.9,33.2,25.304038522222218,0.9602964126168928,1,50.05799948103568,RED,18,Heat-only,excluded,High,Emergency heat-health action,,,,,,
2026-04-29,Churu,0.2,38.9,24.9,31.9,23.30449407777777,0.9914275587730452,1,49.847885707612136,RED,19,Heat-only,excluded,High,Emergency heat-health action,,,,,,
2026-04-29,Banswara,0.0,39.5,25.6,32.55,24.942465433333325,0.9434325449236096,1,49.23274160399299,RED,20,Heat-only,excluded,High,Emergency heat-health action,,,,,,
2026-04-29,Ajmer,0.0,38.5,27.8,33.15,24.19381854444445,0.9288797722930868,1,48.23677408414692,RED,21,Heat-only,excluded,High,Emergency heat-health action,,,,,,
2026-04-29,Chittaurgarh,0.0,39.2,26.2,32.7,22.98392422222221,0.9306872833062412,1,47.51360566016288,RED,22,Heat-only,excluded,High,Emergency heat-health action,,,,,,
2026-04-29,Udaipur,0.0,36.9,24.1,30.5,15.946976977777789,0.6551496333551562,0,33.29577220298603,ORANGE,23,Heat-only,excluded,Medium,Heat-health preparedness activation,,,,,,
2026-04-30,Pali,0.0,41.2,28.5,34.85,46.992236744444455,0.9996589266212424,1,65.53301631563238,RED,1,Heat-only,excluded,High,Emergency heat-health action,,,,,,
2026-04-30,Barmer,0.0,42.2,27.5,34.85,43.00760066666669,0.999284016457271,1,62.92988100933784,RED,2,Heat-only,excluded,High,Emergency heat-health action,,,,,,
2026-04-30,Hanumangarh,0.0,39.1,25.2,32.15,36.23853541111113,0.997132186302124,1,58.45467453779657,RED,3,Heat-only,excluded,High,Emergency heat-health action,,,,,,
2026-04-30,Bundi,0.0,40.8,28.0,34.4,36.13837406666666,0.9977380595907714,1,58.410775229010326,RED,4,Heat-only,excluded,High,Emergency heat-health action,,,,,,
2026-04-30,Kota,0.0,40.7,28.4,34.55,35.933665711111125,0.9968461433406955,1,58.24649772914658,RED,5,Heat-only,excluded,High,Emergency heat-health action,,,,,,
2026-04-30,Bikaner,0.0,41.5,25.7,33.6,34.92127456666663,0.9990533376796736,1,57.665695287121885,RED,6,Heat-only,excluded,High,Emergency heat-health action,,,,,,
2026-04-30,Ganganagar,0.0,39.2,24.8,32.0,33.21619212222224,0.9941161443537002,1,56.38458993182397,RED,7,Heat-only,excluded,High,Emergency heat-health action,,,,,,
2026-04-30,Jhalawar,0.0,40.3,28.2,34.25,32.87373346666665,0.9938941117615158,1,56.154220664986376,RED,8,Heat-only,excluded,High,Emergency heat-health action,,,,,,
2026-04-30,Nagaur,0.0,40.8,26.1,33.45,31.99233876666667,0.991328701168056,1,55.49152473921529,RED,9,Heat-only,excluded,High,Emergency heat-health action,,,,,,
2026-04-30,Jodhpur,0.0,40.7,27.5,34.1,31.62297520000001,0.9921384120374872,1,55.27977830131205,RED,10,Heat-only,excluded,High,Emergency heat-health action,,,,,,
2026-04-30,Jaisalmer,0.0,41.0,26.2,33.6,29.9874930333333,0.9868106289538842,1,54.0302424850526,RED,11,Heat-only,excluded,High,Emergency heat-health action,,,,,,
2026-04-30,Sirohi,0.0,40.0,26.9,33.45,28.304038522222218,0.9655306089856014,1,52.19119635394048,RED,12,Heat-only,excluded,High,Emergency heat-health action,,,,,,
2026-04-30,Dhaulpur,0.0,39.8,26.5,33.15,26.99997854444446,0.9728050562474624,1,51.59816302255009,RED,13,Heat-only,excluded,High,Emergency heat-health action,,,,,,
2026-04-30,Bhilwara,0.0,40.2,25.7,32.95,26.67378640000001,0.9774153989065713,1,51.54750012173,RED,14,Heat-only,excluded,High,Emergency heat-health action,,,,,,
2026-04-30,Sikar,0.0,39.2,24.4,31.8,25.59337587222226,0.9845592435077858,1,51.09526783971697,RED,15,Heat-only,excluded,High,Emergency heat-health action,,,,,,
2026-04-30,Chittaurgarh,0.3,40.0,25.9,32.95,25.383924222222195,0.9696392259737088,1,50.43692365352423,RED,16,Heat-only,excluded,High,Emergency heat-health action,,,,,,
2026-04-30,Jaipur,0.0,39.2,25.9,32.55,24.221049188888934,0.9736598957206885,1,49.8217783230019,RED,17,Heat-only,excluded,High,Emergency heat-health action,,,,,,
2026-04-30,Banswara,0.0,39.2,26.4,32.8,25.542465433333334,0.903770428877858,1,48.234567542391694,RED,18,Heat-only,excluded,High,Emergency heat-health action,,,,,,
2026-04-30,Churu,0.0,39.4,23.4,31.4,21.80449407777777,0.9626922335350452,1,47.86714932428213,RED,19,Heat-only,excluded,High,Emergency heat-health action,,,,,,
2026-04-30,Ajmer,0.0,39.0,27.4,33.2,22.993818544444444,0.9278310526285208,1,47.42006889588712,RED,20,Heat-only,excluded,High,Emergency heat-health action,,,,,,
2026-04-30,Sawai Madhopur,0.2,39.5,26.2,32.85,20.549415422222257,0.9062103922850911,1,45.07448375442266,RED,21,Heat-only,excluded,High,Emergency heat-health action,,,,,,
2026-04-30,Alwar,0.0,37.8,24.0,30.9,20.33946207777778,0.9065043919089428,1,44.94830406736856,RED,22,Heat-only,excluded,High,Emergency heat-health action,,,,,,
2026-04-30,Udaipur,0.0,37.1,23.9,30.5,15.346976977777778,0.6753533581727226,0,33.61290257160084,ORANGE,23,Heat-only,excluded,Medium,Heat-health preparedness activation,,,,,,
2026-05-01,Pali,0.0,41.9,28.8,35.35,32.695057623655885,0.1757321039305156,0,27.402411092944373,GREEN,1,Heat-only,excluded,Low,Routine monitoring,,,,,,
2026-05-01,Barmer,0.0,42.7,26.0,34.35,25.9286072043011,0.1319974838160526,0,21.47350661635756,GREEN,2,Heat-only,excluded,Low,Routine monitoring,,,,,,
2026-05-01,Jaisalmer,0.0,41.7,27.0,34.35,17.812443881720483,0.0121906577279304,0,12.00476154359588,GREEN,3,Heat-only,excluded,Low,Routine monitoring,,,,,,
2026-05-01,Kota,0.0,42.2,26.8,34.5,17.25867696774198,0.0180212693557443,0,11.84888445648334,GREEN,4,Heat-only,excluded,Low,Routine monitoring,,,,,,
2026-05-01,Jodhpur,0.0,41.2,28.5,34.85,17.097724924731192,0.0045889757562732,0,11.27413535254484,GREEN,5,Heat-only,excluded,Low,Routine monitoring,,,,,,
2026-05-01,Nagaur,0.0,41.6,26.8,34.2,16.66942590322581,0.0104131581270888,0,11.199587371544888,GREEN,6,Heat-only,excluded,Low,Routine monitoring,,,,,,
2026-05-01,Bikaner,0.0,42.2,25.6,33.900000000000006,16.33711843010758,0.0116239512919135,0,11.025965274786902,GREEN,7,Heat-only,excluded,Low,Routine monitoring,,,,,,
2026-05-01,Sirohi,0.0,40.8,26.4,33.599999999999994,15.666334354838687,0.0094722867224648,0,10.514647365931417,GREEN,8,Heat-only,excluded,Low,Routine monitoring,,,,,,
2026-05-01,Bundi,0.0,41.8,25.8,33.8,13.853279311827931,0.0125521408136249,0,9.44395648116503,GREEN,9,Heat-only,excluded,Low,Routine monitoring,,,,,,
2026-05-01,Banswara,0.0,39.0,26.2,32.6,13.239573935483875,0.0029518750730679,0,8.709038685621898,GREEN,10,Heat-only,excluded,Low,Routine monitoring,,,,,,
2026-05-01,Jaipur,0.0,40.5,23.0,31.75,10.5,0.0100830059564385,0,7.177905208475348,GREEN,11,Heat-only,excluded,Low,Routine monitoring,,,,,,
2026-05-01,Udaipur,0.0,38.2,23.2,30.700000000000003,10.5,0.0087656002180369,0,7.1317960076312925,GREEN,12,Heat-only,excluded,Low,Routine monitoring,,,,,,
2026-05-01,Alwar,0.0,35.5,19.9,27.7,10.5,0.008216081106272,0,7.11256283871952,GREEN,13,Heat-only,excluded,Low,Routine monitoring,,,,,,
2026-05-01,Sikar,0.0,39.9,22.9,31.4,10.5,0.0062782950591207,0,7.044740327069225,GREEN,14,Heat-only,excluded,Low,Routine monitoring,,,,,,
2026-05-01,Dhaulpur,0.0,38.0,23.0,30.5,10.5,0.0061262331805329,0,7.039418161318653,GREEN,15,Heat-only,excluded,Low,Routine monitoring,,,,,,
2026-05-01,Ajmer,0.0,39.5,25.9,32.7,10.5,0.0050478553151677,0,7.00167493603087,GREEN,16,Heat-only,excluded,Low,Routine monitoring,,,,,,
2026-05-01,Hanumangarh,0.0,38.7,23.8,31.25,10.5,0.004120997379088,0,6.9692349082680805,GREEN,17,Heat-only,excluded,Low,Routine monitoring,,,,,,
2026-05-01,Ganganagar,0.0,39.0,24.1,31.55,10.5,0.003980538294067,0,6.964318840292346,GREEN,18,Heat-only,excluded,Low,Routine monitoring,,,,,,
2026-05-01,Bhilwara,0.0,40.5,25.2,32.85,10.5,0.0034984633200916,0,6.9474462162032085,GREEN,19,Heat-only,excluded,Low,Routine monitoring,,,,,,
2026-05-01,Jhalawar,1.7,41.2,24.4,32.8,9.14127963440859,0.007351495366116,0,6.199134100179643,GREEN,20,Heat-only,excluded,Low,Routine monitoring,,,,,,
2026-05-01,Churu,0.0,39.2,22.4,30.8,9.0,0.0035752503946126,0,5.975133763811442,GREEN,21,Heat-only,excluded,Low,Routine monitoring,,,,,,
2026-05-01,Chittaurgarh,0.0,40.2,25.7,32.95,9.0,0.0015073274030218,0,5.902756459105765,GREEN,22,Heat-only,excluded,Low,Routine monitoring,,,,,,
2026-05-01,Sawai Madhopur,0.2,41.2,25.5,33.35,7.5,0.0021190424003902,0,4.949166484013657,GREEN,23,Heat-only,excluded,Low,Routine monitoring,,,,,,
2026-05-02,Barmer,0.0,44.2,27.5,35.85,38.80957530107529,0.6388818264566067,0,47.587087871680176,YELLOW,1,Heat-only,excluded,Low,Targeted surveillance + advisories,,,,,,
2026-05-02,Pali,0.0,42.2,29.1,35.650000000000006,35.39505762365592,0.2799071426875291,0,32.803537449439865,GREEN,2,Heat-only,excluded,Low,Routine monitoring,,,,,,
2026-05-02,Bikaner,0.0,43.4,28.8,36.1,31.258846849462387,0.1638910746701244,0,26.054438065604906,GREEN,3,Heat-only,excluded,Low,Routine monitoring,,,,,,
2026-05-02,Jaisalmer,0.0,42.6,28.0,35.3,26.212443881720475,0.0906886207938908,0,20.212190250904484,GREEN,4,Heat-only,excluded,Low,Routine monitoring,,,,,,
2026-05-02,Kota,0.0,42.8,28.9,35.849999999999994,27.15867696774194,0.0461112216310777,0,19.26703278611998,GREEN,5,Heat-only,excluded,Low,Routine monitoring,,,,,,
2026-05-02,Nagaur,0.0,42.5,27.6,35.05,24.469425903225805,0.0705528184001818,0,18.374475481103136,GREEN,6,Heat-only,excluded,Low,Routine monitoring,,,,,,
2026-05-02,Jodhpur,0.0,41.7,29.0,35.35,21.597724924731192,0.0225796877027345,0,14.828810270670983,GREEN,7,Heat-only,excluded,Low,Routine monitoring,,,,,,
2026-05-02,Banswara,0.0,40.6,27.0,33.8,20.745966537634427,0.0253772737764285,0,14.373082831637376,GREEN,8,Heat-only,excluded,Low,Routine monitoring,,,,,,
2026-05-02,Bundi,0.0,42.3,27.8,35.05,20.4398217096774,0.0112260294461314,0,13.67879514190491,GREEN,9,Heat-only,excluded,Low,Routine monitoring,,,,,,
2026-05-02,Ganganagar,0.0,41.5,25.1,33.3,18.804911129032256,0.0412710679984031,0,13.667679613815077,GREEN,10,Heat-only,excluded,Low,Routine monitoring,,,,,,
2026-05-02,Bhilwara,0.0,41.6,27.0,34.3,17.37234101075267,0.0116043528929783,0,11.698174008243477,GREEN,11,Heat-only,excluded,Low,Routine monitoring,,,,,,
2026-05-02,Jhalawar,0.0,41.8,28.1,34.95,17.819664075268783,0.00258522769082,0,11.673264618103408,GREEN,12,Heat-only,excluded,Low,Routine monitoring,,,,,,
2026-05-02,Sirohi,0.0,40.6,27.2,33.9,16.866334354838717,0.0049183779458041,0,11.13526055874831,GREEN,13,Heat-only,excluded,Low,Routine monitoring,,,,,,
2026-05-02,Hanumangarh,0.0,41.0,24.1,32.55,15.457581225806464,0.0204598572512425,0,10.76352280056769,GREEN,14,Heat-only,excluded,Low,Routine monitoring,,,,,,
2026-05-02,Sikar,0.0,40.8,25.5,33.15,15.85040121505373,0.0063653381324332,0,10.525547624420089,GREEN,15,Heat-only,excluded,Low,Routine monitoring,,,,,,
2026-05-02,Churu,0.0,41.3,24.1,32.7,13.35759397849462,0.016803003283838,0,9.270541200955837,GREEN,16,Heat-only,excluded,Low,Routine monitoring,,,,,,
2026-05-02,Chittaurgarh,0.0,41.1,26.4,33.75,13.911719967741938,0.0048657179714752,0,9.212918108033897,GREEN,17,Heat-only,excluded,Low,Routine monitoring,,,,,,
2026-05-02,Ajmer,0.0,40.7,27.7,34.2,12.98863050537634,0.0033109871087558,0,8.558494377301074,GREEN,18,Heat-only,excluded,Low,Routine monitoring,,,,,,
2026-05-02,Alwar,0.0,39.3,23.3,31.3,10.5,0.0062687527042367,0,7.044406344648287,GREEN,19,Heat-only,excluded,Low,Routine monitoring,,,,,,
2026-05-02,Udaipur,0.0,37.8,24.3,31.05,10.5,0.0023101845082453,0,6.905856457788588,GREEN,20,Heat-only,excluded,Low,Routine monitoring,,,,,,
2026-05-02,Dhaulpur,0.0,39.8,25.5,32.65,10.5,0.0022437704358897,0,6.903531965256143,GREEN,21,Heat-only,excluded,Low,Routine monitoring,,,,,,
2026-05-02,Jaipur,0.0,40.7,25.6,33.150000000000006,10.5,0.0012345105102934,0,6.86820786786027,GREEN,22,Heat-only,excluded,Low,Routine monitoring,,,,,,
2026-05-02,Sawai Madhopur,0.0,41.0,25.5,33.25,7.5,0.0009323336592086,0,4.907631678072304,GREEN,23,Heat-only,excluded,Low,Routine monitoring,,,,,,
2026-05-03,Bikaner,0.0,43.1,28.9,36.0,29.758846849462397,0.994381928275428,1,54.14661794179054,RED,1,Heat-only,excluded,High,Emergency heat-health action,0.994381928275428,1.0,,,,
2026-05-03,Hanumangarh,0.0,41.7,26.0,33.85,25.047721462365626,0.9965144181973659,1,51.15902358744546,RED,2,Heat-only,excluded,High,Emergency heat-health action,0.9965144181973659,1.0,,,,
2026-05-03,Churu,0.0,41.8,27.4,34.599999999999994,24.6902932688172,0.9893557736811804,1,50.676142703572495,RED,3,Heat-only,excluded,High,Emergency heat-health action,0.9893557736811804,1.0,,,,
2026-05-03,Ganganagar,0.0,41.3,26.0,33.65,20.304911129032234,0.9851611089150143,1,47.67883104589645,RED,4,Heat-only,excluded,High,Emergency heat-health action,0.9851611089150143,1.0,,,,
2026-05-03,Pali,0.0,40.9,27.6,34.25,23.095057623655887,0.8792472255584063,1,45.78544034992055,RED,5,Heat-only,excluded,High,Emergency heat-health action,0.8792472255584063,1.0,,,,
2026-05-03,Jaisalmer,0.0,41.8,27.5,34.65,19.91244388172045,0.9025632799962078,1,44.532803322985565,RED,6,Heat-only,excluded,High,Emergency heat-health action,0.9025632799962078,1.0,,,,
2026-05-03,Sikar,0.0,40.3,27.5,33.9,18.85040121505373,0.8651585728631702,1,42.53331083999588,RED,7,Heat-only,excluded,High,Emergency heat-health action,0.8651585728631702,1.0,,,,
2026-05-03,Barmer,0.0,41.1,26.3,33.7,16.609575301075285,0.726852138345901,0,36.23604878780547,ORANGE,8,Heat-only,excluded,Medium,Heat-health preparedness activation,0.726852138345901,0.0,,,,
2026-05-03,Nagaur,0.0,40.2,28.4,34.3,17.490672892473107,0.7050089297154424,0,36.044249920148,ORANGE,9,Heat-only,excluded,Medium,Heat-health preparedness activation,0.7050089297154424,0.0,,,,
2026-05-03,Dhaulpur,0.1,39.8,24.6,32.2,9.0,0.7817893977902982,0,33.212628922660436,ORANGE,10,Heat-only,excluded,Medium,Heat-health preparedness activation,0.7817893977902982,0.0,,,,
2026-05-03,Sawai Madhopur,0.0,39.8,26.7,33.25,12.253731688172046,0.66208124934667,0,31.137769324445276,ORANGE,11,Heat-only,excluded,Medium,Heat-health preparedness activation,0.66208124934667,0.0,,,,
2026-05-03,Alwar,0.0,37.8,24.0,30.9,10.5,0.681594871867686,0,30.680820515369007,ORANGE,12,Heat-only,excluded,Medium,Heat-health preparedness activation,0.681594871867686,0.0,,,,
2026-05-03,Bundi,0.0,41.0,25.6,33.3,10.5,0.6612450066238948,0,29.968575231836315,ORANGE,13,Heat-only,excluded,Medium,Heat-health preparedness activation,0.6612450066238948,0.0,,,,
2026-05-03,Kota,0.0,40.9,25.6,33.25,10.5,0.6530790441511889,0,29.682766545291607,ORANGE,14,Heat-only,excluded,Medium,Heat-health preparedness activation,0.6530790441511889,0.0,,,,
2026-05-03,Jaipur,0.0,39.0,27.4,33.2,14.945623827956979,0.4522700445114056,0,25.544107046071233,YELLOW,15,Heat-only,excluded,Low,Targeted surveillance + advisories,0.4522700445114056,0.0,,,,
2026-05-03,Jodhpur,0.0,40.5,27.5,34.0,12.478669268817196,0.4395631825146163,0,23.49584641274275,YELLOW,16,Heat-only,excluded,Low,Targeted surveillance + advisories,0.4395631825146163,0.0,,,,
2026-05-03,Bhilwara,0.0,38.7,25.1,31.9,10.5,0.4221480717479056,0,21.600182511176694,YELLOW,17,Heat-only,excluded,Low,Targeted surveillance + advisories,0.4221480717479056,0.0,,,,
2026-05-03,Ajmer,0.0,39.6,26.8,33.2,10.5,0.36019853285078546,0,19.431948649777492,GREEN,18,Heat-only,excluded,Low,Routine monitoring,0.36019853285078546,0.0,,,,
2026-05-03,Jhalawar,0.0,40.8,26.5,33.65,10.778384440860222,0.3486753377585879,0,19.20958670810972,GREEN,19,Heat-only,excluded,Low,Routine monitoring,0.3486753377585879,0.0,,,,
2026-05-03,Sirohi,0.0,39.6,25.6,32.6,10.5,0.28630422391836197,0,16.845647837142668,GREEN,20,Heat-only,excluded,Low,Routine monitoring,0.28630422391836197,0.0,,,,
2026-05-03,Udaipur,0.0,36.3,22.4,29.35,10.5,0.2659940998483957,0,16.13479349469385,GREEN,21,Heat-only,excluded,Low,Routine monitoring,0.2659940998483957,0.0,,,,
2026-05-03,Chittaurgarh,0.0,37.6,25.0,31.3,10.5,0.19221036000017624,0,13.552362600006168,GREEN,22,Heat-only,excluded,Low,Routine monitoring,0.19221036000017624,0.0,,,,
2026-05-03,Banswara,0.0,38.2,26.0,32.1,12.639573935483877,0.10459464711127438,0,11.876535706959125,GREEN,23,Heat-only,excluded,Low,Routine monitoring,0.10459464711127438,0.0,,,,
2026-05-04,Pali,0.0,41.0,26.9,33.95,21.595057623655887,0.7397826275349969,0,39.92917941910122,ORANGE,1,Heat-only,excluded,Medium,Heat-health preparedness activation,0.7397826275349969,0.0,,,,
2026-05-04,Barmer,0.0,41.7,25.8,33.75,19.9286072043011,0.6962672415731899,0,37.32294813785736,ORANGE,2,Heat-only,excluded,Medium,Heat-health preparedness activation,0.6962672415731899,0.0,,,,
2026-05-04,Nagaur,0.0,40.5,26.1,33.3,10.590672892473115,0.39215591343303996,0,20.609394350263926,GREEN,3,Heat-only,excluded,Low,Routine monitoring,0.39215591343303996,0.0,,,,
2026-05-04,Alwar,12.6,36.7,22.4,29.55,9.0,0.3576422327236837,0,18.367478145328928,GREEN,4,Heat-only,excluded,Low,Routine monitoring,0.3576422327236837,0.0,,,,
2026-05-04,Sawai Madhopur,0.9,37.5,24.0,30.75,9.0,0.2895116022931009,0,15.98290608025853,GREEN,5,Heat-only,excluded,Low,Routine monitoring,0.2895116022931009,0.0,,,,
2026-05-04,Udaipur,0.0,36.5,22.2,29.35,10.5,0.259212047109556,0,15.89742164883446,GREEN,6,Heat-only,excluded,Low,Routine monitoring,0.259212047109556,0.0,,,,
2026-05-04,Banswara,0.0,38.7,26.1,32.400000000000006,12.939573935483882,0.1984459523270393,0,15.356331389510899,GREEN,7,Heat-only,excluded,Low,Routine monitoring,0.1984459523270393,0.0,,,,
2026-05-04,Churu,0.1,38.7,26.5,32.6,13.132699290322584,0.1861002039654893,0,15.049761677501806,GREEN,8,Heat-only,excluded,Low,Routine monitoring,0.1861002039654893,0.0,,,,
2026-05-04,Jaipur,1.9,36.9,24.0,30.45,9.0,0.24415692162638777,0,14.395492256923571,GREEN,9,Heat-only,excluded,Low,Routine monitoring,0.24415692162638777,0.0,,,,
2026-05-04,Sirohi,0.0,40.2,25.5,32.85,11.675557591397862,0.1695792012954249,0,13.52438447974848,GREEN,10,Heat-only,excluded,Low,Routine monitoring,0.1695792012954249,0.0,,,,
2026-05-04,Ajmer,1.5,38.7,25.2,31.950000000000003,9.0,0.21727093247386778,0,13.454482636585372,GREEN,11,Heat-only,excluded,Low,Routine monitoring,0.21727093247386778,0.0,,,,
2026-05-04,Chittaurgarh,0.1,38.2,24.5,31.35,9.0,0.21633996611012812,0,13.421898813854483,GREEN,12,Heat-only,excluded,Low,Routine monitoring,0.21633996611012812,0.0,,,,
2026-05-04,Jodhpur,0.0,39.3,27.5,33.4,12.478669268817196,0.1403724341179648,0,13.024170218859947,GREEN,13,Heat-only,excluded,Low,Routine monitoring,0.1403724341179648,0.0,,,,
2026-05-04,Bundi,4.1,39.2,24.7,31.950000000000003,9.0,0.17108175460001207,0,11.837861411000421,GREEN,14,Heat-only,excluded,Low,Routine monitoring,0.17108175460001207,0.0,,,,
2026-05-04,Hanumangarh,0.0,37.3,23.9,30.6,10.5,0.13477365331303837,0,11.542077865956344,GREEN,15,Heat-only,excluded,Low,Routine monitoring,0.13477365331303837,0.0,,,,
2026-05-04,Bikaner,0.1,38.7,27.4,33.05,12.521728419354826,0.09446963808590493,0,11.44556080558731,GREEN,16,Heat-only,excluded,Low,Routine monitoring,0.09446963808590493,0.0,,,,
2026-05-04,Ganganagar,4.8,37.0,23.0,30.0,9.0,0.14946004894135737,0,11.081101712947508,GREEN,17,Heat-only,excluded,Low,Routine monitoring,0.14946004894135737,0.0,,,,
2026-05-04,Jaisalmer,0.0,40.2,26.2,33.2,10.5,0.1099132063481577,0,10.67196222218552,GREEN,18,Heat-only,excluded,Low,Routine monitoring,0.1099132063481577,0.0,,,,
2026-05-04,Sikar,0.4,37.0,24.8,30.9,9.005725666666667,0.13310415396600297,0,10.512367072143437,GREEN,19,Heat-only,excluded,Low,Routine monitoring,0.13310415396600297,0.0,,,,
2026-05-04,Kota,0.0,38.7,26.1,32.400000000000006,10.5,0.08886502014407788,0,9.935275705042725,GREEN,20,Heat-only,excluded,Low,Routine monitoring,0.08886502014407788,0.0,,,,
2026-05-04,Dhaulpur,0.9,37.8,24.1,30.95,7.5,0.14355308592524516,0,9.89935800738358,GREEN,21,Heat-only,excluded,Low,Routine monitoring,0.14355308592524516,0.0,,,,
2026-05-04,Bhilwara,0.0,36.9,25.8,31.35,10.5,0.08156329245049751,0,9.679715235767413,GREEN,22,Heat-only,excluded,Low,Routine monitoring,0.08156329245049751,0.0,,,,
2026-05-04,Jhalawar,4.1,38.1,25.6,31.85,9.0,0.09189469689092707,0,9.066314391182448,GREEN,23,Heat-only,excluded,Low,Routine monitoring,0.09189469689092707,0.0,,,,
2026-05-05,Barmer,0.0,41.1,22.1,31.6,16.328607204301093,0.0753616073921015,0,13.251250941519263,GREEN,1,Heat-only,excluded,Low,Routine monitoring,,,,,,
2026-05-05,Banswara,0.0,38.2,26.5,32.35,14.139573935483876,0.0044427424232242,0,9.34621904287737,GREEN,2,Heat-only,excluded,Low,Routine monitoring,,,,,,
2026-05-05,Pali,0.0,39.8,26.4,33.099999999999994,12.89505762365587,0.0028849244219334,0,8.482759810143985,GREEN,3,Heat-only,excluded,Low,Routine monitoring,,,,,,
2026-05-05,Udaipur,0.0,35.8,21.9,28.85,10.5,0.0121423732731526,0,7.249983064560342,GREEN,4,Heat-only,excluded,Low,Routine monitoring,,,,,,
2026-05-05,Hanumangarh,0.0,35.0,21.9,28.45,10.5,0.003985667651971,0,6.964498367818987,GREEN,5,Heat-only,excluded,Low,Routine monitoring,,,,,,
2026-05-05,Sirohi,0.0,39.2,24.9,32.05,10.5,0.0038548066485181,0,6.959918232698136,GREEN,6,Heat-only,excluded,Low,Routine monitoring,,,,,,
2026-05-05,Jodhpur,0.0,38.7,26.8,32.75,10.5,0.0016445624981771,0,6.882559687436202,GREEN,7,Heat-only,excluded,Low,Routine monitoring,,,,,,
2026-05-05,Nagaur,0.0,37.3,24.5,30.9,10.5,0.0014765616799277,0,6.87667965879747,GREEN,8,Heat-only,excluded,Low,Routine monitoring,,,,,,
2026-05-05,Bikaner,0.0,37.3,24.2,30.75,10.5,0.0012523725255915,0,6.868833038395704,GREEN,9,Heat-only,excluded,Low,Routine monitoring,,,,,,
2026-05-05,Jaisalmer,0.0,38.7,26.1,32.400000000000006,10.5,0.0011423949951327,0,6.864983824829648,GREEN,10,Heat-only,excluded,Low,Routine monitoring,,,,,,
2026-05-05,Bhilwara,0.0,36.7,22.5,29.6,9.0,0.0070644069082615,0,6.097254241789154,GREEN,11,Heat-only,excluded,Low,Routine monitoring,,,,,,
2026-05-05,Ganganagar,0.0,34.3,21.4,27.85,9.0,0.0032036308792372,0,5.962127080773306,GREEN,12,Heat-only,excluded,Low,Routine monitoring,,,,,,
2026-05-05,Churu,0.0,35.3,21.5,28.4,9.0,0.0023212431941756,0,5.931243511796148,GREEN,13,Heat-only,excluded,Low,Routine monitoring,,,,,,
2026-05-05,Sikar,0.0,35.2,21.4,28.3,9.0,0.0017236728067681,0,5.910328548236886,GREEN,14,Heat-only,excluded,Low,Routine monitoring,,,,,,
2026-05-05,Alwar,6.8,32.7,20.2,26.450000000000003,7.5,0.0068787771334656,0,5.115757199671296,GREEN,15,Heat-only,excluded,Low,Routine monitoring,,,,,,
2026-05-05,Bundi,0.9,37.9,22.5,30.2,7.5,0.0047939394669094,0,5.042787881341832,GREEN,16,Heat-only,excluded,Low,Routine monitoring,,,,,,
2026-05-05,Jaipur,5.4,34.5,21.0,27.75,7.5,0.0037521585227896,0,5.006325548297637,GREEN,17,Heat-only,excluded,Low,Routine monitoring,,,,,,
2026-05-05,Kota,2.9,38.6,24.0,31.3,7.5,0.0035368182384894,0,4.998788638347129,GREEN,18,Heat-only,excluded,Low,Routine monitoring,,,,,,
2026-05-05,Ajmer,1.3,35.9,22.5,29.2,7.5,0.0019425303711686,0,4.942988562990902,GREEN,19,Heat-only,excluded,Low,Routine monitoring,,,,,,
2026-05-05,Chittaurgarh,0.9,37.7,23.1,30.4,6.0,0.0051862913488338,0,4.081520197209184,GREEN,20,Heat-only,excluded,Low,Routine monitoring,,,,,,
2026-05-05,Jhalawar,0.9,38.9,23.9,31.4,6.0,0.0043382744288469,0,4.051839605009643,GREEN,21,Heat-only,excluded,Low,Routine monitoring,,,,,,
2026-05-05,Dhaulpur,0.2,33.6,22.2,27.9,6.0,0.0022844758588059,0,3.9799566550582095,GREEN,22,Heat-only,excluded,Low,Routine monitoring,,,,,,
2026-05-06,Bhilwara,0.0,36.7,22.0,29.35,10.5,0.03422178812776235,0,8.022762584471682,GREEN,1,Heat-only,excluded,Low,Routine monitoring,0.03422178812776235,0.0,,,,
2026-05-06,Barmer,0.0,40.3,24.0,32.15,11.528607204301068,0.004669870608137204,0,7.657040154080496,GREEN,2,Heat-only,excluded,Low,Routine monitoring,0.004669870608137204,0.0,,,,
2026-05-06,Udaipur,0.0,34.9,21.7,28.3,10.5,0.007981404265213153,0,7.10434914928246,GREEN,3,Heat-only,excluded,Low,Routine monitoring,0.007981404265213153,0.0,,,,
2026-05-06,Kota,0.0,37.5,24.1,30.8,10.5,0.00657978739895679,0,7.055292558963488,GREEN,4,Heat-only,excluded,Low,Routine monitoring,0.00657978739895679,0.0,,,,
2026-05-06,Nagaur,0.0,36.9,21.6,29.25,10.5,0.00557345595079299,0,7.0200709582777545,GREEN,5,Heat-only,excluded,Low,Routine monitoring,0.00557345595079299,0.0,,,,
2026-05-06,Hanumangarh,0.0,36.0,21.4,28.7,10.5,0.005242877997366176,0,7.008500729907817,GREEN,6,Heat-only,excluded,Low,Routine monitoring,0.005242877997366176,0.0,,,,
2026-05-06,Banswara,0.0,37.2,23.6,30.4,10.5,0.004781673290057919,0,6.992358565152028,GREEN,7,Heat-only,excluded,Low,Routine monitoring,0.004781673290057919,0.0,,,,
2026-05-06,Jodhpur,0.0,38.0,25.2,31.6,10.5,0.0044974010838049324,0,6.982409037933173,GREEN,8,Heat-only,excluded,Low,Routine monitoring,0.0044974010838049324,0.0,,,,
2026-05-06,Sirohi,0.0,37.9,23.8,30.85,10.5,0.003235059187507428,0,6.9382270715627605,GREEN,9,Heat-only,excluded,Low,Routine monitoring,0.003235059187507428,0.0,,,,
2026-05-06,Pali,0.0,38.3,23.3,30.8,10.5,0.0030943691545334403,0,6.9333029204086705,GREEN,10,Heat-only,excluded,Low,Routine monitoring,0.0030943691545334403,0.0,,,,
2026-05-06,Jaisalmer,0.0,39.8,26.2,33.0,10.5,0.001854544831645064,0,6.889909069107578,GREEN,11,Heat-only,excluded,Low,Routine monitoring,0.001854544831645064,0.0,,,,
2026-05-06,Chittaurgarh,0.0,36.6,21.0,28.8,9.0,0.011873941286488294,0,6.265587945027091,GREEN,12,Heat-only,excluded,Low,Routine monitoring,0.011873941286488294,0.0,,,,
2026-05-06,Sikar,0.0,34.7,19.9,27.3,9.0,0.006463454751548662,0,6.076220916304203,GREEN,13,Heat-only,excluded,Low,Routine monitoring,0.006463454751548662,0.0,,,,
2026-05-06,Bikaner,0.0,38.0,23.1,30.55,9.0,0.0054340329606926835,0,6.040191153624244,GREEN,14,Heat-only,excluded,Low,Routine monitoring,0.0054340329606926835,0.0,,,,
2026-05-06,Alwar,0.0,35.0,20.8,27.9,9.0,0.005356965611348968,0,6.037493796397214,GREEN,15,Heat-only,excluded,Low,Routine monitoring,0.005356965611348968,0.0,,,,
2026-05-06,Ajmer,0.0,35.5,21.8,28.65,9.0,0.004522129466565401,0,6.008274531329789,GREEN,16,Heat-only,excluded,Low,Routine monitoring,0.004522129466565401,0.0,,,,
2026-05-06,Churu,0.0,35.1,20.7,27.9,9.0,0.004501640143748086,0,6.007557405031184,GREEN,17,Heat-only,excluded,Low,Routine monitoring,0.004501640143748086,0.0,,,,
2026-05-06,Jhalawar,0.0,37.5,23.8,30.65,9.0,0.004211021836460752,0,5.997385764276127,GREEN,18,Heat-only,excluded,Low,Routine monitoring,0.004211021836460752,0.0,,,,
2026-05-06,Jaipur,0.0,35.0,21.7,28.35,9.0,0.003730471523792531,0,5.9805665033327395,GREEN,19,Heat-only,excluded,Low,Routine monitoring,0.003730471523792531,0.0,,,,
2026-05-06,Ganganagar,0.0,36.1,21.2,28.65,9.0,0.003631981203942666,0,5.977119342137994,GREEN,20,Heat-only,excluded,Low,Routine monitoring,0.003631981203942666,0.0,,,,
2026-05-06,Sawai Madhopur,0.0,35.6,22.2,28.9,9.0,0.0034711894368428596,0,5.971491630289501,GREEN,21,Heat-only,excluded,Low,Routine monitoring,0.0034711894368428596,0.0,,,,
2026-05-06,Bundi,0.0,37.2,23.0,30.1,9.0,0.0033838644958201886,0,5.968435257353707,GREEN,22,Heat-only,excluded,Low,Routine monitoring,0.0033838644958201886,0.0,,,,
2026-05-06,Dhaulpur,0.0,34.8,22.0,28.4,7.5,0.0020236608882531868,0,4.945828131088861,GREEN,23,Heat-only,excluded,Low,Routine monitoring,0.0020236608882531868,0.0,,,,
2026-05-07,Barmer,0.0,42.3,26.0,34.15,23.528607204301068,0.08513277974046031,0,18.273241973711805,GREEN,1,Heat-only,excluded,Low,Routine monitoring,0.08513277974046031,0.0,,,,
2026-05-07,Jaisalmer,0.0,42.3,26.7,34.5,20.512443881720447,0.09448666274035994,0,16.64012171903089,GREEN,2,Heat-only,excluded,Low,Routine monitoring,0.09448666274035994,0.0,,,,
2026-05-07,Pali,0.0,40.7,25.9,33.3,17.129419032258056,0.012662758167066789,0,11.577318906815075,GREEN,3,Heat-only,excluded,Low,Routine monitoring,0.012662758167066789,0.0,,,,
2026-05-07,Bikaner,0.0,41.9,24.1,33.0,13.037118430107554,0.029901916899915584,0,9.520694071066957,GREEN,4,Heat-only,excluded,Low,Routine monitoring,0.029901916899915584,0.0,,,,
2026-05-07,Bhilwara,0.0,38.5,22.6,30.55,10.5,0.017796027564963544,0,7.447860964773724,GREEN,5,Heat-only,excluded,Low,Routine monitoring,0.017796027564963544,0.0,,,,
2026-05-07,Udaipur,0.0,37.1,23.1,30.1,10.5,0.016249413758018715,0,7.393729481530655,GREEN,6,Heat-only,excluded,Low,Routine monitoring,0.016249413758018715,0.0,,,,
2026-05-07,Kota,0.0,39.8,24.8,32.3,10.5,0.01156604191345606,0,7.229811466970962,GREEN,7,Heat-only,excluded,Low,Routine monitoring,0.01156604191345606,0.0,,,,
2026-05-07,Nagaur,0.0,40.5,24.0,32.25,10.5,0.010102764233038205,0,7.1785967481563375,GREEN,8,Heat-only,excluded,Low,Routine monitoring,0.010102764233038205,0.0,,,,
2026-05-07,Hanumangarh,0.0,38.8,23.4,31.1,10.5,0.010037030096243262,0,7.176296053368515,GREEN,9,Heat-only,excluded,Low,Routine monitoring,0.010037030096243262,0.0,,,,
2026-05-07,Banswara,0.0,39.7,24.5,32.1,10.5,0.0064790049430463546,0,7.051765173006623,GREEN,10,Heat-only,excluded,Low,Routine monitoring,0.0064790049430463546,0.0,,,,
2026-05-07,Jodhpur,0.0,40.8,26.8,33.8,10.5,0.005643158721645257,0,7.022510555257584,GREEN,11,Heat-only,excluded,Low,Routine monitoring,0.005643158721645257,0.0,,,,
2026-05-07,Sirohi,0.0,39.4,25.8,32.6,10.5,0.003041284162094203,0,6.931444945673297,GREEN,12,Heat-only,excluded,Low,Routine monitoring,0.003041284162094203,0.0,,,,
2026-05-07,Sawai Madhopur,0.0,39.0,22.7,30.85,9.0,0.02583611239793165,0,6.754263933927608,GREEN,13,Heat-only,excluded,Low,Routine monitoring,0.02583611239793165,0.0,,,,
2026-05-07,Chittaurgarh,0.0,38.9,20.6,29.75,9.0,0.023947620866289984,0,6.68816673032015,GREEN,14,Heat-only,excluded,Low,Routine monitoring,0.023947620866289984,0.0,,,,
2026-05-07,Jhalawar,0.0,40.0,22.4,31.2,9.0,0.02214904356954152,0,6.625216524933954,GREEN,15,Heat-only,excluded,Low,Routine monitoring,0.02214904356954152,0.0,,,,
2026-05-07,Bundi,0.0,40.0,22.5,31.25,9.0,0.02084427265431984,0,6.579549542901194,GREEN,16,Heat-only,excluded,Low,Routine monitoring,0.02084427265431984,0.0,,,,
2026-05-07,Jaipur,0.0,38.5,23.4,30.95,9.0,0.013846355908268696,0,6.334622456789405,GREEN,17,Heat-only,excluded,Low,Routine monitoring,0.013846355908268696,0.0,,,,
2026-05-07,Ajmer,0.0,37.8,23.5,30.65,9.0,0.00788831109207359,0,6.126090888222576,GREEN,18,Heat-only,excluded,Low,Routine monitoring,0.00788831109207359,0.0,,,,
2026-05-07,Sikar,0.0,38.3,22.6,30.45,9.0,0.007767076767806141,0,6.121847686873215,GREEN,19,Heat-only,excluded,Low,Routine monitoring,0.007767076767806141,0.0,,,,
2026-05-07,Churu,0.0,39.6,23.5,31.55,9.0,0.006587040835813229,0,6.080546429253464,GREEN,20,Heat-only,excluded,Low,Routine monitoring,0.006587040835813229,0.0,,,,
2026-05-07,Ganganagar,0.0,38.9,23.7,31.3,9.0,0.005210648025796082,0,6.0323726809028635,GREEN,21,Heat-only,excluded,Low,Routine monitoring,0.005210648025796082,0.0,,,,
2026-05-07,Dhaulpur,0.0,37.2,22.7,29.950000000000003,7.5,0.012598733029748396,0,5.315955656041194,GREEN,22,Heat-only,excluded,Low,Routine monitoring,0.012598733029748396,0.0,,,,
2026-05-07,Alwar,0.1,36.8,21.5,29.15,7.5,0.00510823292923221,0,5.053788152523127,GREEN,23,Heat-only,excluded,Low,Routine monitoring,0.00510823292923221,0.0,,,,
2026-05-08,Barmer,0.0,43.0,25.0,34.0,27.728607204301085,0.4893367984858349,0,35.15038262979993,YELLOW,1,Heat-only,excluded,Low,Targeted surveillance + advisories,0.4893367984858349,0.0,,,,
2026-05-08,Pali,0.0,41.3,26.2,33.75,21.29505762365587,0.09439891883813553,0,17.14574961471106,GREEN,2,Heat-only,excluded,Low,Routine monitoring,0.09439891883813553,0.0,,,,
2026-05-08,Jaisalmer,0.0,41.8,26.8,34.3,17.81244388172045,0.018617730799347736,0,12.229709101095466,GREEN,3,Heat-only,excluded,Low,Routine monitoring,0.018617730799347736,0.0,,,,
2026-05-08,Jodhpur,0.0,41.4,27.6,34.5,15.597724924731171,0.01843181117107892,0,10.783634592063024,GREEN,4,Heat-only,excluded,Low,Routine monitoring,0.01843181117107892,0.0,,,,
2026-05-08,Sirohi,0.0,40.5,26.8,33.65,15.066334354838713,0.018166241126612703,0,10.428935770076608,GREEN,5,Heat-only,excluded,Low,Routine monitoring,0.018166241126612703,0.0,,,,
2026-05-08,Banswara,0.0,40.3,25.1,32.7,13.806392602150524,0.013913537626609252,0,9.461129008329165,GREEN,6,Heat-only,excluded,Low,Routine monitoring,0.013913537626609252,0.0,,,,
2026-05-08,Nagaur,0.0,40.1,27.1,33.6,13.590672892473115,0.006936307289107203,0,9.076708135226276,GREEN,7,Heat-only,excluded,Low,Routine monitoring,0.006936307289107203,0.0,,,,
2026-05-08,Bhilwara,0.0,40.3,22.5,31.4,10.5,0.04937175086054988,0,8.553011280119247,GREEN,8,Heat-only,excluded,Low,Routine monitoring,0.04937175086054988,0.0,,,,
2026-05-08,Udaipur,0.0,38.0,23.3,30.65,10.5,0.019023495982866408,0,7.490822359400324,GREEN,9,Heat-only,excluded,Low,Routine monitoring,0.019023495982866408,0.0,,,,
2026-05-08,Kota,0.0,40.9,25.5,33.2,10.5,0.010888618564243389,0,7.206101649748518,GREEN,10,Heat-only,excluded,Low,Routine monitoring,0.010888618564243389,0.0,,,,
2026-05-08,Hanumangarh,0.0,37.3,23.7,30.5,10.5,0.005729251786123452,0,7.025523812514321,GREEN,11,Heat-only,excluded,Low,Routine monitoring,0.005729251786123452,0.0,,,,
2026-05-08,Jaipur,0.0,37.8,21.9,29.85,9.0,0.02932057598094424,0,6.876220159333049,GREEN,12,Heat-only,excluded,Low,Routine monitoring,0.02932057598094424,0.0,,,,
2026-05-08,Sawai Madhopur,0.0,39.0,22.4,30.7,9.0,0.02474671296074321,0,6.716134953626013,GREEN,13,Heat-only,excluded,Low,Routine monitoring,0.02474671296074321,0.0,,,,
2026-05-08,Sikar,0.0,37.5,22.6,30.05,9.0,0.016289961707609567,0,6.420148659766335,GREEN,14,Heat-only,excluded,Low,Routine monitoring,0.016289961707609567,0.0,,,,
2026-05-08,Chittaurgarh,0.0,39.7,22.7,31.200000000000003,9.0,0.013767311656849938,0,6.331855907989748,GREEN,15,Heat-only,excluded,Low,Routine monitoring,0.013767311656849938,0.0,,,,
2026-05-08,Churu,0.0,36.7,22.2,29.450000000000003,9.0,0.011374637144598215,0,6.248112300060938,GREEN,16,Heat-only,excluded,Low,Routine monitoring,0.011374637144598215,0.0,,,,
2026-05-08,Bundi,0.0,41.0,25.2,33.1,9.0,0.005579867363696462,0,6.045295357729377,GREEN,17,Heat-only,excluded,Low,Routine monitoring,0.005579867363696462,0.0,,,,
2026-05-08,Ganganagar,0.0,37.6,24.1,30.85,9.0,0.004609604142334911,0,6.011336144981723,GREEN,18,Heat-only,excluded,Low,Routine monitoring,0.004609604142334911,0.0,,,,
2026-05-08,Bikaner,0.0,40.2,24.8,32.5,9.0,0.004076056413210875,0,5.992661974462381,GREEN,19,Heat-only,excluded,Low,Routine monitoring,0.004076056413210875,0.0,,,,
2026-05-08,Jhalawar,0.0,40.5,25.2,32.85,9.0,0.003408100126081208,0,5.969283504412843,GREEN,20,Heat-only,excluded,Low,Routine monitoring,0.003408100126081208,0.0,,,,
2026-05-08,Dhaulpur,0.0,36.5,22.0,29.25,7.5,0.021047353099449943,0,5.611657358480748,GREEN,21,Heat-only,excluded,Low,Routine monitoring,0.021047353099449943,0.0,,,,
2026-05-08,Ajmer,0.1,38.8,24.1,31.45,7.5,0.017447060914281602,0,5.4856471319998565,GREEN,22,Heat-only,excluded,Low,Routine monitoring,0.017447060914281602,0.0,,,,
2026-05-08,Alwar,0.0,34.0,21.0,27.5,7.5,0.0028324761870068453,0,4.97413666654524,GREEN,23,Heat-only,excluded,Low,Routine monitoring,0.0028324761870068453,0.0,,,,
2026-05-09,Jaisalmer,0.0,42.8,27.9,35.349999999999994,27.112443881720445,0.15233013747445878,0,22.95464333472435,GREEN,1,Heat-only,excluded,Low,Routine monitoring,0.15233013747445878,0.0,,,,
2026-05-09,Barmer,0.0,42.8,26.5,34.65,27.409575301075257,0.10682770979965923,0,21.555193788686992,GREEN,2,Heat-only,excluded,Low,Routine monitoring,0.10682770979965923,0.0,,,,
2026-05-09,Pali,0.0,40.7,27.4,34.05,21.295057623655904,0.01921954761026182,0,14.5144716217355,GREEN,3,Heat-only,excluded,Low,Routine monitoring,0.01921954761026182,0.0,,,,
2026-05-09,Banswara,0.0,40.9,25.1,33.0,17.406392602150532,0.03078395255266229,0,12.391593530741027,GREEN,4,Heat-only,excluded,Low,Routine monitoring,0.03078395255266229,0.0,,,,
2026-05-09,Jodhpur,0.0,41.6,26.8,34.2,14.519055655913988,0.014342848553509781,0,9.939385875716935,GREEN,5,Heat-only,excluded,Low,Routine monitoring,0.014342848553509781,0.0,,,,
2026-05-09,Sirohi,0.0,40.0,26.6,33.3,11.49077676344087,0.0037250657300979964,0,7.599382196789996,GREEN,6,Heat-only,excluded,Low,Routine monitoring,0.0037250657300979964,0.0,,,,
2026-05-09,Hanumangarh,0.0,39.5,23.5,31.5,10.5,0.01756834641888383,0,7.439892124660934,GREEN,7,Heat-only,excluded,Low,Routine monitoring,0.01756834641888383,0.0,,,,
2026-05-09,Nagaur,0.0,39.9,25.8,32.85,10.5,0.009075365959351933,0,7.142637808577318,GREEN,8,Heat-only,excluded,Low,Routine monitoring,0.009075365959351933,0.0,,,,
2026-05-09,Bhilwara,0.0,39.2,23.1,31.15,10.5,0.008972802234859913,0,7.139048078220097,GREEN,9,Heat-only,excluded,Low,Routine monitoring,0.008972802234859913,0.0,,,,
2026-05-09,Kota,0.0,39.5,24.3,31.9,10.5,0.00713245376652019,0,7.074635881828207,GREEN,10,Heat-only,excluded,Low,Routine monitoring,0.00713245376652019,0.0,,,,
2026-05-09,Udaipur,0.0,37.9,24.4,31.15,10.5,0.005112628227378851,0,7.00394198795826,GREEN,11,Heat-only,excluded,Low,Routine monitoring,0.005112628227378851,0.0,,,,
2026-05-09,Bikaner,0.0,40.8,26.5,33.65,9.82172841935483,0.004018964652858943,0,6.524787235430703,GREEN,12,Heat-only,excluded,Low,Routine monitoring,0.004018964652858943,0.0,,,,
2026-05-09,Chittaurgarh,0.0,39.2,23.1,31.15,9.0,0.01232609742998983,0,6.281413410049645,GREEN,13,Heat-only,excluded,Low,Routine monitoring,0.01232609742998983,0.0,,,,
2026-05-09,Churu,0.0,38.4,23.2,30.8,9.0,0.011428685674212014,0,6.250003998597421,GREEN,14,Heat-only,excluded,Low,Routine monitoring,0.011428685674212014,0.0,,,,
2026-05-09,Jhalawar,0.0,40.0,24.1,32.05,9.0,0.011320417809971983,0,6.24621462334902,GREEN,15,Heat-only,excluded,Low,Routine monitoring,0.011320417809971983,0.0,,,,
2026-05-09,Ganganagar,0.0,39.5,24.5,32.0,9.0,0.007977482057090812,0,6.129211871998179,GREEN,16,Heat-only,excluded,Low,Routine monitoring,0.007977482057090812,0.0,,,,
2026-05-09,Sikar,0.0,38.0,23.5,30.75,9.0,0.00787364721007951,0,6.125577652352783,GREEN,17,Heat-only,excluded,Low,Routine monitoring,0.00787364721007951,0.0,,,,
2026-05-09,Bundi,0.0,39.0,24.6,31.8,9.0,0.005055319889170874,0,6.026936196120981,GREEN,18,Heat-only,excluded,Low,Routine monitoring,0.005055319889170874,0.0,,,,
2026-05-09,Sawai Madhopur,0.0,37.5,24.0,30.75,9.0,0.0037224161327367496,0,5.980284564645787,GREEN,19,Heat-only,excluded,Low,Routine monitoring,0.0037224161327367496,0.0,,,,
2026-05-09,Jaipur,0.0,37.6,24.3,30.950000000000003,9.0,0.003448490316528869,0,5.970697161078511,GREEN,20,Heat-only,excluded,Low,Routine monitoring,0.003448490316528869,0.0,,,,
2026-05-09,Ajmer,0.0,38.8,24.0,31.4,7.5,0.007916465816157837,0,5.152076303565524,GREEN,21,Heat-only,excluded,Low,Routine monitoring,0.007916465816157837,0.0,,,,
2026-05-09,Dhaulpur,0.0,36.0,24.0,30.0,7.5,0.004719156424673675,0,5.0401704748635785,GREEN,22,Heat-only,excluded,Low,Routine monitoring,0.004719156424673675,0.0,,,,
2026-05-09,Alwar,0.0,35.5,22.7,29.1,7.5,0.004359811298111165,0,5.0275933954338905,GREEN,23,Heat-only,excluded,Low,Routine monitoring,0.004359811298111165,0.0,,,,
2026-05-10,Barmer,0.0,44.3,27.9,36.1,40.60957530107525,0.8814449837647064,1,57.246798377463634,RED,1,Heat-only,excluded,High,Emergency heat-health action,0.8814449837647064,1.0,,,,
2026-05-10,Pali,0.0,42.8,28.6,35.7,37.49505762365588,0.7629488483844659,0,51.07499714883263,ORANGE,2,Heat-only,excluded,Medium,Heat-health preparedness activation,0.7629488483844659,0.0,,,,
2026-05-10,Jaisalmer,0.0,43.6,27.9,35.75,31.91244388172047,0.4860022546996356,0,37.753167437605555,YELLOW,3,Heat-only,excluded,Low,Targeted surveillance + advisories,0.4860022546996356,0.0,,,,
2026-05-10,Jodhpur,0.0,43.2,29.5,36.35,32.097724924731196,0.29814735260199043,0,31.298678542144945,GREEN,4,Heat-only,excluded,Low,Routine monitoring,0.29814735260199043,0.0,,,,
2026-05-10,Sirohi,0.0,42.0,29.0,35.5,30.66633435483871,0.2551578063408963,0,28.863640552576534,GREEN,5,Heat-only,excluded,Low,Routine monitoring,0.2551578063408963,0.0,,,,
2026-05-10,Banswara,0.0,42.1,26.7,34.4,28.845966537634425,0.24386654708889105,0,27.285207397573565,GREEN,6,Heat-only,excluded,Low,Routine monitoring,0.24386654708889105,0.0,,,,
2026-05-10,Bikaner,0.0,42.2,27.9,35.05,19.858846849462406,0.06937288427187403,0,15.336301401666155,GREEN,7,Heat-only,excluded,Low,Routine monitoring,0.06937288427187403,0.0,,,,
2026-05-10,Ganganagar,0.0,40.6,26.4,33.5,15.804911129032256,0.016331975622233205,0,10.844811380649128,GREEN,8,Heat-only,excluded,Low,Routine monitoring,0.016331975622233205,0.0,,,,
2026-05-10,Hanumangarh,0.0,39.8,25.8,32.8,15.290140236559147,0.009431067105170188,0,10.268678502444402,GREEN,9,Heat-only,excluded,Low,Routine monitoring,0.009431067105170188,0.0,,,,
2026-05-10,Nagaur,0.0,41.3,26.6,33.95,14.269425903225788,0.012409603804790848,0,9.709462970264441,GREEN,10,Heat-only,excluded,Low,Routine monitoring,0.012409603804790848,0.0,,,,
2026-05-10,Udaipur,0.0,39.6,26.1,32.85,13.523359698924732,0.013033625376369392,0,9.246360692474004,GREEN,11,Heat-only,excluded,Low,Routine monitoring,0.013033625376369392,0.0,,,,
2026-05-10,Bhilwara,0.0,40.1,25.9,33.0,10.5,0.005149103903064188,0,7.005218636607247,GREEN,12,Heat-only,excluded,Low,Routine monitoring,0.005149103903064188,0.0,,,,
2026-05-10,Kota,0.0,40.5,25.7,33.1,10.5,0.005081628201544027,0,7.002856987054041,GREEN,13,Heat-only,excluded,Low,Routine monitoring,0.005081628201544027,0.0,,,,
2026-05-10,Churu,0.0,39.2,25.2,32.2,9.232699290322582,0.0074709949338409125,0,6.262739361394111,GREEN,14,Heat-only,excluded,Low,Routine monitoring,0.0074709949338409125,0.0,,,,
2026-05-10,Sawai Madhopur,0.0,38.0,24.6,31.3,9.0,0.011785273830461523,0,6.262484584066153,GREEN,15,Heat-only,excluded,Low,Routine monitoring,0.011785273830461523,0.0,,,,
2026-05-10,Chittaurgarh,0.0,40.2,24.1,32.150000000000006,9.0,0.010265274017095372,0,6.2092845905983385,GREEN,16,Heat-only,excluded,Low,Routine monitoring,0.010265274017095372,0.0,,,,
2026-05-10,Jaipur,0.0,38.1,25.5,31.8,9.0,0.008245389990368434,0,6.138588649662895,GREEN,17,Heat-only,excluded,Low,Routine monitoring,0.008245389990368434,0.0,,,,
2026-05-10,Sikar,0.0,38.8,24.7,31.75,9.0,0.007408970175329112,0,6.1093139561365195,GREEN,18,Heat-only,excluded,Low,Routine monitoring,0.007408970175329112,0.0,,,,
2026-05-10,Bundi,0.0,40.0,25.3,32.65,9.0,0.005664389937244903,0,6.048253647803572,GREEN,19,Heat-only,excluded,Low,Routine monitoring,0.005664389937244903,0.0,,,,
2026-05-10,Jhalawar,0.0,40.6,25.9,33.25,9.0,0.0028757611258949122,0,5.950651639406322,GREEN,20,Heat-only,excluded,Low,Routine monitoring,0.0028757611258949122,0.0,,,,
2026-05-10,Dhaulpur,0.0,37.2,24.7,30.950000000000003,7.5,0.016504758430442388,0,5.452666545065483,GREEN,21,Heat-only,excluded,Low,Routine monitoring,0.016504758430442388,0.0,,,,
2026-05-10,Alwar,0.0,36.2,24.5,30.35,7.5,0.00505399661771335,0,5.051889881619967,GREEN,22,Heat-only,excluded,Low,Routine monitoring,0.00505399661771335,0.0,,,,
2026-05-10,Ajmer,0.0,39.8,25.6,32.7,7.5,0.004268736427136938,0,5.024405774949793,GREEN,23,Heat-only,excluded,Low,Routine monitoring,0.004268736427136938,0.0,,,,
2026-05-11,Barmer,0.0,44.7,28.5,36.6,44.80957530107529,0.9359202380341056,1,61.883432276892634,RED,1,Heat-only,excluded,High,Emergency heat-health action,0.9359202380341056,1.0,,,,
2026-05-11,Jaisalmer,0.0,44.3,28.8,36.55,38.812443881720455,0.7432793166002106,0,51.24286460412567,ORANGE,2,Heat-only,excluded,Medium,Heat-health preparedness activation,0.7432793166002106,0.0,,,,
2026-05-11,Bikaner,0.0,44.2,29.0,36.6,35.15884684946241,0.7892758520128161,0,50.47790527259913,ORANGE,3,Heat-only,excluded,Medium,Heat-health preparedness activation,0.7892758520128161,0.0,,,,
2026-05-11,Hanumangarh,0.0,42.5,27.9,35.2,35.5477214623656,0.7810991890188282,0,50.44449056619663,ORANGE,4,Heat-only,excluded,Medium,Heat-health preparedness activation,0.7810991890188282,0.0,,,,
2026-05-11,Pali,0.0,42.9,28.1,35.5,36.59505762365589,0.6775680775388305,0,47.501670169235396,ORANGE,5,Heat-only,excluded,Medium,Heat-health preparedness activation,0.6775680775388305,0.0,,,,
2026-05-11,Ganganagar,0.0,42.5,28.2,35.35,32.604911129032246,0.5516387560722462,0,40.500548696399576,YELLOW,6,Heat-only,excluded,Low,Targeted surveillance + advisories,0.5516387560722462,0.0,,,,
2026-05-11,Banswara,0.0,42.7,26.4,34.55,31.54596653763443,0.5238584957283963,0,38.839925599956246,YELLOW,7,Heat-only,excluded,Low,Targeted surveillance + advisories,0.5238584957283963,0.0,,,,
2026-05-11,Sirohi,0.0,42.4,28.9,35.65,32.7663343548387,0.47520907915999433,0,37.93043510124495,YELLOW,8,Heat-only,excluded,Low,Targeted surveillance + advisories,0.47520907915999433,0.0,,,,
2026-05-11,Jodhpur,0.0,43.5,28.5,36.0,30.897724924731175,0.4967989817070052,0,37.47148556082044,YELLOW,9,Heat-only,excluded,Low,Targeted surveillance + advisories,0.4967989817070052,0.0,,,,
2026-05-11,Nagaur,0.0,42.7,28.1,35.400000000000006,27.16942590322582,0.24684772234263427,0,26.299797119088982,GREEN,10,Heat-only,excluded,Low,Routine monitoring,0.24684772234263427,0.0,,,,
2026-05-11,Churu,0.0,41.8,27.4,34.599999999999994,23.1902932688172,0.23155200289478578,0,23.178010726048683,GREEN,11,Heat-only,excluded,Low,Routine monitoring,0.23155200289478578,0.0,,,,
2026-05-11,Bhilwara,0.0,41.8,25.9,33.849999999999994,17.797475849462316,0.12434231383824104,0,15.920340286488942,GREEN,12,Heat-only,excluded,Low,Routine monitoring,0.12434231383824104,0.0,,,,
2026-05-11,Chittaurgarh,0.0,41.6,25.1,33.35,16.50228625806453,0.07411171329220768,0,13.320396032969214,GREEN,13,Heat-only,excluded,Low,Routine monitoring,0.07411171329220768,0.0,,,,
2026-05-11,Sikar,0.0,40.6,26.4,33.5,15.85040121505375,0.03631615598905386,0,11.573826249401824,GREEN,14,Heat-only,excluded,Low,Routine monitoring,0.03631615598905386,0.0,,,,
2026-05-11,Udaipur,0.0,40.0,25.8,32.9,15.023359698924722,0.021814362207833175,0,10.52868648157523,GREEN,15,Heat-only,excluded,Low,Routine monitoring,0.021814362207833175,0.0,,,,
2026-05-11,Kota,0.0,41.3,27.0,34.15,12.458676967741944,0.010151708821988351,0,8.453449837801855,GREEN,16,Heat-only,excluded,Low,Routine monitoring,0.010151708821988351,0.0,,,,
2026-05-11,Jaipur,0.0,39.4,26.5,32.95,10.745623827956983,0.011666697533334354,0,7.3929899018387415,GREEN,17,Heat-only,excluded,Low,Routine monitoring,0.011666697533334354,0.0,,,,
2026-05-11,Sawai Madhopur,0.0,39.4,26.5,32.95,10.153731688172048,0.009975313075314591,0,6.949061554947842,GREEN,18,Heat-only,excluded,Low,Routine monitoring,0.009975313075314591,0.0,,,,
2026-05-11,Jhalawar,0.0,41.2,26.8,34.0,10.319664075268815,0.006699133241513963,0,6.942251312377718,GREEN,19,Heat-only,excluded,Low,Routine monitoring,0.006699133241513963,0.0,,,,
2026-05-11,Dhaulpur,0.0,37.8,25.8,31.8,9.429058903225808,0.0095227414512922,0,6.462184237892003,GREEN,20,Heat-only,excluded,Low,Routine monitoring,0.0095227414512922,0.0,,,,
2026-05-11,Bundi,0.0,41.2,26.0,33.6,9.0,0.008192281915798873,0,6.136729867052961,GREEN,21,Heat-only,excluded,Low,Routine monitoring,0.008192281915798873,0.0,,,,
2026-05-11,Alwar,0.0,38.8,24.3,31.55,7.5,0.01559704964082781,0,5.420896737428973,GREEN,22,Heat-only,excluded,Low,Routine monitoring,0.01559704964082781,0.0,,,,
2026-05-11,Ajmer,0.0,41.0,26.4,33.7,7.5,0.008965452324081783,0,5.188790831342862,GREEN,23,Heat-only,excluded,Low,Routine monitoring,0.008965452324081783,0.0,,,,
2026-05-12,Pali,0.0,42.8,30.2,36.5,42.29505762365587,0.6284895094523612,0,49.48892028620895,YELLOW,1,Heat-only,excluded,Low,Targeted surveillance + advisories,0.6284895094523612,0.0,2026-05-12T05:52,2026-05-12T19:13,05:52 AM,07:13 PM
2026-05-12,Barmer,0.0,43.8,28.6,36.2,39.70957530107526,0.6499312706492338,0,48.558818418422106,YELLOW,2,Heat-only,excluded,Low,Targeted surveillance + advisories,0.6499312706492338,0.0,2026-05-12T06:00,2026-05-12T19:21,06:00 AM,07:21 PM
2026-05-12,Jaisalmer,0.0,43.2,29.9,36.55,35.51244388172048,0.30428620315764804,0,33.733105633635994,GREEN,3,Heat-only,excluded,Low,Routine monitoring,0.30428620315764804,0.0,2026-05-12T06:00,2026-05-12T19:24,06:00 AM,07:24 PM
2026-05-12,Jodhpur,0.0,42.9,31.7,37.3,36.897724924731165,0.19516890381089272,0,30.814432834456504,GREEN,4,Heat-only,excluded,Low,Routine monitoring,0.19516890381089272,0.0,2026-05-12T05:53,2026-05-12T19:15,05:53 AM,07:15 PM
2026-05-12,Bikaner,0.6,43.0,31.4,37.2,35.15884684946239,0.1927236367535122,0,29.59857773852348,GREEN,5,Heat-only,excluded,Low,Routine monitoring,0.1927236367535122,0.0,2026-05-12T05:48,2026-05-12T19:17,05:48 AM,07:17 PM
2026-05-12,Kota,0.0,43.0,28.8,35.9,28.058676967741963,0.2897649544551203,0,28.379913434961487,GREEN,6,Heat-only,excluded,Low,Routine monitoring,0.2897649544551203,0.0,2026-05-12T05:43,2026-05-12T19:02,05:43 AM,07:02 PM
2026-05-12,Nagaur,0.0,42.3,30.9,36.6,33.16942590322578,0.18911509238826466,0,28.17915507068602,GREEN,7,Heat-only,excluded,Low,Routine monitoring,0.18911509238826466,0.0,2026-05-12T05:48,2026-05-12T19:14,05:48 AM,07:14 PM
2026-05-12,Banswara,0.0,42.0,27.4,34.7,30.345966537634414,0.1511486021538684,0,25.015079324847765,GREEN,8,Heat-only,excluded,Low,Routine monitoring,0.1511486021538684,0.0,2026-05-12T05:51,2026-05-12T19:05,05:51 AM,07:05 PM
2026-05-12,Churu,0.0,41.8,28.2,35.0,27.090293268817202,0.1742184420125632,0,23.706336095170894,GREEN,9,Heat-only,excluded,Low,Routine monitoring,0.1742184420125632,0.0,2026-05-12T05:41,2026-05-12T19:11,05:41 AM,07:11 PM
2026-05-12,Jhalawar,0.0,42.7,28.4,35.55,25.61966407526881,0.17533857837045463,0,22.78963189189064,GREEN,10,Heat-only,excluded,Low,Routine monitoring,0.17533857837045463,0.0,2026-05-12T05:43,2026-05-12T19:00,05:43 AM,07:00 PM
2026-05-12,Sikar,0.0,41.2,28.5,34.85,27.250401215053763,0.14416533148303137,0,22.758547391691046,GREEN,11,Heat-only,excluded,Low,Routine monitoring,0.14416533148303137,0.0,2026-05-12T05:42,2026-05-12T19:09,05:42 AM,07:09 PM
2026-05-12,Sirohi,0.0,41.4,29.6,35.5,28.866334354838706,0.06444494595592233,0,21.01869043910244,GREEN,12,Heat-only,excluded,Low,Routine monitoring,0.06444494595592233,0.0,2026-05-12T05:55,2026-05-12T19:13,05:55 AM,07:13 PM
2026-05-12,Hanumangarh,0.0,40.7,28.0,34.35,25.047721462365626,0.044810729233869424,0,17.849394473723088,GREEN,13,Heat-only,excluded,Low,Routine monitoring,0.044810729233869424,0.0,2026-05-12T05:41,2026-05-12T19:15,05:41 AM,07:15 PM
2026-05-12,Jaipur,0.4,41.5,28.1,34.8,20.179506107526905,0.0772161611904276,0,15.819244611557455,GREEN,14,Heat-only,excluded,Low,Routine monitoring,0.0772161611904276,0.0,2026-05-12T05:40,2026-05-12T19:05,05:40 AM,07:05 PM
2026-05-12,Ganganagar,0.2,40.7,28.5,34.6,22.70491112903227,0.020420133182796004,0,15.472896895268835,GREEN,15,Heat-only,excluded,Low,Routine monitoring,0.020420133182796004,0.0,2026-05-12T05:43,2026-05-12T19:18,05:43 AM,07:18 PM
2026-05-12,Bundi,0.0,42.2,28.1,35.150000000000006,20.739821709677432,0.052128076914677544,0,15.305366803304045,GREEN,16,Heat-only,excluded,Low,Routine monitoring,0.052128076914677544,0.0,2026-05-12T05:43,2026-05-12T19:03,05:43 AM,07:03 PM
2026-05-12,Sawai Madhopur,0.0,41.5,28.6,35.05,19.286455537634435,0.06313917576818184,0,14.746067251348748,GREEN,17,Heat-only,excluded,Low,Routine monitoring,0.06313917576818184,0.0,2026-05-12T05:40,2026-05-12T19:01,05:40 AM,07:01 PM
2026-05-12,Bhilwara,0.0,41.4,28.8,35.1,21.572341010752655,0.02015251553441108,0,14.727359700693613,GREEN,18,Heat-only,excluded,Low,Routine monitoring,0.02015251553441108,0.0,2026-05-12T05:48,2026-05-12T19:07,05:48 AM,07:07 PM
2026-05-12,Ajmer,0.0,40.0,30.0,35.0,18.38863050537634,0.007442709245470756,0,12.213104652086098,GREEN,19,Heat-only,excluded,Low,Routine monitoring,0.007442709245470756,0.0,2026-05-12T05:46,2026-05-12T19:09,05:46 AM,07:09 PM
2026-05-12,Dhaulpur,0.2,39.8,27.5,33.65,14.529058903225806,0.02581187164154112,0,10.347303794550713,GREEN,20,Heat-only,excluded,Low,Routine monitoring,0.02581187164154112,0.0,2026-05-12T05:33,2026-05-12T18:56,05:33 AM,06:56 PM
2026-05-12,Udaipur,0.0,39.1,26.9,33.0,14.98668997849462,0.0043305294745696644,0,9.892917017631442,GREEN,21,Heat-only,excluded,Low,Routine monitoring,0.0043305294745696644,0.0,2026-05-12T05:53,2026-05-12T19:10,05:53 AM,07:10 PM
2026-05-12,Chittaurgarh,0.0,40.8,26.4,33.599999999999994,13.611719967741912,0.006576704499236288,0,9.077802636505513,GREEN,22,Heat-only,excluded,Low,Routine monitoring,0.006576704499236288,0.0,2026-05-12T05:48,2026-05-12T19:06,05:48 AM,07:06 PM
2026-05-12,Alwar,0.4,40.5,25.4,32.95,12.406679032258065,0.02061219659391789,0,8.785768251754869,GREEN,23,Heat-only,excluded,Low,Routine monitoring,0.02061219659391789,0.0,2026-05-12T05:36,2026-05-12T19:03,05:36 AM,07:03 PM
2026-05-13,Pali,0.0,42.8,30.2,36.5,42.29505762365587,0.8068468196697834,0,55.73142614381874,ORANGE,1,Heat-only,excluded,Medium,Heat-health preparedness activation,0.8068468196697834,0.0,2026-05-13T05:52,2026-05-13T19:13,05:52 AM,07:13 PM
2026-05-13,Jaisalmer,0.0,43.8,30.5,37.15,40.91244388172045,0.7645756835488758,0,53.35323744732895,ORANGE,2,Heat-only,excluded,Medium,Heat-health preparedness activation,0.7645756835488758,0.0,2026-05-13T05:59,2026-05-13T19:25,05:59 AM,07:25 PM
2026-05-13,Jodhpur,0.0,43.3,30.9,37.1,36.89772492473115,0.6729486614559389,0,47.536724352033104,ORANGE,3,Heat-only,excluded,Medium,Heat-health preparedness activation,0.6729486614559389,0.0,2026-05-13T05:52,2026-05-13T19:16,05:52 AM,07:16 PM
2026-05-13,Kota,0.0,43.5,30.9,37.2,37.35867696774196,0.5787250139120611,0,44.53851551595441,YELLOW,4,Heat-only,excluded,Low,Targeted surveillance + advisories,0.5787250139120611,0.0,2026-05-13T05:42,2026-05-13T19:02,05:42 AM,07:02 PM
2026-05-13,Jhalawar,0.0,43.8,28.9,36.35,33.719664075268774,0.633938877021605,0,44.105642344680874,YELLOW,5,Heat-only,excluded,Low,Targeted surveillance + advisories,0.633938877021605,0.0,2026-05-13T05:42,2026-05-13T19:00,05:42 AM,07:00 PM
2026-05-13,Barmer,0.0,43.0,29.3,36.15,37.00957530107527,0.3843005887523562,0,37.50674455203139,GREEN,6,Heat-only,excluded,Low,Routine monitoring,0.3843005887523562,0.0,2026-05-13T05:59,2026-05-13T19:21,05:59 AM,07:21 PM
2026-05-13,Sirohi,0.0,41.8,30.2,36.0,33.06633435483869,0.26333259819689336,0,30.709758267536415,GREEN,7,Heat-only,excluded,Low,Routine monitoring,0.26333259819689336,0.0,2026-05-13T05:55,2026-05-13T19:14,05:55 AM,07:14 PM
2026-05-13,Bundi,0.0,43.3,27.2,35.25,24.639821709677392,0.30572888136947585,0,26.716394959221958,GREEN,8,Heat-only,excluded,Low,Routine monitoring,0.30572888136947585,0.0,2026-05-13T05:43,2026-05-13T19:04,05:43 AM,07:04 PM
2026-05-13,Hanumangarh,0.0,41.7,27.0,34.35,28.047721462365626,0.24032776305617323,0,26.642490657503718,GREEN,9,Heat-only,excluded,Low,Routine monitoring,0.24032776305617323,0.0,2026-05-13T05:41,2026-05-13T19:16,05:41 AM,07:16 PM
2026-05-13,Banswara,0.0,41.3,29.4,35.349999999999994,32.14596653763439,0.1294679319727034,0,25.426255868506974,GREEN,10,Heat-only,excluded,Low,Routine monitoring,0.1294679319727034,0.0,2026-05-13T05:51,2026-05-13T19:05,05:51 AM,07:05 PM
2026-05-13,Ganganagar,0.2,41.8,28.0,34.9,26.304911129032234,0.122971782315462,0,21.402204614912122,GREEN,11,Heat-only,excluded,Low,Routine monitoring,0.122971782315462,0.0,2026-05-13T05:42,2026-05-13T19:19,05:42 AM,07:19 PM
2026-05-13,Nagaur,0.0,42.0,28.9,35.45,25.369425903225796,0.13998338540383642,0,21.38954532623104,GREEN,12,Heat-only,excluded,Low,Routine monitoring,0.13998338540383642,0.0,2026-05-13T05:47,2026-05-13T19:14,05:47 AM,07:14 PM
2026-05-13,Jaipur,0.0,42.0,29.1,35.55,26.179506107526905,0.12370732899250377,0,21.34643548463012,GREEN,13,Heat-only,excluded,Low,Routine monitoring,0.12370732899250377,0.0,2026-05-13T05:40,2026-05-13T19:05,05:40 AM,07:05 PM
2026-05-13,Bhilwara,0.0,41.6,29.5,35.55,24.87234101075267,0.09471693092572686,0,19.482114239389674,GREEN,14,Heat-only,excluded,Low,Routine monitoring,0.09471693092572686,0.0,2026-05-13T05:47,2026-05-13T19:08,05:47 AM,07:08 PM
2026-05-13,Sawai Madhopur,0.0,42.2,27.7,34.95,20.786455537634446,0.10881869456402041,0,17.319850409203106,GREEN,15,Heat-only,excluded,Low,Routine monitoring,0.10881869456402041,0.0,2026-05-13T05:39,2026-05-13T19:02,05:39 AM,07:02 PM
2026-05-13,Bikaner,1.4,42.5,28.4,35.45,21.65884684946239,0.059070366421534015,0,16.145713276904246,GREEN,16,Heat-only,excluded,Low,Routine monitoring,0.059070366421534015,0.0,2026-05-13T05:48,2026-05-13T19:17,05:48 AM,07:17 PM
2026-05-13,Ajmer,0.0,40.1,29.8,34.95,17.788630505376343,0.029899058317248078,0,12.609076869598306,GREEN,17,Heat-only,excluded,Low,Routine monitoring,0.029899058317248078,0.0,2026-05-13T05:45,2026-05-13T19:09,05:45 AM,07:09 PM
2026-05-13,Churu,0.0,40.8,27.0,33.9,17.490293268817204,0.014982370967726697,0,11.893073608601618,GREEN,18,Heat-only,excluded,Low,Routine monitoring,0.014982370967726697,0.0,2026-05-13T05:41,2026-05-13T19:11,05:41 AM,07:11 PM
2026-05-13,Sikar,0.8,40.2,27.6,33.900000000000006,17.40572566666667,0.014488909649580191,0,11.820833521068643,GREEN,19,Heat-only,excluded,Low,Routine monitoring,0.014488909649580191,0.0,2026-05-13T05:41,2026-05-13T19:09,05:41 AM,07:09 PM
2026-05-13,Udaipur,0.1,39.2,27.9,33.55,16.48668997849462,0.00930082331178373,0,11.041877301933935,GREEN,20,Heat-only,excluded,Low,Routine monitoring,0.00930082331178373,0.0,2026-05-13T05:52,2026-05-13T19:10,05:52 AM,07:10 PM
2026-05-13,Chittaurgarh,0.8,40.2,28.2,34.2,14.80943370967741,0.004768744261523444,0,9.793037960443638,GREEN,21,Heat-only,excluded,Low,Routine monitoring,0.004768744261523444,0.0,2026-05-13T05:48,2026-05-13T19:07,05:48 AM,07:07 PM
2026-05-13,Dhaulpur,0.1,41.2,26.7,33.95,10.629058903225804,0.014215893815140887,0,7.406444570626705,GREEN,22,Heat-only,excluded,Low,Routine monitoring,0.014215893815140887,0.0,2026-05-13T05:32,2026-05-13T18:57,05:32 AM,06:57 PM
2026-05-13,Alwar,0.6,40.3,25.7,33.0,10.60667903225805,0.005609418449951864,0,7.090671016716048,GREEN,23,Heat-only,excluded,Low,Routine monitoring,0.005609418449951864,0.0,2026-05-13T05:36,2026-05-13T19:03,05:36 AM,07:03 PM
2026-05-14,Barmer,0.0,43.2,29.7,36.45,39.40957530107529,0.6757507079933986,0,49.267498725467895,ORANGE,1,Heat-only,excluded,Medium,Heat-health preparedness activation,0.6757507079933986,0.0,2026-05-14T05:59,2026-05-14T19:22,05:59 AM,07:22 PM
2026-05-14,Kota,0.0,43.5,30.0,36.75,34.65867696774196,0.5390568002494844,0,41.39512803776423,YELLOW,2,Heat-only,excluded,Low,Targeted surveillance + advisories,0.5390568002494844,0.0,2026-05-14T05:42,2026-05-14T19:03,05:42 AM,07:03 PM
2026-05-14,Pali,0.0,42.0,30.5,36.25,38.39505762365589,0.4027303792084588,0,39.05235072767238,YELLOW,3,Heat-only,excluded,Low,Targeted surveillance + advisories,0.4027303792084588,0.0,2026-05-14T05:51,2026-05-14T19:14,05:51 AM,07:14 PM
2026-05-14,Jhalawar,0.0,42.8,29.7,36.25,30.119664075268776,0.13188993927755902,0,24.19392952363927,GREEN,4,Heat-only,excluded,Low,Routine monitoring,0.13188993927755902,0.0,2026-05-14T05:42,2026-05-14T19:01,05:42 AM,07:01 PM
2026-05-14,Jodhpur,0.0,42.3,30.5,36.4,29.69772492473116,0.09350207946400582,0,22.576093982315456,GREEN,5,Heat-only,excluded,Low,Routine monitoring,0.09350207946400582,0.0,2026-05-14T05:52,2026-05-14T19:16,05:52 AM,07:16 PM
2026-05-14,Jaisalmer,0.1,42.0,30.1,36.05,27.41244388172047,0.05046083821000478,0,19.584217860468474,GREEN,6,Heat-only,excluded,Low,Routine monitoring,0.05046083821000478,0.0,2026-05-14T05:59,2026-05-14T19:26,05:59 AM,07:26 PM
2026-05-14,Sirohi,0.0,41.0,29.6,35.3,26.466334354838715,0.0630253482948632,0,19.409004520965375,GREEN,7,Heat-only,excluded,Low,Routine monitoring,0.0630253482948632,0.0,2026-05-14T05:54,2026-05-14T19:14,05:54 AM,07:14 PM
2026-05-14,Banswara,0.0,40.7,27.9,34.3,24.04596653763443,0.07043970240077368,0,18.09526783348946,GREEN,8,Heat-only,excluded,Low,Routine monitoring,0.07043970240077368,0.0,2026-05-14T05:50,2026-05-14T19:06,05:50 AM,07:06 PM
2026-05-14,Hanumangarh,0.9,40.6,26.2,33.4,17.547721462365615,0.011994088061407622,0,11.825812032686917,GREEN,9,Heat-only,excluded,Low,Routine monitoring,0.011994088061407622,0.0,2026-05-14T05:40,2026-05-14T19:17,05:40 AM,07:17 PM
2026-05-14,Bikaner,0.1,42.3,28.0,35.15,17.758846849462376,0.0073086925788101486,0,11.7990546924089,GREEN,10,Heat-only,excluded,Low,Routine monitoring,0.0073086925788101486,0.0,2026-05-14T05:47,2026-05-14T19:18,05:47 AM,07:18 PM
2026-05-14,Nagaur,1.2,41.0,28.8,34.9,17.569425903225802,0.005828434143030925,0,11.624122032102855,GREEN,11,Heat-only,excluded,Low,Routine monitoring,0.005828434143030925,0.0,2026-05-14T05:47,2026-05-14T19:15,05:47 AM,07:15 PM
2026-05-14,Bundi,0.0,41.8,27.4,34.599999999999994,16.23982170967739,0.007226397868425064,0,10.808808036685182,GREEN,12,Heat-only,excluded,Low,Routine monitoring,0.007226397868425064,0.0,2026-05-14T05:42,2026-05-14T19:04,05:42 AM,07:04 PM
2026-05-14,Sawai Madhopur,0.0,41.0,28.0,34.5,16.153731688172048,0.006137026430679743,0,10.714721522385622,GREEN,13,Heat-only,excluded,Low,Routine monitoring,0.006137026430679743,0.0,2026-05-14T05:39,2026-05-14T19:03,05:39 AM,07:03 PM
2026-05-14,Bhilwara,0.0,40.5,28.5,34.5,15.774865161290329,0.007763263595646411,0,10.525376580686338,GREEN,14,Heat-only,excluded,Low,Routine monitoring,0.007763263595646411,0.0,2026-05-14T05:47,2026-05-14T19:08,05:47 AM,07:08 PM
2026-05-14,Churu,1.0,40.8,26.4,33.599999999999994,14.1902932688172,0.008450055140941416,0,9.51944255466413,GREEN,15,Heat-only,excluded,Low,Routine monitoring,0.008450055140941416,0.0,2026-05-14T05:40,2026-05-14T19:12,05:40 AM,07:12 PM
2026-05-14,Sikar,1.2,40.0,26.5,33.25,12.605725666666665,0.0045430131683674956,0,8.352727144226195,GREEN,16,Heat-only,excluded,Low,Routine monitoring,0.0045430131683674956,0.0,2026-05-14T05:41,2026-05-14T19:10,05:41 AM,07:10 PM
2026-05-14,Ajmer,0.0,39.3,28.0,33.65,12.38863050537634,0.007513270611483828,0,8.315574299896557,GREEN,17,Heat-only,excluded,Low,Routine monitoring,0.007513270611483828,0.0,2026-05-14T05:45,2026-05-14T19:10,05:45 AM,07:10 PM
2026-05-14,Ganganagar,2.7,40.5,26.5,33.5,12.504911129032251,0.0027837317695812735,0,8.225622845806308,GREEN,18,Heat-only,excluded,Low,Routine monitoring,0.0027837317695812735,0.0,2026-05-14T05:41,2026-05-14T19:19,05:41 AM,07:19 PM
2026-05-14,Jaipur,0.0,40.3,26.8,33.55,11.645623827956985,0.003729724728861607,0,7.700195853682197,GREEN,19,Heat-only,excluded,Low,Routine monitoring,0.003729724728861607,0.0,2026-05-14T05:39,2026-05-14T19:06,05:39 AM,07:06 PM
2026-05-14,Chittaurgarh,0.0,39.8,26.8,33.3,10.609433709677415,0.005007378412746041,0,7.071390155736432,GREEN,20,Heat-only,excluded,Low,Routine monitoring,0.005007378412746041,0.0,2026-05-14T05:47,2026-05-14T19:07,05:47 AM,07:07 PM
2026-05-14,Udaipur,0.0,38.7,25.9,32.3,10.48668997849462,0.0048645911102592745,0,6.986609174880578,GREEN,21,Heat-only,excluded,Low,Routine monitoring,0.0048645911102592745,0.0,2026-05-14T05:52,2026-05-14T19:11,05:52 AM,07:11 PM
2026-05-14,Dhaulpur,0.0,40.7,26.4,33.55,9.729058903225802,0.0024985268161541534,0,6.411336725662167,GREEN,22,Heat-only,excluded,Low,Routine monitoring,0.0024985268161541534,0.0,2026-05-14T05:31,2026-05-14T18:57,05:31 AM,06:57 PM
2026-05-14,Alwar,0.0,39.4,25.1,32.25,9.22636524731183,0.0020676711768556036,0,6.069505901942636,GREEN,23,Heat-only,excluded,Low,Routine monitoring,0.0020676711768556036,0.0,2026-05-14T05:35,2026-05-14T19:04,05:35 AM,07:04 PM
2026-05-15,Jhalawar,0.0,41.5,29.0,35.25,20.219664075268796,0.016135094810283,0,13.707509967284622,GREEN,1,Heat-only,excluded,Low,Routine monitoring,0.016135094810283,0.0,2026-05-15T05:41,2026-05-15T19:01,05:41 AM,07:01 PM
2026-05-15,Pali,0.0,39.7,29.0,34.35,20.095057623655908,0.007616861118477344,0,13.328377594523047,GREEN,2,Heat-only,excluded,Low,Routine monitoring,0.007616861118477344,0.0,2026-05-15T05:51,2026-05-15T19:15,05:51 AM,07:15 PM
2026-05-15,Kota,0.0,41.6,28.8,35.2,19.65867696774197,0.009818759116189651,0,13.121796598098921,GREEN,3,Heat-only,excluded,Low,Routine monitoring,0.009818759116189651,0.0,2026-05-15T05:41,2026-05-15T19:03,05:41 AM,07:03 PM
2026-05-15,Banswara,0.0,39.8,27.4,33.599999999999994,17.145966537634397,0.006710281411438246,0,11.379738098862697,GREEN,4,Heat-only,excluded,Low,Routine monitoring,0.006710281411438246,0.0,2026-05-15T05:50,2026-05-15T19:06,05:50 AM,07:06 PM
2026-05-15,Jodhpur,0.0,39.5,28.9,34.2,16.678669268817192,0.0038835523306063077,0,10.977059356302396,GREEN,5,Heat-only,excluded,Low,Routine monitoring,0.0038835523306063077,0.0,2026-05-15T05:51,2026-05-15T19:17,05:51 AM,07:17 PM
2026-05-15,Sirohi,0.0,38.2,28.3,33.25,16.590776763440868,0.003294407948559454,0,10.899309174436146,GREEN,6,Heat-only,excluded,Low,Routine monitoring,0.003294407948559454,0.0,2026-05-15T05:54,2026-05-15T19:15,05:54 AM,07:15 PM
2026-05-15,Sawai Madhopur,0.0,39.8,27.9,33.849999999999994,15.853731688172044,0.00782914288258811,0,10.578945598202413,GREEN,7,Heat-only,excluded,Low,Routine monitoring,0.00782914288258811,0.0,2026-05-15T05:38,2026-05-15T19:03,05:38 AM,07:03 PM
2026-05-15,Dhaulpur,0.2,40.1,28.9,34.5,15.729058903225802,0.0047689197630899184,0,10.39080047880492,GREEN,8,Heat-only,excluded,Low,Routine monitoring,0.0047689197630899184,0.0,2026-05-15T05:31,2026-05-15T18:58,05:31 AM,06:58 PM
2026-05-15,Hanumangarh,0.0,38.0,25.8,31.9,13.790140236559147,0.0022531981720024822,0,9.042453089783532,GREEN,9,Heat-only,excluded,Low,Routine monitoring,0.0022531981720024822,0.0,2026-05-15T05:39,2026-05-15T19:17,05:39 AM,07:17 PM
2026-05-15,Bundi,0.0,41.0,27.2,34.1,12.286542397849459,0.004591297259047307,0,8.146947962668804,GREEN,10,Heat-only,excluded,Low,Routine monitoring,0.004591297259047307,0.0,2026-05-15T05:42,2026-05-15T19:05,05:42 AM,07:05 PM
2026-05-15,Udaipur,0.0,36.8,26.5,31.65,12.286689978494625,0.001447740024053475,0,8.037019386863378,GREEN,11,Heat-only,excluded,Low,Routine monitoring,0.001447740024053475,0.0,2026-05-15T05:51,2026-05-15T19:11,05:51 AM,07:11 PM
2026-05-15,Barmer,0.0,38.8,26.7,32.75,11.980968096774188,0.0013141981337994445,0,7.833626197586202,GREEN,12,Heat-only,excluded,Low,Routine monitoring,0.0013141981337994445,0.0,2026-05-15T05:58,2026-05-15T19:22,05:58 AM,07:22 PM
2026-05-15,Bhilwara,0.0,40.5,26.2,33.35,10.5,0.006738537795842342,0,7.060848822854482,GREEN,13,Heat-only,excluded,Low,Routine monitoring,0.006738537795842342,0.0,2026-05-15T05:46,2026-05-15T19:09,05:46 AM,07:09 PM
2026-05-15,Ajmer,0.0,38.0,26.2,32.1,10.5,0.004457853952318262,0,6.981024888331139,GREEN,14,Heat-only,excluded,Low,Routine monitoring,0.004457853952318262,0.0,2026-05-15T05:44,2026-05-15T19:11,05:44 AM,07:11 PM
2026-05-15,Churu,0.0,38.5,25.6,32.05,10.432699290322589,0.001911005848664406,0,6.848139743412937,GREEN,15,Heat-only,excluded,Low,Routine monitoring,0.001911005848664406,0.0,2026-05-15T05:39,2026-05-15T19:12,05:39 AM,07:12 PM
2026-05-15,Jaisalmer,0.0,38.1,27.0,32.55,10.020431709677425,0.0007846666074131662,0,6.540743942549787,GREEN,16,Heat-only,excluded,Low,Routine monitoring,0.0007846666074131662,0.0,2026-05-15T05:58,2026-05-15T19:26,05:58 AM,07:26 PM
2026-05-15,Jaipur,0.3,38.8,26.5,32.65,9.245623827956983,0.0015544591059102103,0,6.0640615568788965,GREEN,17,Heat-only,excluded,Low,Routine monitoring,0.0015544591059102103,0.0,2026-05-15T05:39,2026-05-15T19:07,05:39 AM,07:07 PM
2026-05-15,Chittaurgarh,0.0,39.8,26.2,33.0,9.0,0.002583674305898923,0,5.940428600706463,GREEN,18,Heat-only,excluded,Low,Routine monitoring,0.002583674305898923,0.0,2026-05-15T05:47,2026-05-15T19:08,05:47 AM,07:08 PM
2026-05-15,Nagaur,0.0,39.0,25.8,32.4,9.0,0.0025709957763065906,0,5.939984852170731,GREEN,19,Heat-only,excluded,Low,Routine monitoring,0.0025709957763065906,0.0,2026-05-15T05:46,2026-05-15T19:15,05:46 AM,07:15 PM
2026-05-15,Alwar,0.1,38.5,25.1,31.8,7.726365247311829,0.0017942931807566468,0,5.084937672079172,GREEN,20,Heat-only,excluded,Low,Routine monitoring,0.0017942931807566468,0.0,2026-05-15T05:34,2026-05-15T19:05,05:34 AM,07:05 PM
2026-05-15,Ganganagar,0.0,36.8,25.2,31.0,7.65696792473118,0.0004607704323218231,0,4.993156116206531,GREEN,21,Heat-only,excluded,Low,Routine monitoring,0.0004607704323218231,0.0,2026-05-15T05:41,2026-05-15T19:20,05:41 AM,07:20 PM
2026-05-15,Sikar,0.0,37.7,24.0,30.85,7.5,0.0014657228354424017,0,4.926300299240484,GREEN,22,Heat-only,excluded,Low,Routine monitoring,0.0014657228354424017,0.0,2026-05-15T05:40,2026-05-15T19:10,05:40 AM,07:10 PM
2026-05-15,Bikaner,0.0,39.0,26.1,32.55,6.0,0.0005190907763410135,0,3.918168177171936,GREEN,23,Heat-only,excluded,Low,Routine monitoring,0.0005190907763410135,0.0,2026-05-15T05:46,2026-05-15T19:19,05:46 AM,07:19 PM
2026-05-16,Kota,0.0,42.5,30.4,36.45,29.858676967741957,0.1422302936659382,0,24.386200307340108,GREEN,1,Heat-only,excluded,Low,Routine monitoring,0.1422302936659382,0.0,2026-05-16T05:41,2026-05-16T19:04,05:41 AM,07:04 PM
2026-05-16,Pali,0.0,40.3,29.5,34.9,25.195057623655874,0.04644595981736396,0,18.002396048984057,GREEN,2,Heat-only,excluded,Low,Routine monitoring,0.04644595981736396,0.0,2026-05-16T05:50,2026-05-16T19:15,05:50 AM,07:15 PM
2026-05-16,Bundi,0.0,41.8,28.9,35.349999999999994,20.73982170967739,0.036144393227494756,0,14.745937874252622,GREEN,3,Heat-only,excluded,Low,Routine monitoring,0.036144393227494756,0.0,2026-05-16T05:41,2026-05-16T19:05,05:41 AM,07:05 PM
2026-05-16,Jhalawar,0.0,41.3,29.5,35.4,20.51966407526878,0.016873293832488853,0,13.928346933061816,GREEN,4,Heat-only,excluded,Low,Routine monitoring,0.016873293832488853,0.0,2026-05-16T05:41,2026-05-16T19:02,05:41 AM,07:02 PM
2026-05-16,Jodhpur,0.0,40.8,29.9,35.349999999999994,19.678669268817192,0.019522869934236485,0,13.474435472429453,GREEN,5,Heat-only,excluded,Low,Routine monitoring,0.019522869934236485,0.0,2026-05-16T05:50,2026-05-16T19:17,05:50 AM,07:17 PM
2026-05-16,Barmer,0.0,40.3,28.1,34.2,17.20957530107526,0.00961545058101949,0,11.522764716034603,GREEN,6,Heat-only,excluded,Low,Routine monitoring,0.00961545058101949,0.0,2026-05-16T05:58,2026-05-16T19:23,05:58 AM,07:23 PM
2026-05-16,Sawai Madhopur,0.0,41.0,28.0,34.5,16.153731688172048,0.02316596143821173,0,11.310734247649242,GREEN,7,Heat-only,excluded,Low,Routine monitoring,0.02316596143821173,0.0,2026-05-16T05:38,2026-05-16T19:04,05:38 AM,07:04 PM
2026-05-16,Sirohi,0.0,38.5,28.1,33.3,15.99077676344087,0.009166316999734463,0,10.714825991227272,GREEN,8,Heat-only,excluded,Low,Routine monitoring,0.009166316999734463,0.0,2026-05-16T05:53,2026-05-16T19:15,05:53 AM,07:15 PM
2026-05-16,Banswara,0.0,39.0,27.0,33.0,15.639573935483877,0.007380342911850405,0,10.424035059979284,GREEN,9,Heat-only,excluded,Low,Routine monitoring,0.007380342911850405,0.0,2026-05-16T05:49,2026-05-16T19:07,05:49 AM,07:07 PM
2026-05-16,Nagaur,0.0,40.1,27.8,33.95,14.190672892473113,0.005063081674659732,0,9.401145238720614,GREEN,10,Heat-only,excluded,Low,Routine monitoring,0.005063081674659732,0.0,2026-05-16T05:46,2026-05-16T19:16,05:46 AM,07:16 PM
2026-05-16,Ajmer,0.0,38.2,28.0,33.1,13.88863050537634,0.006814011941158437,0,9.266100246435167,GREEN,11,Heat-only,excluded,Low,Routine monitoring,0.006814011941158437,0.0,2026-05-16T05:44,2026-05-16T19:11,05:44 AM,07:11 PM
2026-05-16,Jaisalmer,0.0,40.2,28.3,34.25,13.920431709677427,0.00604903826309252,0,9.259996950498564,GREEN,12,Heat-only,excluded,Low,Routine monitoring,0.00604903826309252,0.0,2026-05-16T05:58,2026-05-16T19:27,05:58 AM,07:27 PM
2026-05-16,Jaipur,0.0,40.2,27.9,34.05,13.445623827956979,0.01061648469960416,0,9.111232452658182,GREEN,13,Heat-only,excluded,Low,Routine monitoring,0.01061648469960416,0.0,2026-05-16T05:38,2026-05-16T19:07,05:38 AM,07:07 PM
2026-05-16,Bhilwara,0.0,39.2,27.8,33.5,13.674865161290331,0.0026220981432035213,0,8.980435789850839,GREEN,14,Heat-only,excluded,Low,Routine monitoring,0.0026220981432035213,0.0,2026-05-16T05:46,2026-05-16T19:09,05:46 AM,07:09 PM
2026-05-16,Dhaulpur,0.0,40.9,27.8,34.35,12.429058903225808,0.021784166496855422,0,8.841334114486715,GREEN,15,Heat-only,excluded,Low,Routine monitoring,0.021784166496855422,0.0,2026-05-16T05:30,2026-05-16T18:59,05:30 AM,06:59 PM
2026-05-16,Bikaner,0.0,41.1,28.1,34.6,11.621728419354834,0.006604559271058762,0,7.7852830470677,GREEN,16,Heat-only,excluded,Low,Routine monitoring,0.006604559271058762,0.0,2026-05-16T05:46,2026-05-16T19:19,05:46 AM,07:19 PM
2026-05-16,Hanumangarh,0.6,39.9,25.5,32.7,11.390140236559144,0.01044609505761151,0,7.769204480779847,GREEN,17,Heat-only,excluded,Low,Routine monitoring,0.01044609505761151,0.0,2026-05-16T05:39,2026-05-16T19:18,05:39 AM,07:18 PM
2026-05-16,Sikar,0.0,38.5,26.1,32.3,11.405725666666669,0.0038888865023584073,0,7.5498327109158785,GREEN,18,Heat-only,excluded,Low,Routine monitoring,0.0038888865023584073,0.0,2026-05-16T05:39,2026-05-16T19:11,05:39 AM,07:11 PM
2026-05-16,Churu,0.0,39.3,25.8,32.55,11.032699290322586,0.006131930274708029,0,7.385872098324462,GREEN,19,Heat-only,excluded,Low,Routine monitoring,0.006131930274708029,0.0,2026-05-16T05:39,2026-05-16T19:13,05:39 AM,07:13 PM
2026-05-16,Chittaurgarh,0.0,38.7,26.7,32.7,10.30943370967741,0.003210439501689015,0,6.813497293849433,GREEN,20,Heat-only,excluded,Low,Routine monitoring,0.003210439501689015,0.0,2026-05-16T05:46,2026-05-16T19:08,05:46 AM,07:08 PM
2026-05-16,Udaipur,0.0,36.8,24.6,30.7,9.0,0.01082337974476219,0,6.228818291066677,GREEN,21,Heat-only,excluded,Low,Routine monitoring,0.01082337974476219,0.0,2026-05-16T05:51,2026-05-16T19:12,05:51 AM,07:12 PM
2026-05-16,Alwar,0.0,39.5,25.5,32.5,8.926365247311825,0.0071245650912581705,0,6.051497188946722,GREEN,22,Heat-only,excluded,Low,Routine monitoring,0.0071245650912581705,0.0,2026-05-16T05:34,2026-05-16T19:05,05:34 AM,07:05 PM
2026-05-16,Ganganagar,0.1,39.3,25.4,32.349999999999994,6.756967924731178,0.005700968618709489,0,4.591563052730098,GREEN,23,Heat-only,excluded,Low,Routine monitoring,0.005700968618709489,0.0,2026-05-16T05:40,2026-05-16T19:21,05:40 AM,07:21 PM
2026-05-17,Pali,0.0,42.4,30.0,36.2,39.29505762365588,0.8573149764999144,1,55.54781163287332,RED,1,Heat-only,excluded,High,Emergency heat-health action,0.8573149764999144,1.0,2026-05-17T05:50,2026-05-17T19:16,05:50 AM,07:16 PM
2026-05-17,Banswara,0.0,42.2,28.4,35.3,34.54596653763443,0.7489482184985904,0,48.66806589691304,ORANGE,2,Heat-only,excluded,Medium,Heat-health preparedness activation,0.7489482184985904,0.0,2026-05-17T05:49,2026-05-17T19:07,05:49 AM,07:07 PM
2026-05-17,Barmer,0.0,42.5,29.5,36.0,34.609575301075274,0.7387764248874389,0,48.35339881675929,ORANGE,3,Heat-only,excluded,Medium,Heat-health preparedness activation,0.7387764248874389,0.0,2026-05-17T05:57,2026-05-17T19:23,05:57 AM,07:23 PM
2026-05-17,Kota,0.0,43.0,30.8,36.9,34.05867696774196,0.4900186631376192,0,39.288793238848946,YELLOW,4,Heat-only,excluded,Low,Targeted surveillance + advisories,0.4900186631376192,0.0,2026-05-17T05:40,2026-05-17T19:04,05:40 AM,07:04 PM
2026-05-17,Jodhpur,0.0,42.3,31.1,36.7,31.497724924731163,0.4093387209784119,0,34.80037643531967,YELLOW,5,Heat-only,excluded,Low,Targeted surveillance + advisories,0.4093387209784119,0.0,2026-05-17T05:50,2026-05-17T19:18,05:50 AM,07:18 PM
2026-05-17,Jaisalmer,0.0,42.2,29.7,35.95,27.41244388172048,0.3930108870743607,0,31.57346957072094,GREEN,6,Heat-only,excluded,Low,Routine monitoring,0.3930108870743607,0.0,2026-05-17T05:57,2026-05-17T19:27,05:57 AM,07:27 PM
2026-05-17,Hanumangarh,0.0,41.5,28.3,34.9,27.74772146236561,0.2139188068074622,0,25.523177188798826,GREEN,7,Heat-only,excluded,Low,Routine monitoring,0.2139188068074622,0.0,2026-05-17T05:38,2026-05-17T19:19,05:38 AM,07:19 PM
2026-05-17,Jhalawar,0.0,42.3,29.9,36.1,27.719664075268774,0.19954160294814835,0,25.001737752109896,GREEN,8,Heat-only,excluded,Low,Routine monitoring,0.19954160294814835,0.0,2026-05-17T05:40,2026-05-17T19:02,05:40 AM,07:02 PM
2026-05-17,Sirohi,0.0,40.8,29.9,35.349999999999994,26.16633435483869,0.16572256994555007,0,22.808407278739402,GREEN,9,Heat-only,excluded,Low,Routine monitoring,0.16572256994555007,0.0,2026-05-17T05:53,2026-05-17T19:16,05:53 AM,07:16 PM
2026-05-17,Bikaner,0.0,42.4,29.3,35.85,22.258846849462387,0.2100443846907874,0,21.81980391632811,GREEN,10,Heat-only,excluded,Low,Routine monitoring,0.2100443846907874,0.0,2026-05-17T05:45,2026-05-17T19:20,05:45 AM,07:20 PM
2026-05-17,Jaipur,0.0,41.7,28.8,35.25,21.97950610752692,0.12073573832944239,0,18.512429811422983,GREEN,11,Heat-only,excluded,Low,Routine monitoring,0.12073573832944239,0.0,2026-05-17T05:38,2026-05-17T19:08,05:38 AM,07:08 PM
2026-05-17,Sawai Madhopur,0.0,41.8,29.2,35.5,22.88645553763441,0.07447837348513418,0,17.482939171442062,GREEN,12,Heat-only,excluded,Low,Routine monitoring,0.07447837348513418,0.0,2026-05-17T05:37,2026-05-17T19:04,05:37 AM,07:04 PM
2026-05-17,Nagaur,0.0,41.7,28.1,34.900000000000006,19.66942590322582,0.13316019823810354,0,17.44573377543041,GREEN,13,Heat-only,excluded,Low,Routine monitoring,0.13316019823810354,0.0,2026-05-17T05:45,2026-05-17T19:16,05:45 AM,07:16 PM
2026-05-17,Bundi,0.0,42.2,27.9,35.05,20.139821709677424,0.0900921772624534,0,16.244110315476195,GREEN,14,Heat-only,excluded,Low,Routine monitoring,0.0900921772624534,0.0,2026-05-17T05:41,2026-05-17T19:06,05:41 AM,07:06 PM
2026-05-17,Bhilwara,0.0,40.8,29.4,35.099999999999994,19.77234101075264,0.04913327283723176,0,14.571686206292329,GREEN,15,Heat-only,excluded,Low,Routine monitoring,0.04913327283723176,0.0,2026-05-17T05:45,2026-05-17T19:10,05:45 AM,07:10 PM
2026-05-17,Ajmer,0.0,40.2,29.2,34.7,17.48863050537634,0.05757350781941628,0,13.38268260217419,GREEN,16,Heat-only,excluded,Low,Routine monitoring,0.05757350781941628,0.0,2026-05-17T05:43,2026-05-17T19:12,05:43 AM,07:12 PM
2026-05-17,Ganganagar,0.0,41.0,27.6,34.3,17.304911129032256,0.052908726389329835,0,13.09999765749751,GREEN,17,Heat-only,excluded,Low,Routine monitoring,0.052908726389329835,0.0,2026-05-17T05:40,2026-05-17T19:21,05:40 AM,07:21 PM
2026-05-17,Churu,0.0,41.2,26.0,33.6,15.390293268817238,0.06491860559822975,0,12.275841820669246,GREEN,18,Heat-only,excluded,Low,Routine monitoring,0.06491860559822975,0.0,2026-05-17T05:38,2026-05-17T19:14,05:38 AM,07:14 PM
2026-05-17,Udaipur,0.0,38.8,28.2,33.5,17.386689978494623,0.019991678533336263,0,12.001057234688274,GREEN,19,Heat-only,excluded,Low,Routine monitoring,0.019991678533336263,0.0,2026-05-17T05:50,2026-05-17T19:12,05:50 AM,07:12 PM
2026-05-17,Dhaulpur,0.0,41.9,27.4,34.65,14.958723182795676,0.027674128694252637,0,10.691764573116032,GREEN,20,Heat-only,excluded,Low,Routine monitoring,0.027674128694252637,0.0,2026-05-17T05:30,2026-05-17T18:59,05:30 AM,06:59 PM
2026-05-17,Chittaurgarh,0.0,40.5,27.9,34.2,14.81171996774193,0.02517141701131033,0,10.508617574428117,GREEN,21,Heat-only,excluded,Low,Routine monitoring,0.02517141701131033,0.0,2026-05-17T05:46,2026-05-17T19:09,05:46 AM,07:09 PM
2026-05-17,Alwar,0.0,40.7,25.9,33.3,13.606679032258082,0.02814460253704653,0,9.829402459764383,GREEN,22,Heat-only,excluded,Low,Routine monitoring,0.02814460253704653,0.0,2026-05-17T05:33,2026-05-17T19:06,05:33 AM,07:06 PM
2026-05-17,Sikar,0.0,40.2,26.6,33.400000000000006,12.905725666666669,0.04057192985613756,0,9.80873922829815,GREEN,23,Heat-only,excluded,Low,Routine monitoring,0.04057192985613756,0.0,2026-05-17T05:39,2026-05-17T19:12,05:39 AM,07:12 PM
2026-05-18,Kota,0.0,45.0,32.7,38.85,51.75867696774197,0.9837546627738966,1,68.07455322611867,RED,1,Heat-only,excluded,High,Emergency heat-health action,0.9837546627738966,1.0,2026-05-18T05:40,2026-05-18T19:05,05:40 AM,07:05 PM
2026-05-18,Hanumangarh,0.0,44.0,27.9,35.95,41.5477214623656,0.9785642113638574,1,61.255766348272644,RED,2,Heat-only,excluded,High,Emergency heat-health action,0.9785642113638574,1.0,2026-05-18T05:38,2026-05-18T19:19,05:38 AM,07:19 PM
2026-05-18,Jhalawar,0.0,44.2,30.2,37.2,40.01966407526881,0.9043004391149463,1,57.66329701794785,RED,3,Heat-only,excluded,High,Emergency heat-health action,0.9043004391149463,1.0,2026-05-18T05:40,2026-05-18T19:03,05:40 AM,07:03 PM
2026-05-18,Banswara,0.0,42.7,29.5,36.1,40.84596653763444,0.8606554675899466,1,56.67281961511051,RED,4,Heat-only,excluded,High,Emergency heat-health action,0.8606554675899466,1.0,2026-05-18T05:49,2026-05-18T19:08,05:49 AM,07:08 PM
2026-05-18,Ganganagar,0.0,43.8,28.2,36.0,35.90491112903223,0.9387011738703217,1,56.192733319332206,RED,5,Heat-only,excluded,High,Emergency heat-health action,0.9387011738703217,1.0,2026-05-18T05:39,2026-05-18T19:22,05:39 AM,07:22 PM
2026-05-18,Bikaner,0.0,44.1,31.3,37.7,38.458846849462404,0.8808176328464259,1,55.82686760177547,RED,6,Heat-only,excluded,High,Emergency heat-health action,0.8808176328464259,1.0,2026-05-18T05:45,2026-05-18T19:20,05:45 AM,07:20 PM
2026-05-18,Pali,0.0,42.4,30.2,36.3,39.89505762365588,0.7552622865396846,0,52.36596748426528,ORANGE,7,Heat-only,excluded,Medium,Heat-health preparedness activation,0.7552622865396846,0.0,2026-05-18T05:49,2026-05-18T19:16,05:49 AM,07:16 PM
2026-05-18,Bundi,0.0,43.8,31.2,37.5,39.63982170967739,0.7232613430002953,0,51.080031116300646,ORANGE,8,Heat-only,excluded,Medium,Heat-health preparedness activation,0.7232613430002953,0.0,2026-05-18T05:40,2026-05-18T19:06,05:40 AM,07:06 PM
2026-05-18,Churu,0.0,43.5,27.0,35.25,32.19029326881722,0.8133536450284532,0,49.391068200727055,ORANGE,9,Heat-only,excluded,Medium,Heat-health preparedness activation,0.8133536450284532,0.0,2026-05-18T05:38,2026-05-18T19:14,05:38 AM,07:14 PM
2026-05-18,Bhilwara,0.0,42.5,31.6,37.05,36.572341010752666,0.6978483820153756,0,48.196715027527375,ORANGE,10,Heat-only,excluded,Medium,Heat-health preparedness activation,0.6978483820153756,0.0,2026-05-18T05:45,2026-05-18T19:10,05:45 AM,07:10 PM
2026-05-18,Sawai Madhopur,0.0,43.2,30.8,37.0,36.08645553763445,0.6787152154448322,0,47.21122864003152,ORANGE,11,Heat-only,excluded,Medium,Heat-health preparedness activation,0.6787152154448322,0.0,2026-05-18T05:37,2026-05-18T19:05,05:37 AM,07:05 PM
2026-05-18,Jaipur,0.0,42.6,30.8,36.7,33.37950610752691,0.5396988381394877,0,40.586138304774565,YELLOW,12,Heat-only,excluded,Low,Targeted surveillance + advisories,0.5396988381394877,0.0,2026-05-18T05:37,2026-05-18T19:08,05:37 AM,07:08 PM
2026-05-18,Jodhpur,0.0,42.7,30.7,36.7,32.69772492473119,0.48104977763401774,0,38.09026341826589,YELLOW,13,Heat-only,excluded,Low,Targeted surveillance + advisories,0.48104977763401774,0.0,2026-05-18T05:49,2026-05-18T19:18,05:49 AM,07:18 PM
2026-05-18,Nagaur,0.0,42.7,30.1,36.400000000000006,31.66942590322582,0.43306345808704266,0,35.74234787014328,YELLOW,14,Heat-only,excluded,Low,Targeted surveillance + advisories,0.43306345808704266,0.0,2026-05-18T05:45,2026-05-18T19:17,05:45 AM,07:17 PM
2026-05-18,Chittaurgarh,0.0,41.9,30.8,36.35,31.911719967741927,0.42509165262522247,0,35.62082582091504,YELLOW,15,Heat-only,excluded,Low,Targeted surveillance + advisories,0.42509165262522247,0.0,2026-05-18T05:45,2026-05-18T19:10,05:45 AM,07:10 PM
2026-05-18,Sikar,0.0,41.8,29.0,35.4,29.35040121505373,0.421712625525568,0,33.8377026831798,YELLOW,16,Heat-only,excluded,Low,Targeted surveillance + advisories,0.421712625525568,0.0,2026-05-18T05:38,2026-05-18T19:12,05:38 AM,07:12 PM
2026-05-18,Alwar,0.0,42.2,27.2,34.7,26.506679032258084,0.4483354643583301,0,32.92108262350931,YELLOW,17,Heat-only,excluded,Low,Targeted surveillance + advisories,0.4483354643583301,0.0,2026-05-18T05:33,2026-05-18T19:06,05:33 AM,07:06 PM
2026-05-18,Dhaulpur,0.0,43.3,28.7,36.0,27.25872318279567,0.42215099231730924,0,32.49345479992301,YELLOW,18,Heat-only,excluded,Low,Targeted surveillance + advisories,0.42215099231730924,0.0,2026-05-18T05:29,2026-05-18T19:00,05:29 AM,07:00 PM
2026-05-18,Barmer,0.0,42.0,28.8,35.4,29.509575301075277,0.299196067670913,0,29.653086314180886,GREEN,19,Heat-only,excluded,Low,Routine monitoring,0.299196067670913,0.0,2026-05-18T05:57,2026-05-18T19:24,05:57 AM,07:24 PM
2026-05-18,Sirohi,0.0,41.0,29.3,35.15,25.566334354838713,0.1712758672869412,0,22.612772685688103,GREEN,20,Heat-only,excluded,Low,Routine monitoring,0.1712758672869412,0.0,2026-05-18T05:52,2026-05-18T19:16,05:52 AM,07:16 PM
2026-05-18,Udaipur,0.0,39.5,29.0,34.25,20.12335969892472,0.08046826159276416,0,15.896572960047813,GREEN,21,Heat-only,excluded,Low,Routine monitoring,0.08046826159276416,0.0,2026-05-18T05:50,2026-05-18T19:13,05:50 AM,07:13 PM
2026-05-18,Jaisalmer,0.0,41.4,28.6,35.0,19.312443881720462,0.048018133550720564,0,14.233723197393521,GREEN,22,Heat-only,excluded,Low,Routine monitoring,0.048018133550720564,0.0,2026-05-18T05:57,2026-05-18T19:28,05:57 AM,07:28 PM
2026-05-18,Ajmer,0.0,40.7,29.5,35.1,18.38863050537634,0.04077074085831045,0,13.379585758535487,GREEN,23,Heat-only,excluded,Low,Routine monitoring,0.04077074085831045,0.0,2026-05-18T05:43,2026-05-18T19:12,05:43 AM,07:12 PM
2026-05-19,Alwar,0.0,42.3,30.8,36.55,39.406679032258054,0.6864493558420891,0,49.64006882544085,ORANGE,1,Heat-only,excluded,Medium,Heat-health preparedness activation,0.6864493558420891,0.0,2026-05-19T05:32,2026-05-19T19:07,05:32 AM,07:07 PM
2026-05-19,Kota,0.0,43.5,31.8,37.65,40.05867696774196,0.6587588207330042,0,49.094698754687414,ORANGE,2,Heat-only,excluded,Medium,Heat-health preparedness activation,0.6587588207330042,0.0,2026-05-19T05:39,2026-05-19T19:05,05:39 AM,07:05 PM
2026-05-19,Dhaulpur,0.0,43.3,30.6,36.95,34.45872318279568,0.5578643734236644,0,41.92342313864545,YELLOW,3,Heat-only,excluded,Low,Targeted surveillance + advisories,0.5578643734236644,0.0,2026-05-19T05:29,2026-05-19T19:00,05:29 AM,07:00 PM
2026-05-19,Jhalawar,0.0,43.4,30.6,37.0,36.41966407526879,0.49652194089697743,0,41.051049580318924,YELLOW,4,Heat-only,excluded,Low,Targeted surveillance + advisories,0.49652194089697743,0.0,2026-05-19T05:40,2026-05-19T19:03,05:40 AM,07:03 PM
2026-05-19,Jaipur,0.0,41.8,31.2,36.5,31.27950610752688,0.24538613713559787,0,28.920193769638395,GREEN,5,Heat-only,excluded,Low,Routine monitoring,0.24538613713559787,0.0,2026-05-19T05:37,2026-05-19T19:09,05:37 AM,07:09 PM
2026-05-19,Churu,0.0,42.2,29.5,35.85,31.89029326881724,0.2295368029350619,0,28.76247872745837,GREEN,6,Heat-only,excluded,Low,Routine monitoring,0.2295368029350619,0.0,2026-05-19T05:37,2026-05-19T19:15,05:37 AM,07:15 PM
2026-05-19,Bundi,0.0,42.5,30.1,36.3,28.539821709677415,0.22546064971920338,0,26.442006851462438,GREEN,7,Heat-only,excluded,Low,Routine monitoring,0.22546064971920338,0.0,2026-05-19T05:40,2026-05-19T19:07,05:40 AM,07:07 PM
2026-05-19,Sawai Madhopur,0.0,42.5,29.2,35.85,27.08645553763443,0.21010109753362813,0,24.959734513139363,GREEN,8,Heat-only,excluded,Low,Routine monitoring,0.21010109753362813,0.0,2026-05-19T05:36,2026-05-19T19:05,05:36 AM,07:05 PM
2026-05-19,Banswara,0.0,40.9,29.1,35.0,28.845966537634414,0.09934533772382644,0,22.226965069796293,GREEN,9,Heat-only,excluded,Low,Routine monitoring,0.09934533772382644,0.0,2026-05-19T05:48,2026-05-19T19:08,05:48 AM,07:08 PM
2026-05-19,Hanumangarh,0.0,41.6,28.2,34.9,28.047721462365615,0.09780575162133189,0,21.654220257284265,GREEN,10,Heat-only,excluded,Low,Routine monitoring,0.09780575162133189,0.0,2026-05-19T05:37,2026-05-19T19:20,05:37 AM,07:20 PM
2026-05-19,Ganganagar,0.0,41.7,28.9,35.3,26.904911129032264,0.1030692441376754,0,21.09561577868961,GREEN,11,Heat-only,excluded,Low,Routine monitoring,0.1030692441376754,0.0,2026-05-19T05:39,2026-05-19T19:23,05:39 AM,07:23 PM
2026-05-19,Pali,0.0,40.8,28.8,34.8,26.095057623655876,0.06997285525911469,0,19.410837389445334,GREEN,12,Heat-only,excluded,Low,Routine monitoring,0.06997285525911469,0.0,2026-05-19T05:49,2026-05-19T19:17,05:49 AM,07:17 PM
2026-05-19,Sikar,0.0,40.7,28.9,34.8,22.45040121505376,0.07168416187240455,0,17.101706455319103,GREEN,13,Heat-only,excluded,Low,Routine monitoring,0.07168416187240455,0.0,2026-05-19T05:38,2026-05-19T19:13,05:38 AM,07:13 PM
2026-05-19,Bikaner,0.0,42.1,29.1,35.6,21.358846849462406,0.06267491438186945,0,16.076872455515996,GREEN,14,Heat-only,excluded,Low,Routine monitoring,0.06267491438186945,0.0,2026-05-19T05:44,2026-05-19T19:21,05:44 AM,07:21 PM
2026-05-19,Bhilwara,0.0,40.9,29.1,35.0,19.472341010752658,0.03436676897054626,0,13.859858570958346,GREEN,15,Heat-only,excluded,Low,Routine monitoring,0.03436676897054626,0.0,2026-05-19T05:44,2026-05-19T19:11,05:44 AM,07:11 PM
2026-05-19,Jodhpur,0.0,40.7,28.9,34.8,16.678669268817192,0.008474439970776203,0,11.137740423708342,GREEN,16,Heat-only,excluded,Low,Routine monitoring,0.008474439970776203,0.0,2026-05-19T05:49,2026-05-19T19:19,05:49 AM,07:19 PM
2026-05-19,Sirohi,0.0,40.0,28.1,34.05,15.99077676344087,0.00947456940241602,0,10.725614825321127,GREEN,17,Heat-only,excluded,Low,Routine monitoring,0.00947456940241602,0.0,2026-05-19T05:52,2026-05-19T19:17,05:52 AM,07:17 PM
2026-05-19,Ajmer,0.0,39.0,28.5,33.75,15.38863050537634,0.010348289041874726,0,10.364799944960238,GREEN,18,Heat-only,excluded,Low,Routine monitoring,0.010348289041874726,0.0,2026-05-19T05:42,2026-05-19T19:13,05:42 AM,07:13 PM
2026-05-19,Barmer,0.0,40.8,25.2,33.0,14.528607204301068,0.021347424184989937,0,10.190754529270343,GREEN,19,Heat-only,excluded,Low,Routine monitoring,0.021347424184989937,0.0,2026-05-19T05:56,2026-05-19T19:25,05:56 AM,07:25 PM
2026-05-19,Nagaur,0.0,40.4,27.9,34.15,14.490672892473107,0.011570198337480068,0,9.823894321919322,GREEN,20,Heat-only,excluded,Low,Routine monitoring,0.011570198337480068,0.0,2026-05-19T05:44,2026-05-19T19:18,05:44 AM,07:18 PM
2026-05-19,Udaipur,0.0,37.9,26.9,32.4,13.48668997849462,0.010624879507592468,0,9.138219268787239,GREEN,21,Heat-only,excluded,Low,Routine monitoring,0.010624879507592468,0.0,2026-05-19T05:50,2026-05-19T19:13,05:50 AM,07:13 PM
2026-05-19,Chittaurgarh,0.0,40.5,27.0,33.75,12.111719967741934,0.017909736865874114,0,8.499458769337851,GREEN,22,Heat-only,excluded,Low,Routine monitoring,0.017909736865874114,0.0,2026-05-19T05:45,2026-05-19T19:10,05:45 AM,07:10 PM
2026-05-19,Jaisalmer,0.0,40.1,25.6,32.85,9.0,0.006182295589922272,0,6.06638034564728,GREEN,23,Heat-only,excluded,Low,Routine monitoring,0.006182295589922272,0.0,2026-05-19T05:56,2026-05-19T19:28,05:56 AM,07:28 PM
2026-05-20,Ganganagar,0.0,43.0,27.7,35.35,32.604911129032246,0.7338667207399454,0,46.878527459769046,ORANGE,1,Heat-only,excluded,Medium,Heat-health preparedness activation,0.7338667207399454,0.0,2026-05-20T05:38,2026-05-20T19:23,05:38 AM,07:23 PM
2026-05-20,Hanumangarh,0.0,42.6,28.4,35.5,34.64772146236561,0.689329022491306,0,46.64753473773336,ORANGE,2,Heat-only,excluded,Medium,Heat-health preparedness activation,0.689329022491306,0.0,2026-05-20T05:37,2026-05-20T19:20,05:37 AM,07:20 PM
2026-05-20,Churu,0.0,42.1,28.6,35.35,28.590293268817234,0.35077775731573996,0,30.8609121307821,GREEN,3,Heat-only,excluded,Low,Routine monitoring,0.35077775731573996,0.0,2026-05-20T05:37,2026-05-20T19:15,05:37 AM,07:15 PM
2026-05-20,Kota,0.0,42.6,31.6,37.1,34.058676967741974,0.20413607082675525,0,29.282902507968714,GREEN,4,Heat-only,excluded,Low,Routine monitoring,0.20413607082675525,0.0,2026-05-20T05:39,2026-05-20T19:06,05:39 AM,07:06 PM
2026-05-20,Dhaulpur,0.0,42.5,29.9,36.2,29.058723182795685,0.25261772680227035,0,27.729790506896656,GREEN,5,Heat-only,excluded,Low,Routine monitoring,0.25261772680227035,0.0,2026-05-20T05:28,2026-05-20T19:01,05:28 AM,07:01 PM
2026-05-20,Alwar,0.0,41.1,28.6,34.85,27.106679032258082,0.2355205388791582,0,25.86256023173829,GREEN,6,Heat-only,excluded,Low,Routine monitoring,0.2355205388791582,0.0,2026-05-20T05:32,2026-05-20T19:07,05:32 AM,07:07 PM
2026-05-20,Bikaner,0.0,42.3,31.0,36.65,29.758846849462376,0.11686604520089906,0,23.433562034182014,GREEN,7,Heat-only,excluded,Low,Routine monitoring,0.11686604520089906,0.0,2026-05-20T05:44,2026-05-20T19:21,05:44 AM,07:21 PM
2026-05-20,Jhalawar,0.0,41.8,30.2,36.0,25.619664075268776,0.046678738254051035,0,18.286537487816492,GREEN,8,Heat-only,excluded,Low,Routine monitoring,0.046678738254051035,0.0,2026-05-20T05:39,2026-05-20T19:04,05:39 AM,07:04 PM
2026-05-20,Pali,0.0,40.2,29.9,35.05,25.795057623655904,0.03618301267877021,0,18.033192899133297,GREEN,9,Heat-only,excluded,Low,Routine monitoring,0.03618301267877021,0.0,2026-05-20T05:48,2026-05-20T19:17,05:48 AM,07:17 PM
2026-05-20,Barmer,0.0,41.8,27.0,34.4,22.909575301075257,0.06680092307055663,0,17.2292562531684,GREEN,10,Heat-only,excluded,Low,Routine monitoring,0.06680092307055663,0.0,2026-05-20T05:56,2026-05-20T19:25,05:56 AM,07:25 PM
2026-05-20,Jaipur,0.0,40.3,30.9,35.599999999999994,23.94562382795698,0.031059240089542525,0,16.651728891306025,GREEN,11,Heat-only,excluded,Low,Routine monitoring,0.031059240089542525,0.0,2026-05-20T05:36,2026-05-20T19:09,05:36 AM,07:09 PM
2026-05-20,Nagaur,0.0,40.3,30.0,35.15,20.79067289247311,0.01558453161614706,0,14.05939598667267,GREEN,12,Heat-only,excluded,Low,Routine monitoring,0.01558453161614706,0.0,2026-05-20T05:44,2026-05-20T19:18,05:44 AM,07:18 PM
2026-05-20,Sikar,0.0,40.0,28.5,34.25,20.105725666666665,0.026322744977246744,0,13.990017757536968,GREEN,13,Heat-only,excluded,Low,Routine monitoring,0.026322744977246744,0.0,2026-05-20T05:37,2026-05-20T19:13,05:37 AM,07:13 PM
2026-05-20,Sawai Madhopur,0.0,41.2,29.4,35.3,20.353731688172044,0.01265396481744519,0,13.67281436592241,GREEN,14,Heat-only,excluded,Low,Routine monitoring,0.01265396481744519,0.0,2026-05-20T05:36,2026-05-20T19:06,05:36 AM,07:06 PM
2026-05-20,Jaisalmer,0.0,41.7,27.8,34.75,18.712443881720485,0.04064170182691892,0,13.585548087060479,GREEN,15,Heat-only,excluded,Low,Routine monitoring,0.04064170182691892,0.0,2026-05-20T05:56,2026-05-20T19:29,05:56 AM,07:29 PM
2026-05-20,Jodhpur,0.0,40.0,30.0,35.0,19.978669268817196,0.011577769017319868,0,13.391356940337374,GREEN,16,Heat-only,excluded,Low,Routine monitoring,0.011577769017319868,0.0,2026-05-20T05:49,2026-05-20T19:19,05:49 AM,07:19 PM
2026-05-20,Banswara,0.0,40.2,27.2,33.7,18.945966537634433,0.02453093417068634,0,13.173460945436403,GREEN,17,Heat-only,excluded,Low,Routine monitoring,0.02453093417068634,0.0,2026-05-20T05:48,2026-05-20T19:09,05:48 AM,07:09 PM
2026-05-20,Bundi,0.0,41.3,29.1,35.2,18.3398217096774,0.011782997893367068,0,12.333289037558156,GREEN,18,Heat-only,excluded,Low,Routine monitoring,0.011782997893367068,0.0,2026-05-20T05:40,2026-05-20T19:07,05:40 AM,07:07 PM
2026-05-20,Sirohi,0.0,39.8,28.4,34.099999999999994,16.89077676344086,0.011120190022737413,0,11.36821154703237,GREEN,19,Heat-only,excluded,Low,Routine monitoring,0.011120190022737413,0.0,2026-05-20T05:52,2026-05-20T19:17,05:52 AM,07:17 PM
2026-05-20,Bhilwara,0.0,39.5,28.7,34.1,16.374865161290327,0.005435328479875269,0,10.833898851634347,GREEN,20,Heat-only,excluded,Low,Routine monitoring,0.005435328479875269,0.0,2026-05-20T05:44,2026-05-20T19:11,05:44 AM,07:11 PM
2026-05-20,Chittaurgarh,0.0,39.7,28.0,33.85,15.709433709677413,0.004204774425282846,0,10.358299016175218,GREEN,21,Heat-only,excluded,Low,Routine monitoring,0.004204774425282846,0.0,2026-05-20T05:45,2026-05-20T19:11,05:45 AM,07:11 PM
2026-05-20,Ajmer,0.0,37.8,28.2,33.0,14.488630505376339,0.00810646215585006,0,9.701336003949374,GREEN,22,Heat-only,excluded,Low,Routine monitoring,0.00810646215585006,0.0,2026-05-20T05:42,2026-05-20T19:13,05:42 AM,07:13 PM
2026-05-20,Udaipur,0.0,37.1,25.5,31.3,10.786689978494625,0.004945111668434179,0,7.184427394416703,GREEN,23,Heat-only,excluded,Low,Routine monitoring,0.004945111668434179,0.0,2026-05-20T05:49,2026-05-20T19:14,05:49 AM,07:14 PM
2026-05-21,Hanumangarh,0.0,42.3,30.4,36.35,40.347721462365584,0.6899383393780114,0,50.37386082876803,ORANGE,1,Heat-only,excluded,Medium,Heat-health preparedness activation,0.6899383393780114,0.0,2026-05-21T05:36,2026-05-21T19:21,05:36 AM,07:21 PM
2026-05-21,Alwar,0.0,41.7,30.8,36.25,37.30667903225809,0.4330543191394955,0,39.4062425408501,YELLOW,2,Heat-only,excluded,Low,Targeted surveillance + advisories,0.4330543191394955,0.0,2026-05-21T05:31,2026-05-21T19:08,05:31 AM,07:08 PM
2026-05-21,Ganganagar,0.0,42.3,30.1,36.2,37.10491112903224,0.4276230389455218,0,39.08499859696422,YELLOW,3,Heat-only,excluded,Low,Targeted surveillance + advisories,0.4276230389455218,0.0,2026-05-21T05:38,2026-05-21T19:24,05:38 AM,07:24 PM
2026-05-21,Churu,0.0,41.9,31.9,36.9,38.79029326881721,0.37502256158935576,0,38.339480280358636,GREEN,4,Heat-only,excluded,Low,Routine monitoring,0.37502256158935576,0.0,2026-05-21T05:36,2026-05-21T19:16,05:36 AM,07:16 PM
2026-05-21,Kota,0.0,42.0,32.2,37.1,32.25867696774197,0.15268982808204992,0,26.312284011904026,GREEN,5,Heat-only,excluded,Low,Routine monitoring,0.15268982808204992,0.0,2026-05-21T05:39,2026-05-21T19:06,05:39 AM,07:06 PM
2026-05-21,Dhaulpur,0.0,42.3,30.5,36.4,29.658723182795672,0.1795872626263241,0,25.563724260738528,GREEN,6,Heat-only,excluded,Low,Routine monitoring,0.1795872626263241,0.0,2026-05-21T05:28,2026-05-21T19:01,05:28 AM,07:01 PM
2026-05-21,Bikaner,0.0,41.5,30.9,36.2,26.15884684946239,0.09299860064187278,0,20.2582014746161,GREEN,7,Heat-only,excluded,Low,Routine monitoring,0.09299860064187278,0.0,2026-05-21T05:43,2026-05-21T19:22,05:43 AM,07:22 PM
2026-05-21,Jaipur,0.0,40.8,31.5,36.15,26.179506107526883,0.08455990957507449,0,19.97627580502008,GREEN,8,Heat-only,excluded,Low,Routine monitoring,0.08455990957507449,0.0,2026-05-21T05:36,2026-05-21T19:10,05:36 AM,07:10 PM
2026-05-21,Pali,0.0,40.4,28.9,34.65,23.995057623655878,0.11488912367613086,0,19.6179067840409,GREEN,9,Heat-only,excluded,Low,Routine monitoring,0.11488912367613086,0.0,2026-05-21T05:48,2026-05-21T19:18,05:48 AM,07:18 PM
2026-05-21,Sawai Madhopur,0.0,41.5,30.8,36.15,25.886455537634433,0.07706079617491261,0,19.523323965584325,GREEN,10,Heat-only,excluded,Low,Routine monitoring,0.07706079617491261,0.0,2026-05-21T05:35,2026-05-21T19:06,05:35 AM,07:06 PM
2026-05-21,Sikar,0.0,39.7,30.0,34.85,26.105725666666665,0.05648529039752253,0,18.94570684724662,GREEN,11,Heat-only,excluded,Low,Routine monitoring,0.05648529039752253,0.0,2026-05-21T05:37,2026-05-21T19:14,05:37 AM,07:14 PM
2026-05-21,Jhalawar,0.0,41.2,30.6,35.900000000000006,23.219664075268817,0.028855287269359632,0,16.102716703352318,GREEN,12,Heat-only,excluded,Low,Routine monitoring,0.028855287269359632,0.0,2026-05-21T05:39,2026-05-21T19:04,05:39 AM,07:04 PM
2026-05-21,Nagaur,0.0,40.5,29.4,34.95,20.490672892473107,0.06983630619739999,0,15.76320809701652,GREEN,13,Heat-only,excluded,Low,Routine monitoring,0.06983630619739999,0.0,2026-05-21T05:43,2026-05-21T19:19,05:43 AM,07:19 PM
2026-05-21,Bundi,0.0,41.5,29.9,35.7,21.939821709677407,0.03670353375613012,0,15.545507792754869,GREEN,14,Heat-only,excluded,Low,Routine monitoring,0.03670353375613012,0.0,2026-05-21T05:39,2026-05-21T19:08,05:39 AM,07:08 PM
2026-05-21,Barmer,0.0,41.1,26.6,33.85,17.509575301075287,0.044156643674149176,0,12.926706474294157,GREEN,15,Heat-only,excluded,Low,Routine monitoring,0.044156643674149176,0.0,2026-05-21T05:56,2026-05-21T19:26,05:56 AM,07:26 PM
2026-05-21,Jodhpur,0.0,40.5,29.0,34.75,16.978669268817196,0.03741890554805849,0,12.345796718913226,GREEN,16,Heat-only,excluded,Low,Routine monitoring,0.03741890554805849,0.0,2026-05-21T05:48,2026-05-21T19:20,05:48 AM,07:20 PM
2026-05-21,Banswara,0.0,39.8,27.7,33.75,18.0459665376344,0.01234243894558284,0,12.16186361255776,GREEN,17,Heat-only,excluded,Low,Routine monitoring,0.01234243894558284,0.0,2026-05-21T05:47,2026-05-21T19:09,05:47 AM,07:09 PM
2026-05-21,Bhilwara,0.0,39.5,29.0,34.25,17.27486516129033,0.017928650121688885,0,11.856165109097827,GREEN,18,Heat-only,excluded,Low,Routine monitoring,0.017928650121688885,0.0,2026-05-21T05:43,2026-05-21T19:12,05:43 AM,07:12 PM
2026-05-21,Ajmer,0.0,38.2,28.6,33.400000000000006,15.688630505376345,0.02345504392936074,0,11.01853636602225,GREEN,19,Heat-only,excluded,Low,Routine monitoring,0.02345504392936074,0.0,2026-05-21T05:41,2026-05-21T19:14,05:41 AM,07:14 PM
2026-05-21,Chittaurgarh,0.0,39.5,27.6,33.55,14.509433709677417,0.016711676288894545,0,10.016040581401631,GREEN,20,Heat-only,excluded,Low,Routine monitoring,0.016711676288894545,0.0,2026-05-21T05:44,2026-05-21T19:11,05:44 AM,07:11 PM
2026-05-21,Sirohi,0.0,39.6,27.0,33.3,12.690776763440866,0.01261494603261995,0,8.690528007378262,GREEN,21,Heat-only,excluded,Low,Routine monitoring,0.01261494603261995,0.0,2026-05-21T05:51,2026-05-21T19:18,05:51 AM,07:18 PM
2026-05-21,Jaisalmer,0.0,39.8,26.9,33.349999999999994,11.22043170967742,0.007735931993263159,0,7.564038231054534,GREEN,22,Heat-only,excluded,Low,Routine monitoring,0.007735931993263159,0.0,2026-05-21T05:55,2026-05-21T19:29,05:55 AM,07:29 PM
2026-05-21,Udaipur,0.0,37.2,24.1,30.65,10.5,0.015914368117419562,0,7.382002884109685,GREEN,23,Heat-only,excluded,Low,Routine monitoring,0.015914368117419562,0.0,2026-05-21T05:49,2026-05-21T19:14,05:49 AM,07:14 PM
2026-05-22,Alwar,0.0,41.0,30.5,35.75,33.706679032258066,0.37337388114338127,0,34.977427210986086,GREEN,1,Heat-only,excluded,Low,Routine monitoring,0.37337388114338127,0.0,2026-05-22T05:31,2026-05-22T19:09,05:31 AM,07:09 PM
2026-05-22,Dhaulpur,0.0,42.5,30.5,36.5,32.358723182795686,0.3951293373878573,0,34.8626968773922,GREEN,2,Heat-only,excluded,Low,Routine monitoring,0.3951293373878573,0.0,2026-05-22T05:28,2026-05-22T19:02,05:28 AM,07:02 PM
2026-05-22,Kota,0.0,42.4,30.5,36.45,29.558676967741953,0.32757338370446976,0,30.67820845868871,GREEN,3,Heat-only,excluded,Low,Routine monitoring,0.32757338370446976,0.0,2026-05-22T05:38,2026-05-22T19:07,05:38 AM,07:07 PM
2026-05-22,Hanumangarh,0.0,40.8,29.4,35.099999999999994,28.347721462365588,0.15229124636390248,0,23.75621257327422,GREEN,4,Heat-only,excluded,Low,Routine monitoring,0.15229124636390248,0.0,2026-05-22T05:36,2026-05-22T19:22,05:36 AM,07:22 PM
2026-05-22,Banswara,0.0,40.6,28.5,34.55,25.245966537634427,0.14746494161562207,0,21.571151206009148,GREEN,5,Heat-only,excluded,Low,Routine monitoring,0.14746494161562207,0.0,2026-05-22T05:47,2026-05-22T19:10,05:47 AM,07:10 PM
2026-05-22,Bikaner,0.0,41.7,30.5,36.1,26.15884684946241,0.11975660591530113,0,21.194731659186107,GREEN,6,Heat-only,excluded,Low,Routine monitoring,0.11975660591530113,0.0,2026-05-22T05:43,2026-05-22T19:23,05:43 AM,07:23 PM
2026-05-22,Churu,0.0,40.7,29.5,35.1,24.39029326881724,0.11050092411029135,0,19.721222968591402,GREEN,7,Heat-only,excluded,Low,Routine monitoring,0.11050092411029135,0.0,2026-05-22T05:36,2026-05-22T19:16,05:36 AM,07:16 PM
2026-05-22,Jaipur,0.0,40.3,31.0,35.65,25.745623827956983,0.08162220429706653,0,19.591432638569366,GREEN,8,Heat-only,excluded,Low,Routine monitoring,0.08162220429706653,0.0,2026-05-22T05:35,2026-05-22T19:10,05:35 AM,07:10 PM
2026-05-22,Sikar,0.0,39.5,29.3,34.4,24.005725666666667,0.09644555825612865,0,18.979316222297836,GREEN,9,Heat-only,excluded,Low,Routine monitoring,0.09644555825612865,0.0,2026-05-22T05:37,2026-05-22T19:14,05:37 AM,07:14 PM
2026-05-22,Pali,0.0,40.5,28.7,34.6,23.99505762365589,0.08411351934355732,0,18.540760632400833,GREEN,10,Heat-only,excluded,Low,Routine monitoring,0.08411351934355732,0.0,2026-05-22T05:47,2026-05-22T19:18,05:47 AM,07:18 PM
2026-05-22,Sawai Madhopur,0.0,41.5,29.8,35.65,22.886455537634433,0.09691570786436732,0,18.268245874715237,GREEN,11,Heat-only,excluded,Low,Routine monitoring,0.09691570786436732,0.0,2026-05-22T05:35,2026-05-22T19:07,05:35 AM,07:07 PM
2026-05-22,Ganganagar,0.0,40.5,29.6,35.05,24.804911129032256,0.06029704519789229,0,18.233588815797198,GREEN,12,Heat-only,excluded,Low,Routine monitoring,0.06029704519789229,0.0,2026-05-22T05:37,2026-05-22T19:24,05:37 AM,07:24 PM
2026-05-22,Nagaur,0.0,40.4,30.0,35.2,22.29067289247311,0.04455131570394844,0,16.048233429745718,GREEN,13,Heat-only,excluded,Low,Routine monitoring,0.04455131570394844,0.0,2026-05-22T05:43,2026-05-22T19:19,05:43 AM,07:19 PM
2026-05-22,Bundi,0.0,41.8,28.6,35.2,19.8398217096774,0.0797132211158625,0,15.685846850345497,GREEN,14,Heat-only,excluded,Low,Routine monitoring,0.0797132211158625,0.0,2026-05-22T05:39,2026-05-22T19:08,05:39 AM,07:08 PM
2026-05-22,Jhalawar,0.0,41.3,29.2,35.25,19.619664075268776,0.04734433828774812,0,14.409833488995888,GREEN,15,Heat-only,excluded,Low,Routine monitoring,0.04734433828774812,0.0,2026-05-22T05:38,2026-05-22T19:05,05:38 AM,07:05 PM
2026-05-22,Jodhpur,0.0,40.4,29.1,34.75,17.2786692688172,0.020503263744935496,0,11.948749255803923,GREEN,16,Heat-only,excluded,Low,Routine monitoring,0.020503263744935496,0.0,2026-05-22T05:48,2026-05-22T19:20,05:48 AM,07:20 PM
2026-05-22,Barmer,0.0,41.0,26.1,33.55,15.728607204301085,0.02837671399018656,0,11.216779672452233,GREEN,17,Heat-only,excluded,Low,Routine monitoring,0.02837671399018656,0.0,2026-05-22T05:55,2026-05-22T19:26,05:55 AM,07:26 PM
2026-05-22,Bhilwara,0.0,40.1,28.4,34.25,15.474865161290325,0.02841544788043669,0,11.053203030653995,GREEN,18,Heat-only,excluded,Low,Routine monitoring,0.02841544788043669,0.0,2026-05-22T05:43,2026-05-22T19:12,05:43 AM,07:12 PM
2026-05-22,Sirohi,0.0,40.0,28.1,34.05,15.99077676344087,0.013849512223240464,0,10.878737824049983,GREEN,19,Heat-only,excluded,Low,Routine monitoring,0.013849512223240464,0.0,2026-05-22T05:51,2026-05-22T19:18,05:51 AM,07:18 PM
2026-05-22,Ajmer,0.0,38.3,28.4,33.349999999999994,15.088630505376337,0.02867413110671369,0,10.811204417229598,GREEN,20,Heat-only,excluded,Low,Routine monitoring,0.02867413110671369,0.0,2026-05-22T05:41,2026-05-22T19:14,05:41 AM,07:14 PM
2026-05-22,Chittaurgarh,0.0,40.2,26.9,33.55,12.409433709677408,0.01689449252739974,0,8.657439149749308,GREEN,21,Heat-only,excluded,Low,Routine monitoring,0.01689449252739974,0.0,2026-05-22T05:44,2026-05-22T19:11,05:44 AM,07:11 PM
2026-05-22,Jaisalmer,0.0,40.4,27.0,33.7,11.520431709677425,0.009831663939707427,0,7.832388849180086,GREEN,22,Heat-only,excluded,Low,Routine monitoring,0.009831663939707427,0.0,2026-05-22T05:55,2026-05-22T19:30,05:55 AM,07:30 PM
2026-05-22,Udaipur,0.0,38.0,25.3,31.65,10.5,0.010569039593206757,0,7.1949163857622365,GREEN,23,Heat-only,excluded,Low,Routine monitoring,0.010569039593206757,0.0,2026-05-22T05:48,2026-05-22T19:15,05:48 AM,07:15 PM
2026-05-23,Bikaner,0.0,42.7,31.8,37.25,36.05884684946241,0.5719829399935371,0,43.457653351924364,YELLOW,1,Heat-only,excluded,Low,Targeted surveillance + advisories,0.5719829399935371,0.0,2026-05-23T05:43,2026-05-23T19:23,05:43 AM,07:23 PM
2026-05-23,Pali,0.0,41.1,30.4,35.75,32.6950576236559,0.3502811685313552,0,33.51162835397376,GREEN,2,Heat-only,excluded,Low,Routine monitoring,0.3502811685313552,0.0,2026-05-23T05:47,2026-05-23T19:19,05:47 AM,07:19 PM
2026-05-23,Jaisalmer,0.0,42.5,27.2,34.85,23.212443881720464,0.36347097015288543,0,27.809572478469292,GREEN,3,Heat-only,excluded,Low,Routine monitoring,0.36347097015288543,0.0,2026-05-23T05:54,2026-05-23T19:30,05:54 AM,07:30 PM
2026-05-23,Barmer,0.0,42.2,27.3,34.75,26.209575301075294,0.3042858260121824,0,27.686227856125328,GREEN,4,Heat-only,excluded,Low,Routine monitoring,0.3042858260121824,0.0,2026-05-23T05:55,2026-05-23T19:27,05:55 AM,07:27 PM
2026-05-23,Kota,0.0,42.3,31.4,36.85,31.65867696774194,0.19787776923119607,0,27.503861952124126,GREEN,5,Heat-only,excluded,Low,Routine monitoring,0.19787776923119607,0.0,2026-05-23T05:38,2026-05-23T19:07,05:38 AM,07:07 PM
2026-05-23,Nagaur,0.0,41.7,30.0,35.85,26.869425903225817,0.2846221065669982,0,27.42690056694172,GREEN,6,Heat-only,excluded,Low,Routine monitoring,0.2846221065669982,0.0,2026-05-23T05:43,2026-05-23T19:20,05:43 AM,07:20 PM
2026-05-23,Dhaulpur,0.0,42.2,30.2,36.2,29.658723182795704,0.2308617388021866,0,27.358330926893736,GREEN,7,Heat-only,excluded,Low,Routine monitoring,0.2308617388021866,0.0,2026-05-23T05:27,2026-05-23T19:02,05:27 AM,07:02 PM
2026-05-23,Jodhpur,0.0,41.5,30.2,35.85,23.997724924731173,0.12500821942399964,0,19.97380888091525,GREEN,8,Heat-only,excluded,Low,Routine monitoring,0.12500821942399964,0.0,2026-05-23T05:47,2026-05-23T19:21,05:47 AM,07:21 PM
2026-05-23,Jaipur,0.0,40.8,30.7,35.75,25.27950610752688,0.09649689575538749,0,19.809070321331035,GREEN,9,Heat-only,excluded,Low,Routine monitoring,0.09649689575538749,0.0,2026-05-23T05:35,2026-05-23T19:11,05:35 AM,07:11 PM
2026-05-23,Bundi,0.0,41.9,30.4,36.15,25.8398217096774,0.08068914432980304,0,19.620004162833414,GREEN,10,Heat-only,excluded,Low,Routine monitoring,0.08068914432980304,0.0,2026-05-23T05:38,2026-05-23T19:09,05:38 AM,07:09 PM
2026-05-23,Alwar,0.0,40.5,28.2,34.35,23.806679032258067,0.08866276159565993,0,18.57753802681584,GREEN,11,Heat-only,excluded,Low,Routine monitoring,0.08866276159565993,0.0,2026-05-23T05:31,2026-05-23T19:09,05:31 AM,07:09 PM
2026-05-23,Churu,0.0,41.0,28.4,34.7,22.890293268817217,0.06774147169009599,0,17.249642133884553,GREEN,12,Heat-only,excluded,Low,Routine monitoring,0.06774147169009599,0.0,2026-05-23T05:35,2026-05-23T19:17,05:35 AM,07:17 PM
2026-05-23,Sikar,0.0,39.6,28.8,34.2,22.505725666666667,0.06532416924632363,0,16.91506760695466,GREEN,13,Heat-only,excluded,Low,Routine monitoring,0.06532416924632363,0.0,2026-05-23T05:36,2026-05-23T19:15,05:36 AM,07:15 PM
2026-05-23,Hanumangarh,0.3,41.1,26.1,33.6,20.24772146236562,0.10068533119019313,0,16.685005542194414,GREEN,14,Heat-only,excluded,Low,Routine monitoring,0.10068533119019313,0.0,2026-05-23T05:35,2026-05-23T19:22,05:35 AM,07:22 PM
2026-05-23,Sawai Madhopur,0.0,41.2,29.9,35.55,21.853731688172044,0.037844830296428475,0,15.529494657686826,GREEN,15,Heat-only,excluded,Low,Routine monitoring,0.037844830296428475,0.0,2026-05-23T05:35,2026-05-23T19:07,05:35 AM,07:07 PM
2026-05-23,Jhalawar,0.0,41.0,30.1,35.55,21.578384440860226,0.028182178256754068,0,15.012326125545538,GREEN,16,Heat-only,excluded,Low,Routine monitoring,0.028182178256754068,0.0,2026-05-23T05:38,2026-05-23T19:05,05:38 AM,07:05 PM
2026-05-23,Banswara,0.0,39.8,28.5,34.15,20.4459665376344,0.032779589496073555,0,14.437163881824937,GREEN,17,Heat-only,excluded,Low,Routine monitoring,0.032779589496073555,0.0,2026-05-23T05:47,2026-05-23T19:10,05:47 AM,07:10 PM
2026-05-23,Sirohi,0.0,40.0,29.1,34.55,18.99077676344087,0.0309748544147217,0,13.428124800751824,GREEN,18,Heat-only,excluded,Low,Routine monitoring,0.0309748544147217,0.0,2026-05-23T05:51,2026-05-23T19:19,05:51 AM,07:19 PM
2026-05-23,Bhilwara,0.0,40.3,29.4,34.849999999999994,18.474865161290325,0.026103528112027603,0,12.922285838759677,GREEN,19,Heat-only,excluded,Low,Routine monitoring,0.026103528112027603,0.0,2026-05-23T05:43,2026-05-23T19:13,05:43 AM,07:13 PM
2026-05-23,Ajmer,0.0,38.7,29.1,33.900000000000006,17.188630505376345,0.03464282508371564,0,12.385108706424672,GREEN,20,Heat-only,excluded,Low,Routine monitoring,0.03464282508371564,0.0,2026-05-23T05:40,2026-05-23T19:15,05:40 AM,07:15 PM
2026-05-23,Chittaurgarh,0.0,40.4,28.3,34.35,16.911719967741927,0.020021928555075383,0,11.693385478459891,GREEN,21,Heat-only,excluded,Low,Routine monitoring,0.020021928555075383,0.0,2026-05-23T05:44,2026-05-23T19:12,05:44 AM,07:12 PM
2026-05-23,Udaipur,0.0,38.0,26.3,32.15,13.186689978494627,0.01874763967020959,0,9.227515874478843,GREEN,22,Heat-only,excluded,Low,Routine monitoring,0.01874763967020959,0.0,2026-05-23T05:48,2026-05-23T19:15,05:48 AM,07:15 PM
2026-05-23,Ganganagar,0.8,40.6,25.2,32.9,12.204911129032258,0.024938770464309895,0,8.806049200121814,GREEN,23,Heat-only,excluded,Low,Routine monitoring,0.024938770464309895,0.0,2026-05-23T05:37,2026-05-23T19:25,05:37 AM,07:25 PM
